prob_pred,frac,ymax,metric_name,metric_value,model_name,m,q025,q975,ci_low,ci_high
0.0,0.67,0.2,prob_true,0.00012673815715721147,fit-age-sex-bloods,0,0.0,0.0015462515662605458,0.0,0.0015462515662605458
0.002,0.67,0.2,prob_true,0.0013089513572935967,fit-age-sex-bloods,0,0.00027280368374010485,0.002603724937242545,0.00027280368374010485,0.002603724937242545
0.004,0.67,0.2,prob_true,0.0020587474437171465,fit-age-sex-bloods,0,0.0006457748951150593,0.0037906310193241166,0.0006457748951150593,0.0037906310193241166
0.006,0.67,0.2,prob_true,0.005299054108283625,fit-age-sex-bloods,0,0.001886589997313282,0.009039118972302264,0.001886589997313282,0.009039118972302264
0.008,0.67,0.2,prob_true,0.007638046871800275,fit-age-sex-bloods,0,0.0035298378913956705,0.012484434483368539,0.0035298378913956705,0.012484434483368539
0.01,0.67,0.2,prob_true,0.012036114478421352,fit-age-sex-bloods,0,0.006475806091831954,0.01887168336798121,0.006475806091831954,0.01887168336798121
0.012,0.67,0.2,prob_true,0.01469353193265067,fit-age-sex-bloods,0,0.007489140876270018,0.02197596540308373,0.007489140876270018,0.02197596540308373
0.014,0.67,0.2,prob_true,0.015422575702881183,fit-age-sex-bloods,0,0.007737278196483715,0.02362618689969355,0.007737278196483715,0.02362618689969355
0.016,0.67,0.2,prob_true,0.018759680777915407,fit-age-sex-bloods,0,0.010776952147807725,0.030189964685393447,0.010776952147807725,0.030189964685393447
0.018,0.67,0.2,prob_true,0.022368856719900264,fit-age-sex-bloods,0,0.012469757351833583,0.035203997095480125,0.012469757351833583,0.035203997095480125
0.02,0.67,0.2,prob_true,0.025313844785855213,fit-age-sex-bloods,0,0.01383626077360706,0.04064401380236867,0.01383626077360706,0.04064401380236867
0.022,0.67,0.2,prob_true,0.02666863496402782,fit-age-sex-bloods,0,0.014968081488084624,0.04110602295047018,0.014968081488084624,0.04110602295047018
0.024,0.67,0.2,prob_true,0.027843891630074388,fit-age-sex-bloods,0,0.016209512811336025,0.04277091139603572,0.016209512811336025,0.04277091139603572
0.026,0.67,0.2,prob_true,0.029684996763714652,fit-age-sex-bloods,0,0.017942115921296263,0.045188112726341476,0.017942115921296263,0.045188112726341476
0.028,0.67,0.2,prob_true,0.031012050824767465,fit-age-sex-bloods,0,0.019367681058004755,0.0472150782182719,0.019367681058004755,0.0472150782182719
0.03,0.67,0.2,prob_true,0.032444792797169775,fit-age-sex-bloods,0,0.02200937960806718,0.048812024959645574,0.02200937960806718,0.048812024959645574
0.032,0.67,0.2,prob_true,0.035183047116717436,fit-age-sex-bloods,0,0.024872052049051487,0.05142201660948852,0.024872052049051487,0.05142201660948852
0.034,0.67,0.2,prob_true,0.039212222211215515,fit-age-sex-bloods,0,0.027131003987622013,0.05643746893279942,0.027131003987622013,0.05643746893279942
0.036,0.67,0.2,prob_true,0.04319486128904835,fit-age-sex-bloods,0,0.029983113240230144,0.06104091728005705,0.029983113240230144,0.06104091728005705
0.038,0.67,0.2,prob_true,0.046721655966657866,fit-age-sex-bloods,0,0.032161047765526384,0.06533637314723632,0.032161047765526384,0.06533637314723632
0.04,0.67,0.2,prob_true,0.049629235798455205,fit-age-sex-bloods,0,0.03406405858824976,0.06865707931126727,0.03406405858824976,0.06865707931126727
0.042,0.67,0.2,prob_true,0.051857513184326645,fit-age-sex-bloods,0,0.03571826841244846,0.0721110463318611,0.03571826841244846,0.0721110463318611
0.044,0.67,0.2,prob_true,0.05360380794521558,fit-age-sex-bloods,0,0.037130561941593566,0.07431749137214776,0.037130561941593566,0.07431749137214776
0.046,0.67,0.2,prob_true,0.054872882849086514,fit-age-sex-bloods,0,0.03797575561002767,0.07596388560206634,0.03797575561002767,0.07596388560206634
0.048,0.67,0.2,prob_true,0.05610514477899564,fit-age-sex-bloods,0,0.038346541864890255,0.07706707811930781,0.038346541864890255,0.07706707811930781
0.051,0.67,0.2,prob_true,0.0584736145485878,fit-age-sex-bloods,0,0.04000807801614344,0.07946422781302605,0.04000807801614344,0.07946422781302605
0.053,0.67,0.2,prob_true,0.06017401380656662,fit-age-sex-bloods,0,0.04167435531908403,0.08101344330357436,0.04167435531908403,0.08101344330357436
0.055,0.67,0.2,prob_true,0.061763534404025405,fit-age-sex-bloods,0,0.043597323422034186,0.08250553806749973,0.043597323422034186,0.08250553806749973
0.057,0.67,0.2,prob_true,0.06362251463366722,fit-age-sex-bloods,0,0.04565217596001621,0.0840354393840649,0.04565217596001621,0.0840354393840649
0.059,0.67,0.2,prob_true,0.06603212097432326,fit-age-sex-bloods,0,0.048407649517382335,0.0871065742202086,0.048407649517382335,0.0871065742202086
0.061,0.67,0.2,prob_true,0.06898823224234114,fit-age-sex-bloods,0,0.05171364399103336,0.08985779840524867,0.05171364399103336,0.08985779840524867
0.063,0.67,0.2,prob_true,0.07225794607241413,fit-age-sex-bloods,0,0.05369398407398401,0.09337097236639705,0.05369398407398401,0.09337097236639705
0.065,0.67,0.2,prob_true,0.07575207624893564,fit-age-sex-bloods,0,0.05715749095353557,0.09698028429464868,0.05715749095353557,0.09698028429464868
0.067,0.67,0.2,prob_true,0.07932782961827028,fit-age-sex-bloods,0,0.0609404246958803,0.10057654975513439,0.0609404246958803,0.10057654975513439
0.069,0.67,0.2,prob_true,0.08275978131705651,fit-age-sex-bloods,0,0.06449350783649443,0.10549936088764089,0.06449350783649443,0.10549936088764089
0.071,0.67,0.2,prob_true,0.08587864584074702,fit-age-sex-bloods,0,0.06701276783866751,0.10992159349654182,0.06701276783866751,0.10992159349654182
0.073,0.67,0.2,prob_true,0.08860465934279825,fit-age-sex-bloods,0,0.06921857532367862,0.11436183234842034,0.06921857532367862,0.11436183234842034
0.075,0.67,0.2,prob_true,0.09103492051145425,fit-age-sex-bloods,0,0.07001076201622314,0.11716403821074071,0.07001076201622314,0.11716403821074071
0.077,0.67,0.2,prob_true,0.0932525087570917,fit-age-sex-bloods,0,0.07069502376567184,0.11948238405648923,0.07069502376567184,0.11948238405648923
0.079,0.67,0.2,prob_true,0.09528885017491519,fit-age-sex-bloods,0,0.07119219735134132,0.12171732167455306,0.07119219735134132,0.12171732167455306
0.081,0.67,0.2,prob_true,0.097122791789532,fit-age-sex-bloods,0,0.07175452087534893,0.12463298289529272,0.07175452087534893,0.12463298289529272
0.083,0.67,0.2,prob_true,0.09873034199489794,fit-age-sex-bloods,0,0.07174098642819952,0.12850424891210574,0.07174098642819952,0.12850424891210574
0.085,0.67,0.2,prob_true,0.10011456825892641,fit-age-sex-bloods,0,0.07201390896983717,0.131696021539602,0.07201390896983717,0.131696021539602
0.087,0.67,0.2,prob_true,0.10127716995153348,fit-age-sex-bloods,0,0.07222387774326379,0.13443830433667064,0.07222387774326379,0.13443830433667064
0.089,0.67,0.2,prob_true,0.10228565340514958,fit-age-sex-bloods,0,0.07242900732534159,0.1372477798480952,0.07242900732534159,0.1372477798480952
0.091,0.67,0.2,prob_true,0.10327350179430363,fit-age-sex-bloods,0,0.07275785674871747,0.1396935653326085,0.07275785674871747,0.1396935653326085
0.093,0.67,0.2,prob_true,0.10428333654901308,fit-age-sex-bloods,0,0.07326368672293325,0.14175964505223113,0.07326368672293325,0.14175964505223113
0.095,0.67,0.2,prob_true,0.10530324385372501,fit-age-sex-bloods,0,0.07382428180497246,0.14348107679776867,0.07382428180497246,0.14348107679776867
0.097,0.67,0.2,prob_true,0.10632838580788072,fit-age-sex-bloods,0,0.07401889787430617,0.14460289774334392,0.07401889787430617,0.14460289774334392
0.099,0.67,0.2,prob_true,0.1073975398984438,fit-age-sex-bloods,0,0.07437696803070377,0.14544646666851158,0.07437696803070377,0.14544646666851158
0.101,0.67,0.2,prob_true,0.10856755368152354,fit-age-sex-bloods,0,0.0749292498194541,0.1460473607014986,0.0749292498194541,0.1460473607014986
0.103,0.67,0.2,prob_true,0.10984052871845056,fit-age-sex-bloods,0,0.07568912320125486,0.14615651153428275,0.07568912320125486,0.14615651153428275
0.105,0.67,0.2,prob_true,0.11119335519695012,fit-age-sex-bloods,0,0.07665232677496114,0.14715210216883332,0.07665232677496114,0.14715210216883332
0.107,0.67,0.2,prob_true,0.11260857534557667,fit-age-sex-bloods,0,0.07821841223553234,0.14832174688954003,0.07821841223553234,0.14832174688954003
0.109,0.67,0.2,prob_true,0.11407339510397875,fit-age-sex-bloods,0,0.07943568250175771,0.1495404398209979,0.07943568250175771,0.1495404398209979
0.111,0.67,0.2,prob_true,0.1155777333989648,fit-age-sex-bloods,0,0.08076272141254286,0.15276599134012964,0.08076272141254286,0.15276599134012964
0.113,0.67,0.2,prob_true,0.11711361944222617,fit-age-sex-bloods,0,0.08215975256335435,0.15671491050592226,0.08215975256335435,0.15671491050592226
0.115,0.67,0.2,prob_true,0.11867416049481945,fit-age-sex-bloods,0,0.08359543763446824,0.15907174552857847,0.08359543763446824,0.15907174552857847
0.117,0.67,0.2,prob_true,0.12025352171639614,fit-age-sex-bloods,0,0.08504625379018468,0.1612504994348569,0.08504625379018468,0.1612504994348569
0.119,0.67,0.2,prob_true,0.12184708825624498,fit-age-sex-bloods,0,0.08595799942382355,0.16346537636813166,0.08595799942382355,0.16346537636813166
0.121,0.67,0.2,prob_true,0.12345114777060602,fit-age-sex-bloods,0,0.08661724689451802,0.16675599341391095,0.08661724689451802,0.16675599341391095
0.123,0.67,0.2,prob_true,0.1250624274586947,fit-age-sex-bloods,0,0.08724688143850631,0.17027203585424006,0.08724688143850631,0.17027203585424006
0.125,0.67,0.2,prob_true,0.12667756036606204,fit-age-sex-bloods,0,0.08781302350127881,0.17380857061165803,0.08781302350127881,0.17380857061165803
0.127,0.67,0.2,prob_true,0.1282932962092715,fit-age-sex-bloods,0,0.08819712633847321,0.1773046207685437,0.08819712633847321,0.1773046207685437
0.129,0.67,0.2,prob_true,0.12990715875948372,fit-age-sex-bloods,0,0.08845935985712618,0.18076057088328928,0.08845935985712618,0.18076057088328928
0.131,0.67,0.2,prob_true,0.13151735765066103,fit-age-sex-bloods,0,0.0883761118520045,0.18417813813231326,0.0883761118520045,0.18417813813231326
0.133,0.67,0.2,prob_true,0.13312244397511033,fit-age-sex-bloods,0,0.08830220634936338,0.18755948245352053,0.08830220634936338,0.18755948245352053
0.135,0.67,0.2,prob_true,0.13472141941661891,fit-age-sex-bloods,0,0.08832371456614274,0.19090708562127331,0.08832371456614274,0.19090708562127331
0.137,0.67,0.2,prob_true,0.1363136669263501,fit-age-sex-bloods,0,0.08867290768351568,0.19334602102744256,0.08867290768351568,0.19334602102744256
0.139,0.67,0.2,prob_true,0.1378985401210956,fit-age-sex-bloods,0,0.0890176532402594,0.1956778717258927,0.0890176532402594,0.1956778717258927
0.141,0.67,0.2,prob_true,0.13947576554788388,fit-age-sex-bloods,0,0.08935748864370285,0.1980163083225158,0.08935748864370285,0.1980163083225158
0.143,0.67,0.2,prob_true,0.14104502510816608,fit-age-sex-bloods,0,0.08969195081312452,0.2003603485709731,0.08969195081312452,0.2003603485709731
0.145,0.67,0.2,prob_true,0.14260530819836578,fit-age-sex-bloods,0,0.0900202215510602,0.20270716892990098,0.0900202215510602,0.20270716892990098
0.147,0.67,0.2,prob_true,0.14415569446068652,fit-age-sex-bloods,0,0.09034161384559515,0.20505390662068387,0.09034161384559515,0.20505390662068387
0.149,0.67,0.2,prob_true,0.1456955537399046,fit-age-sex-bloods,0,0.0906556655885184,0.20739815873797485,0.0906556655885184,0.20739815873797485
0.152,0.67,0.2,prob_true,0.14798457253490593,fit-age-sex-bloods,0,0.09109189164481891,0.210905354327563,0.09109189164481891,0.210905354327563
0.154,0.67,0.2,prob_true,0.1494963262185939,fit-age-sex-bloods,0,0.0913549909718268,0.21323493638782637,0.0913549909718268,0.21323493638782637
0.156,0.67,0.2,prob_true,0.15099664036465305,fit-age-sex-bloods,0,0.0916104082580965,0.21555610455903432,0.0916104082580965,0.21555610455903432
0.158,0.67,0.2,prob_true,0.15248585389725036,fit-age-sex-bloods,0,0.09185817877934434,0.21786784311037047,0.09185817877934434,0.21786784311037047
0.16,0.67,0.2,prob_true,0.15396447915363767,fit-age-sex-bloods,0,0.09209847779925057,0.220169403488318,0.09209847779925057,0.220169403488318
0.162,0.67,0.2,prob_true,0.15543311396490453,fit-age-sex-bloods,0,0.09233162215587146,0.22246036056744478,0.09233162215587146,0.22246036056744478
0.164,0.67,0.2,prob_true,0.15689244280262932,fit-age-sex-bloods,0,0.0925580106643144,0.22474052238742512,0.0925580106643144,0.22474052238742512
0.166,0.67,0.2,prob_true,0.15834327756057878,fit-age-sex-bloods,0,0.09277809345786095,0.2270099921426733,0.09277809345786095,0.2270099921426733
0.168,0.67,0.2,prob_true,0.15978658558177758,fit-age-sex-bloods,0,0.09299233886120468,0.22926924828960435,0.09299233886120468,0.22926924828960435
0.17,0.67,0.2,prob_true,0.16122351265557405,fit-age-sex-bloods,0,0.09320125810055692,0.2315190290900538,0.09320125810055692,0.2315190290900538
0.172,0.67,0.2,prob_true,0.16265517047240902,fit-age-sex-bloods,0,0.0934053049479866,0.2337598108606278,0.0934053049479866,0.2337598108606278
0.174,0.67,0.2,prob_true,0.16408207014699122,fit-age-sex-bloods,0,0.09360440173980332,0.2359905578440237,0.09360440173980332,0.2359905578440237
0.176,0.67,0.2,prob_true,0.16550414113505107,fit-age-sex-bloods,0,0.09379834618044205,0.238210729928614,0.09379834618044205,0.238210729928614
0.178,0.67,0.2,prob_true,0.16692118189198807,fit-age-sex-bloods,0,0.09398711262810899,0.24063296151744332,0.09398711262810899,0.24063296151744332
0.18,0.67,0.2,prob_true,0.16833332070302368,fit-age-sex-bloods,0,0.09417092712058563,0.2430437980104643,0.09417092712058563,0.2430437980104643
0.182,0.67,0.2,prob_true,0.16974090105104475,fit-age-sex-bloods,0,0.09435014259857495,0.245442474172154,0.09435014259857495,0.245442474172154
0.184,0.67,0.2,prob_true,0.17114445973881523,fit-age-sex-bloods,0,0.09452519623655914,0.24782850412114282,0.09452519623655914,0.24782850412114282
0.186,0.67,0.2,prob_true,0.17254464089911586,fit-age-sex-bloods,0,0.09469654217059989,0.2502017286101723,0.09469654217059989,0.2502017286101723
0.188,0.67,0.2,prob_true,0.17394210006055236,fit-age-sex-bloods,0,0.09459378205435393,0.25256207639712897,0.09459378205435393,0.25256207639712897
0.19,0.67,0.2,prob_true,0.17533741237178624,fit-age-sex-bloods,0,0.09419003469813653,0.25493500016161735,0.09419003469813653,0.25493500016161735
0.192,0.67,0.2,prob_true,0.17673088602654602,fit-age-sex-bloods,0,0.0937693732790411,0.25731155815522444,0.0937693732790411,0.25731155815522444
0.194,0.67,0.2,prob_true,0.178122507075976,fit-age-sex-bloods,0,0.09333190682931058,0.2596767831024219,0.09333190682931058,0.2596767831024219
0.196,0.67,0.2,prob_true,0.17951180165167308,fit-age-sex-bloods,0,0.09287781012211266,0.2620298670304701,0.09287781012211266,0.2620298670304701
0.198,0.67,0.2,prob_true,0.18089845230471444,fit-age-sex-bloods,0,0.09240738677978011,0.2643703042923846,0.09240738677978011,0.2643703042923846
0.2,0.67,0.2,prob_true,0.18228226960823513,fit-age-sex-bloods,0,0.09192101216381066,0.2666978144200697,0.09192101216381066,0.2666978144200697
0.0,0.67,0.62,prob_true,0.0001652185498260994,fit-age-sex-bloods,0,0.0,0.00158500468946577,0.0,0.00158500468946577
0.006,0.67,0.62,prob_true,0.00529196675013027,fit-age-sex-bloods,0,0.0018943318332531294,0.009014540650292727,0.0018943318332531294,0.009014540650292727
0.013,0.67,0.62,prob_true,0.014946220137511991,fit-age-sex-bloods,0,0.007407632742675944,0.02276295154883862,0.007407632742675944,0.02276295154883862
0.019,0.67,0.62,prob_true,0.02400605165647813,fit-age-sex-bloods,0,0.013092259887263322,0.03847621387685774,0.013092259887263322,0.03847621387685774
0.025,0.67,0.62,prob_true,0.02875315776052314,fit-age-sex-bloods,0,0.017084006931527486,0.043983608347778855,0.017084006931527486,0.043983608347778855
0.031,0.67,0.62,prob_true,0.033597821014410556,fit-age-sex-bloods,0,0.02330419846548561,0.05002845209186102,0.02330419846548561,0.05002845209186102
0.038,0.67,0.62,prob_true,0.046724861423003215,fit-age-sex-bloods,0,0.03216411517403341,0.06533161086655058,0.03216411517403341,0.06533161086655058
0.044,0.67,0.62,prob_true,0.05359279736556057,fit-age-sex-bloods,0,0.03712950284077534,0.07428193303657464,0.03712950284077534,0.07428193303657464
0.05,0.67,0.62,prob_true,0.05761683228755437,fit-age-sex-bloods,0,0.03930846545894999,0.07856404800506804,0.03930846545894999,0.07856404800506804
0.056,0.67,0.62,prob_true,0.0626350341422486,fit-age-sex-bloods,0,0.04455789114342327,0.08320130422506614,0.04455789114342327,0.08320130422506614
0.063,0.67,0.62,prob_true,0.07227053920054377,fit-age-sex-bloods,0,0.05370451510973453,0.09337221741828543,0.05370451510973453,0.09337221741828543
0.069,0.67,0.62,prob_true,0.0827663718327956,fit-age-sex-bloods,0,0.06450985980164238,0.10550649362003472,0.06450985980164238,0.10550649362003472
0.075,0.67,0.62,prob_true,0.09103050716960245,fit-age-sex-bloods,0,0.07001197442886091,0.11715261626043429,0.07001197442886091,0.11715261626043429
0.081,0.67,0.62,prob_true,0.09711317298819289,fit-age-sex-bloods,0,0.07175978057760954,0.12462396579404349,0.07175978057760954,0.12462396579404349
0.088,0.67,0.62,prob_true,0.10177752136863209,fit-age-sex-bloods,0,0.07231654492509797,0.1358685641877659,0.07231654492509797,0.1358685641877659
0.094,0.67,0.62,prob_true,0.10478395022514538,fit-age-sex-bloods,0,0.0735854005002262,0.14262789880116447,0.0735854005002262,0.14262789880116447
0.1,0.67,0.62,prob_true,0.10796446316018235,fit-age-sex-bloods,0,0.07464460211172029,0.14586813954757086,0.07464460211172029,0.14586813954757086
0.106,0.67,0.62,prob_true,0.11193277643104535,fit-age-sex-bloods,0,0.077535781171647,0.14779520621698575,0.077535781171647,0.14779520621698575
0.113,0.67,0.62,prob_true,0.11733482018109814,fit-age-sex-bloods,0,0.08250455413053444,0.1566319382405794,0.08250455413053444,0.1566319382405794
0.119,0.67,0.62,prob_true,0.12210068809645892,fit-age-sex-bloods,0,0.08855989527721658,0.16214964767816342,0.08855989527721658,0.16214964767816342
0.125,0.67,0.62,prob_true,0.12681578945567684,fit-age-sex-bloods,0,0.09335427319165754,0.170602053766389,0.09335427319165754,0.170602053766389
0.132,0.67,0.62,prob_true,0.13142153831157985,fit-age-sex-bloods,0,0.09699332519845091,0.17901818601661884,0.09699332519845091,0.17901818601661884
0.138,0.67,0.62,prob_true,0.13482960114829104,fit-age-sex-bloods,0,0.09918933610933815,0.18307096633683884,0.09918933610933815,0.18307096633683884
0.144,0.67,0.62,prob_true,0.13936188261333535,fit-age-sex-bloods,0,0.09979534931701489,0.18722492207703936,0.09979534931701489,0.18722492207703936
0.15,0.67,0.62,prob_true,0.14516360282625201,fit-age-sex-bloods,0,0.10242797521971839,0.19274526796169522,0.10242797521971839,0.19274526796169522
0.157,0.67,0.62,prob_true,0.15302059127512094,fit-age-sex-bloods,0,0.10661694711640575,0.20192318584836025,0.10661694711640575,0.20192318584836025
0.163,0.67,0.62,prob_true,0.1602472024042253,fit-age-sex-bloods,0,0.10954058179166384,0.21282654221568603,0.10954058179166384,0.21282654221568603
0.169,0.67,0.62,prob_true,0.16832497120397788,fit-age-sex-bloods,0,0.1147442880548354,0.22605126489919766,0.1147442880548354,0.22605126489919766
0.175,0.67,0.62,prob_true,0.17755545747873194,fit-age-sex-bloods,0,0.1231321305666981,0.24159588600096438,0.1231321305666981,0.24159588600096438
0.182,0.67,0.62,prob_true,0.19018486848133587,fit-age-sex-bloods,0,0.13410751492858689,0.2595361491078414,0.13410751492858689,0.2595361491078414
0.188,0.67,0.62,prob_true,0.2024731070955637,fit-age-sex-bloods,0,0.14165857488452327,0.2761174246830432,0.14165857488452327,0.2761174246830432
0.194,0.67,0.62,prob_true,0.2158627580346482,fit-age-sex-bloods,0,0.15045363290748498,0.2929137262974154,0.15045363290748498,0.2929137262974154
0.2,0.67,0.62,prob_true,0.2299040568862761,fit-age-sex-bloods,0,0.15966403908197607,0.3088445824321193,0.15966403908197607,0.3088445824321193
0.207,0.67,0.62,prob_true,0.2460046953261235,fit-age-sex-bloods,0,0.1702063372367054,0.32462955162743146,0.1702063372367054,0.32462955162743146
0.213,0.67,0.62,prob_true,0.25909795995436774,fit-age-sex-bloods,0,0.17897118050432237,0.3402199145114076,0.17897118050432237,0.3402199145114076
0.219,0.67,0.62,prob_true,0.27133350259438677,fit-age-sex-bloods,0,0.18769538109781717,0.35451977994747924,0.18769538109781717,0.35451977994747924
0.225,0.67,0.62,prob_true,0.28278026851907206,fit-age-sex-bloods,0,0.19612987491904882,0.36399996822785147,0.19612987491904882,0.36399996822785147
0.232,0.67,0.62,prob_true,0.29537796885001766,fit-age-sex-bloods,0,0.20538256948399378,0.3735826535600227,0.20538256948399378,0.3735826535600227
0.238,0.67,0.62,prob_true,0.30583756047336413,fit-age-sex-bloods,0,0.21550119446028507,0.3863308237271381,0.21550119446028507,0.3863308237271381
0.244,0.67,0.62,prob_true,0.316146758288313,fit-age-sex-bloods,0,0.22615583001454434,0.39930619815911866,0.22615583001454434,0.39930619815911866
0.251,0.67,0.62,prob_true,0.32808276018620375,fit-age-sex-bloods,0,0.23858032350827718,0.4146521770714511,0.23858032350827718,0.4146521770714511
0.257,0.67,0.62,prob_true,0.33828297405650115,fit-age-sex-bloods,0,0.24650814721061967,0.42744035594746954,0.24650814721061967,0.42744035594746954
0.263,0.67,0.62,prob_true,0.3484812268148684,fit-age-sex-bloods,0,0.25462330670725386,0.44188401711483943,0.25462330670725386,0.44188401711483943
0.269,0.67,0.62,prob_true,0.35866446180176575,fit-age-sex-bloods,0,0.2628277046475903,0.4558715612115935,0.2628277046475903,0.4558715612115935
0.276,0.67,0.62,prob_true,0.37032720834770255,fit-age-sex-bloods,0,0.2712683957490761,0.47176078812721234,0.2712683957490761,0.47176078812721234
0.282,0.67,0.62,prob_true,0.3800368504466225,fit-age-sex-bloods,0,0.27755138924029277,0.48512481789534356,0.27755138924029277,0.48512481789534356
0.288,0.67,0.62,prob_true,0.3894745828027849,fit-age-sex-bloods,0,0.2836671095203718,0.4987303478652045,0.2836671095203718,0.4987303478652045
0.294,0.67,0.62,prob_true,0.3986745535882959,fit-age-sex-bloods,0,0.28969354925171975,0.5120478912521492,0.28969354925171975,0.5120478912521492
0.301,0.67,0.62,prob_true,0.4091737660018976,fit-age-sex-bloods,0,0.29664772370434644,0.5259453063273763,0.29664772370434644,0.5259453063273763
0.307,0.67,0.62,prob_true,0.418034610633215,fit-age-sex-bloods,0,0.30256831476071744,0.5374548142722032,0.30256831476071744,0.5374548142722032
0.313,0.67,0.62,prob_true,0.42684502494106324,fit-age-sex-bloods,0,0.3086198447490488,0.5487031369975331,0.3086198447490488,0.5487031369975331
0.319,0.67,0.62,prob_true,0.4356762663724475,fit-age-sex-bloods,0,0.31498047370080046,0.5599055537339319,0.31498047370080046,0.5599055537339319
0.326,0.67,0.62,prob_true,0.4460599989582911,fit-age-sex-bloods,0,0.3228841379684075,0.5745819205307713,0.3228841379684075,0.5745819205307713
0.332,0.67,0.62,prob_true,0.45505370983168064,fit-age-sex-bloods,0,0.3300729063211251,0.5871974022129398,0.3300729063211251,0.5871974022129398
0.338,0.67,0.62,prob_true,0.4641425939072445,fit-age-sex-bloods,0,0.33760526344348446,0.5998695644708375,0.33760526344348446,0.5998695644708375
0.344,0.67,0.62,prob_true,0.4733279755532892,fit-age-sex-bloods,0,0.34444419910665275,0.6126131142085862,0.34444419910665275,0.6126131142085862
0.351,0.67,0.62,prob_true,0.4841580799328421,fit-age-sex-bloods,0,0.3511174234943914,0.627667524641657,0.3511174234943914,0.627667524641657
0.357,0.67,0.62,prob_true,0.49352752416263845,fit-age-sex-bloods,0,0.35531037312091107,0.6407116744345113,0.35531037312091107,0.6407116744345113
0.363,0.67,0.62,prob_true,0.5029660235935736,fit-age-sex-bloods,0,0.3593791076629383,0.6538322427779386,0.3593791076629383,0.6538322427779386
0.369,0.67,0.62,prob_true,0.5124628451504956,fit-age-sex-bloods,0,0.363541629696199,0.6670244055695763,0.363541629696199,0.6670244055695763
0.376,0.67,0.62,prob_true,0.5236010734156009,fit-age-sex-bloods,0,0.36849975761330905,0.6824937378500355,0.36849975761330905,0.6824937378500355
0.382,0.67,0.62,prob_true,0.5331866194044698,fit-age-sex-bloods,0,0.37282304369628544,0.6946603303095913,0.37282304369628544,0.6946603303095913
0.388,0.67,0.62,prob_true,0.5427974781013741,fit-age-sex-bloods,0,0.3772013509656736,0.7064402759231532,0.3772013509656736,0.7064402759231532
0.395,0.67,0.62,prob_true,0.5540317353879356,fit-age-sex-bloods,0,0.38236335909460856,0.7202635014222566,0.38236335909460856,0.7202635014222566
0.401,0.67,0.62,prob_true,0.5636748548478362,fit-age-sex-bloods,0,0.38682147058176697,0.7321713165512664,0.38682147058176697,0.7321713165512664
0.407,0.67,0.62,prob_true,0.5733277628636918,fit-age-sex-bloods,0,0.3912992454646138,0.7441261983238582,0.3912992454646138,0.7441261983238582
0.413,0.67,0.62,prob_true,0.5829867817813501,fit-age-sex-bloods,0,0.3957707577332569,0.7561201045498258,0.3957707577332569,0.7561201045498258
0.42,0.67,0.62,prob_true,0.5942591261613555,fit-age-sex-bloods,0,0.4009717706818135,0.7701522521797829,0.4009717706818135,0.7701522521797829
0.426,0.67,0.62,prob_true,0.6039227289929503,fit-age-sex-bloods,0,0.40542071281567,0.7822059891745122,0.40542071281567,0.7822059891745122
0.432,0.67,0.62,prob_true,0.6135865304556961,fit-age-sex-bloods,0,0.4098577460097855,0.7942747108539685,0.4098577460097855,0.7942747108539685
0.438,0.67,0.62,prob_true,0.623248903516353,fit-age-sex-bloods,0,0.41427944069684064,0.8063490051269918,0.41427944069684064,0.8063490051269918
0.445,0.67,0.62,prob_true,0.634517929503705,fit-age-sex-bloods,0,0.4205899199812535,0.8204307368300766,0.4205899199812535,0.8204307368300766
0.451,0.67,0.62,prob_true,0.6441723618342602,fit-age-sex-bloods,0,0.42640142466107317,0.8324868000272444,0.42640142466107317,0.8324868000272444
0.457,0.67,0.62,prob_true,0.653820289296023,fit-age-sex-bloods,0,0.43214346079727906,0.8445214247899229,0.43214346079727906,0.8445214247899229
0.463,0.67,0.62,prob_true,0.6634591520662456,fit-age-sex-bloods,0,0.4378623984279659,0.8565269854646093,0.4378623984279659,0.8565269854646093
0.47,0.67,0.62,prob_true,0.6746898923139658,fit-age-sex-bloods,0,0.44450272475950053,0.8705353992884846,0.44450272475950053,0.8705353992884846
0.476,0.67,0.62,prob_true,0.6843012579322276,fit-age-sex-bloods,0,0.4498047224333921,0.8825109315706314,0.4498047224333921,0.8825109315706314
0.482,0.67,0.62,prob_true,0.693896696207553,fit-age-sex-bloods,0,0.45407526949758586,0.8944373075475582,0.45407526949758586,0.8944373075475582
0.488,0.67,0.62,prob_true,0.703474373452446,fit-age-sex-bloods,0,0.45829735199654476,0.9063084806328899,0.45829735199654476,0.9063084806328899
0.495,0.67,0.62,prob_true,0.7146236158822614,fit-age-sex-bloods,0,0.46396275372464374,0.9200808183514598,0.46396275372464374,0.9200808183514598
0.501,0.67,0.62,prob_true,0.7241571204443181,fit-age-sex-bloods,0,0.4692325473111285,0.9318132392120239,0.4692325473111285,0.9318132392120239
0.507,0.67,0.62,prob_true,0.7336678515822861,fit-age-sex-bloods,0,0.47446984160070416,0.9434734660560368,0.47446984160070416,0.9434734660560368
0.514,0.67,0.62,prob_true,0.7447330925677536,fit-age-sex-bloods,0,0.4804319269040397,0.956979492837556,0.4804319269040397,0.956979492837556
0.52,0.67,0.62,prob_true,0.7541898775919791,fit-age-sex-bloods,0,0.48438527545220705,0.9684673449677016,0.48438527545220705,0.9684673449677016
0.526,0.67,0.62,prob_true,0.7636198145533313,fit-age-sex-bloods,0,0.4872720833055468,0.9803920223988654,0.4872720833055468,0.9803920223988654
0.532,0.67,0.62,prob_true,0.7730223158180827,fit-age-sex-bloods,0,0.4900490259820909,0.9925419712394561,0.4900490259820909,0.9925419712394561
0.539,0.67,0.62,prob_true,0.7839587990107733,fit-age-sex-bloods,0,0.49311779537051476,1.0,0.49311779537051476,1.0
0.545,0.67,0.62,prob_true,0.7933061975414678,fit-age-sex-bloods,0,0.4960230520295766,1.0,0.4960230520295766,1.0
0.551,0.67,0.62,prob_true,0.8026303887490773,fit-age-sex-bloods,0,0.49976394821364534,1.0,0.49976394821364534,1.0
0.557,0.67,0.62,prob_true,0.8119327171963995,fit-age-sex-bloods,0,0.503470030527504,1.0,0.503470030527504,1.0
0.564,0.67,0.62,prob_true,0.8227595391959825,fit-age-sex-bloods,0,0.5077533232748415,1.0,0.5077533232748415,1.0
0.57,0.67,0.62,prob_true,0.8320189208770744,fit-age-sex-bloods,0,0.5113929222282023,1.0,0.5113929222282023,1.0
0.576,0.67,0.62,prob_true,0.8412604404432759,fit-age-sex-bloods,0,0.5150057277112126,1.0,0.5150057277112126,1.0
0.582,0.67,0.62,prob_true,0.85048528735432,fit-age-sex-bloods,0,0.5185940577579282,1.0,0.5185940577579282,1.0
0.589,0.67,0.62,prob_true,0.8612280784089446,fit-age-sex-bloods,0,0.5227524718630909,1.0,0.5227524718630909,1.0
0.595,0.67,0.62,prob_true,0.8704207300925122,fit-age-sex-bloods,0,0.5262952873932648,1.0,0.5262952873932648,1.0
0.601,0.67,0.62,prob_true,0.8796002703166154,fit-age-sex-bloods,0,0.5298203780961465,1.0,0.5298203780961465,1.0
0.607,0.67,0.62,prob_true,0.8887677563553984,fit-age-sex-bloods,0,0.5333296922763935,1.0,0.5333296922763935,1.0
0.614,0.67,0.62,prob_true,0.8994489168862041,fit-age-sex-bloods,0,0.5374057348306882,1.0,0.5374057348306882,1.0
0.62,0.67,0.62,prob_true,0.9085924674009941,fit-age-sex-bloods,0,0.5408847148788094,1.0,0.5408847148788094,1.0
0.0,0.67,0.2,prob_true,0.0,fit-age-sex,0,0.0,0.00010150880712660274,0.0,0.00010150880712660274
0.002,0.67,0.2,prob_true,0.000895392068534977,fit-age-sex,0,0.00022929299762039414,0.0018076130599616698,0.00022929299762039414,0.0018076130599616698
0.004,0.67,0.2,prob_true,0.0033130003570787715,fit-age-sex,0,0.001426411312719956,0.005782795317248523,0.001426411312719956,0.005782795317248523
0.006,0.67,0.2,prob_true,0.007699912189664086,fit-age-sex,0,0.004093537118661454,0.012305999751667566,0.004093537118661454,0.012305999751667566
0.008,0.67,0.2,prob_true,0.012276501177730501,fit-age-sex,0,0.005879460158788873,0.01879262024140453,0.005879460158788873,0.01879262024140453
0.01,0.67,0.2,prob_true,0.01439502931899874,fit-age-sex,0,0.008598109615581474,0.021145086812613168,0.008598109615581474,0.021145086812613168
0.012,0.67,0.2,prob_true,0.015165455747307963,fit-age-sex,0,0.008756600917950564,0.023387079822817607,0.008756600917950564,0.023387079822817607
0.014,0.67,0.2,prob_true,0.016735735016354145,fit-age-sex,0,0.009562963925272942,0.02567120701882564,0.009562963925272942,0.02567120701882564
0.016,0.67,0.2,prob_true,0.02026087761364258,fit-age-sex,0,0.011763571784820499,0.030714059149861066,0.011763571784820499,0.030714059149861066
0.018,0.67,0.2,prob_true,0.0237416951282036,fit-age-sex,0,0.013593906151387279,0.03504121712256732,0.013593906151387279,0.03504121712256732
0.02,0.67,0.2,prob_true,0.026343863427419862,fit-age-sex,0,0.015894355771471476,0.0398712462419535,0.015894355771471476,0.0398712462419535
0.022,0.67,0.2,prob_true,0.028278529355604435,fit-age-sex,0,0.0180454455842644,0.042922743622152,0.0180454455842644,0.042922743622152
0.024,0.67,0.2,prob_true,0.03011348757864878,fit-age-sex,0,0.019472300848471787,0.04535661239855299,0.019472300848471787,0.04535661239855299
0.026,0.67,0.2,prob_true,0.03205922458718914,fit-age-sex,0,0.019909839556257636,0.04833952409161418,0.019909839556257636,0.04833952409161418
0.028,0.67,0.2,prob_true,0.03364428037168571,fit-age-sex,0,0.020534631050594606,0.05034446012847373,0.020534631050594606,0.05034446012847373
0.03,0.67,0.2,prob_true,0.03553331052090353,fit-age-sex,0,0.02291447137376125,0.05280592783775277,0.02291447137376125,0.05280592783775277
0.032,0.67,0.2,prob_true,0.03840538521310796,fit-age-sex,0,0.02700990836084815,0.05743944881981978,0.02700990836084815,0.05743944881981978
0.034,0.67,0.2,prob_true,0.04184137264832691,fit-age-sex,0,0.02901447523170792,0.06092162620898716,0.02901447523170792,0.06092162620898716
0.036,0.67,0.2,prob_true,0.04525084300884407,fit-age-sex,0,0.030374929440993542,0.06310371201662367,0.030374929440993542,0.06310371201662367
0.038,0.67,0.2,prob_true,0.04838229142954321,fit-age-sex,0,0.03270161477075118,0.06585309705443478,0.03270161477075118,0.06585309705443478
0.04,0.67,0.2,prob_true,0.05124348440837236,fit-age-sex,0,0.03457332648361166,0.06969755866319882,0.03457332648361166,0.06969755866319882
0.042,0.67,0.2,prob_true,0.0536529420219011,fit-age-sex,0,0.03627993526570382,0.07321446465456466,0.03627993526570382,0.07321446465456466
0.044,0.67,0.2,prob_true,0.05567460032427601,fit-age-sex,0,0.03710411127316775,0.07550081883551864,0.03710411127316775,0.07550081883551864
0.046,0.67,0.2,prob_true,0.057375955280249205,fit-age-sex,0,0.03837498541470184,0.07876064278197947,0.03837498541470184,0.07876064278197947
0.048,0.67,0.2,prob_true,0.05869240692988624,fit-age-sex,0,0.039810535615332716,0.08068412693759387,0.039810535615332716,0.08068412693759387
0.051,0.67,0.2,prob_true,0.06002850535719691,fit-age-sex,0,0.042241750139989154,0.08432010818847856,0.042241750139989154,0.08432010818847856
0.053,0.67,0.2,prob_true,0.0606597749566764,fit-age-sex,0,0.043273888027241726,0.08573331737658876,0.043273888027241726,0.08573331737658876
0.055,0.67,0.2,prob_true,0.06112606585587394,fit-age-sex,0,0.04414365725620398,0.08600740936463505,0.04414365725620398,0.08600740936463505
0.057,0.67,0.2,prob_true,0.061486195211101366,fit-age-sex,0,0.045008334391912715,0.08690952789930843,0.045008334391912715,0.08690952789930843
0.059,0.67,0.2,prob_true,0.06200101790441059,fit-age-sex,0,0.04556670242309906,0.08713289363845889,0.04556670242309906,0.08713289363845889
0.061,0.67,0.2,prob_true,0.06274422954435685,fit-age-sex,0,0.0459469672914439,0.08701209091961261,0.0459469672914439,0.08701209091961261
0.063,0.67,0.2,prob_true,0.06391083170303333,fit-age-sex,0,0.04726816711422121,0.0881929023387072,0.04726816711422121,0.0881929023387072
0.065,0.67,0.2,prob_true,0.06564880021151347,fit-age-sex,0,0.04948088702085895,0.08976049607710515,0.04948088702085895,0.08976049607710515
0.067,0.67,0.2,prob_true,0.06797774684043272,fit-age-sex,0,0.0511312939933992,0.09188417704010161,0.0511312939933992,0.09188417704010161
0.069,0.67,0.2,prob_true,0.07078520059755934,fit-age-sex,0,0.05293710552630336,0.09446083210259827,0.05293710552630336,0.09446083210259827
0.071,0.67,0.2,prob_true,0.07387957299272346,fit-age-sex,0,0.05538770301609968,0.09882514715907223,0.05538770301609968,0.09882514715907223
0.073,0.67,0.2,prob_true,0.07697624813202623,fit-age-sex,0,0.05754156483890861,0.10269045023223308,0.05754156483890861,0.10269045023223308
0.075,0.67,0.2,prob_true,0.07983602176065308,fit-age-sex,0,0.05923481552841646,0.10574984149985636,0.05923481552841646,0.10574984149985636
0.077,0.67,0.2,prob_true,0.08230396341802453,fit-age-sex,0,0.0603801275002584,0.10852642306726783,0.0603801275002584,0.10852642306726783
0.079,0.67,0.2,prob_true,0.08430419596298469,fit-age-sex,0,0.061002025712268634,0.1107937188091947,0.061002025712268634,0.1107937188091947
0.081,0.67,0.2,prob_true,0.08585334797123813,fit-age-sex,0,0.06145279394363978,0.11239386750102971,0.06145279394363978,0.11239386750102971
0.083,0.67,0.2,prob_true,0.08701021907917787,fit-age-sex,0,0.06164948406829952,0.11574376487007892,0.06164948406829952,0.11574376487007892
0.085,0.67,0.2,prob_true,0.08798299558151111,fit-age-sex,0,0.06156010526604063,0.11890776756428846,0.06156010526604063,0.11890776756428846
0.087,0.67,0.2,prob_true,0.08900448942793582,fit-age-sex,0,0.06142694615329532,0.12201119202149513,0.06142694615329532,0.12201119202149513
0.089,0.67,0.2,prob_true,0.09018145234822109,fit-age-sex,0,0.06203967456915961,0.12446700152082249,0.06203967456915961,0.12446700152082249
0.091,0.67,0.2,prob_true,0.09153784316746463,fit-age-sex,0,0.06301323391105228,0.12647644393727236,0.06301323391105228,0.12647644393727236
0.093,0.67,0.2,prob_true,0.09304686162702296,fit-age-sex,0,0.06389305849081883,0.12861628318425927,0.06389305849081883,0.12861628318425927
0.095,0.67,0.2,prob_true,0.09466709488678209,fit-age-sex,0,0.0642795498337318,0.13084371123519767,0.0642795498337318,0.13084371123519767
0.097,0.67,0.2,prob_true,0.09639149341439397,fit-age-sex,0,0.06484083941711972,0.13318287593626366,0.06484083941711972,0.13318287593626366
0.099,0.67,0.2,prob_true,0.09824984264634999,fit-age-sex,0,0.06635908578805437,0.13566145030539217,0.06635908578805437,0.13566145030539217
0.101,0.67,0.2,prob_true,0.10029005877865634,fit-age-sex,0,0.06813411697605772,0.13833901634128892,0.06813411697605772,0.13833901634128892
0.103,0.67,0.2,prob_true,0.10253424106647163,fit-age-sex,0,0.06946520382115311,0.141357136103819,0.06946520382115311,0.141357136103819
0.105,0.67,0.2,prob_true,0.10501748633877916,fit-age-sex,0,0.0705553200092371,0.1442692142668005,0.0705553200092371,0.1442692142668005
0.107,0.67,0.2,prob_true,0.10774402654140415,fit-age-sex,0,0.07181378482600048,0.14692428019007606,0.07181378482600048,0.14692428019007606
0.109,0.67,0.2,prob_true,0.11068848006427938,fit-age-sex,0,0.07323671840067209,0.14984883858266806,0.07323671840067209,0.14984883858266806
0.111,0.67,0.2,prob_true,0.11381286888378062,fit-age-sex,0,0.07480226179694394,0.153013509447125,0.07480226179694394,0.153013509447125
0.113,0.67,0.2,prob_true,0.1170775419045936,fit-age-sex,0,0.07648260162759325,0.1577211749017804,0.07648260162759325,0.1577211749017804
0.115,0.67,0.2,prob_true,0.1204464439582006,fit-age-sex,0,0.07813736779218369,0.16279124142098456,0.07813736779218369,0.16279124142098456
0.117,0.67,0.2,prob_true,0.12388910378875014,fit-age-sex,0,0.07936631876013539,0.16792386523745878,0.07936631876013539,0.16792386523745878
0.119,0.67,0.2,prob_true,0.12738035321415828,fit-age-sex,0,0.0812405036670379,0.17304790536566936,0.0812405036670379,0.17304790536566936
0.121,0.67,0.2,prob_true,0.1308995614029827,fit-age-sex,0,0.08319933870379226,0.1781516070007206,0.08319933870379226,0.1781516070007206
0.123,0.67,0.2,prob_true,0.13443026920412837,fit-age-sex,0,0.08514612828746121,0.18322751844739482,0.08514612828746121,0.18322751844739482
0.125,0.67,0.2,prob_true,0.1379601087200089,fit-age-sex,0,0.08707590984301607,0.18827172458647007,0.08707590984301607,0.18827172458647007
0.127,0.67,0.2,prob_true,0.1414791287085894,fit-age-sex,0,0.08894190556809925,0.1944565272157415,0.08894190556809925,0.1944565272157415
0.129,0.67,0.2,prob_true,0.144979964869837,fit-age-sex,0,0.08973305022240724,0.20102870911424917,0.08973305022240724,0.20102870911424917
0.131,0.67,0.2,prob_true,0.14845743727699934,fit-age-sex,0,0.09054660397817742,0.20753682749084731,0.09054660397817742,0.20753682749084731
0.133,0.67,0.2,prob_true,0.15190766318402418,fit-age-sex,0,0.09137740160181741,0.21397641961769706,0.09137740160181741,0.21397641961769706
0.135,0.67,0.2,prob_true,0.1553280092132673,fit-age-sex,0,0.09222051816785247,0.22012480896230505,0.09222051816785247,0.22012480896230505
0.137,0.67,0.2,prob_true,0.1587171522702316,fit-age-sex,0,0.09313625736551127,0.2260354617326274,0.09313625736551127,0.2260354617326274
0.139,0.67,0.2,prob_true,0.1620748498399435,fit-age-sex,0,0.09447290781978593,0.23189341570040278,0.09447290781978593,0.23189341570040278
0.141,0.67,0.2,prob_true,0.16540183134906014,fit-age-sex,0,0.09579687301876989,0.23775496211146732,0.09579687301876989,0.23775496211146732
0.143,0.67,0.2,prob_true,0.16869953413066788,fit-age-sex,0,0.09710971302957482,0.24359205512603677,0.09710971302957482,0.24359205512603677
0.145,0.67,0.2,prob_true,0.1719698209751161,fit-age-sex,0,0.09841300418899655,0.24909600243517757,0.09841300418899655,0.24909600243517757
0.147,0.67,0.2,prob_true,0.17521502165025413,fit-age-sex,0,0.09970855464933526,0.2543655698490224,0.09970855464933526,0.2543655698490224
0.149,0.67,0.2,prob_true,0.1784380369543783,fit-age-sex,0,0.10099843499121533,0.25962187961411914,0.10099843499121533,0.25962187961411914
0.152,0.67,0.2,prob_true,0.18323822845670115,fit-age-sex,0,0.10292729617736512,0.2672875181298644,0.10292729617736512,0.2672875181298644
0.154,0.67,0.2,prob_true,0.18642053821305615,fit-age-sex,0,0.10421225924541434,0.2721642479418356,0.10421225924541434,0.2721642479418356
0.156,0.67,0.2,prob_true,0.18959270465294875,fit-age-sex,0,0.10549887030157347,0.27702814322188946,0.10549887030157347,0.27702814322188946
0.158,0.67,0.2,prob_true,0.19275840400322056,fit-age-sex,0,0.10678936206704842,0.2818824044205464,0.10678936206704842,0.2818824044205464
0.16,0.67,0.2,prob_true,0.1959215293165681,fit-age-sex,0,0.10808629364824433,0.28673053748522914,0.10808629364824433,0.28673053748522914
0.162,0.67,0.2,prob_true,0.19908581206189246,fit-age-sex,0,0.10939203054539692,0.2915758188473138,0.10939203054539692,0.2915758188473138
0.164,0.67,0.2,prob_true,0.20225411562869194,fit-age-sex,0,0.11070782706447461,0.29642042610777397,0.11070782706447461,0.29642042610777397
0.166,0.67,0.2,prob_true,0.20542851783917074,fit-age-sex,0,0.1120341725856107,0.3012657366134287,0.1120341725856107,0.3012657366134287
0.168,0.67,0.2,prob_true,0.20861055637986448,fit-age-sex,0,0.11337125071664066,0.306112837905622,0.11337125071664066,0.306112837905622
0.17,0.67,0.2,prob_true,0.2118016697683234,fit-age-sex,0,0.11471921287140315,0.31096275907559673,0.11471921287140315,0.31096275907559673
0.172,0.67,0.2,prob_true,0.21500324083757813,fit-age-sex,0,0.11607820182120708,0.3158164860949581,0.11607820182120708,0.3158164860949581
0.174,0.67,0.2,prob_true,0.2182165952279465,fit-age-sex,0,0.11744835003827919,0.32067495965632536,0.11744835003827919,0.32067495965632536
0.176,0.67,0.2,prob_true,0.22144300088798752,fit-age-sex,0,0.1188297786107003,0.32553907409404376,0.1188297786107003,0.32553907409404376
0.178,0.67,0.2,prob_true,0.22468370421698422,fit-age-sex,0,0.12022263124558903,0.3304097771578513,0.12022263124558903,0.3304097771578513
0.18,0.67,0.2,prob_true,0.22794006067793315,fit-age-sex,0,0.1216271991522084,0.33528843083953386,0.1216271991522084,0.33528843083953386
0.182,0.67,0.2,prob_true,0.23121348177660267,fit-age-sex,0,0.12304382043755997,0.3401765622390805,0.12304382043755997,0.3401765622390805
0.184,0.67,0.2,prob_true,0.23450555314595678,fit-age-sex,0,0.12447289199839233,0.3450760238708827,0.12447289199839233,0.3450760238708827
0.186,0.67,0.2,prob_true,0.23781784042179155,fit-age-sex,0,0.1259147889530969,0.34998897834359166,0.1259147889530969,0.34998897834359166
0.188,0.67,0.2,prob_true,0.24115163589055055,fit-age-sex,0,0.12736983043404992,0.35491736545932245,0.12736983043404992,0.35491736545932245
0.19,0.67,0.2,prob_true,0.2445082413463443,fit-age-sex,0,0.12883836084608657,0.35986320299135777,0.12883836084608657,0.35986320299135777
0.192,0.67,0.2,prob_true,0.2478885979107783,fit-age-sex,0,0.13032023809801127,0.36482845244467804,0.13032023809801127,0.36482845244467804
0.194,0.67,0.2,prob_true,0.2512932697279396,fit-age-sex,0,0.1318149870428675,0.3698147448744146,0.1318149870428675,0.3698147448744146
0.196,0.67,0.2,prob_true,0.25472257440801915,fit-age-sex,0,0.13331917750377822,0.37516992752480044,0.13331917750377822,0.37516992752480044
0.198,0.67,0.2,prob_true,0.258176763555486,fit-age-sex,0,0.13483385034333611,0.3808226938861185,0.13483385034333611,0.3808226938861185
0.2,0.67,0.2,prob_true,0.2616560916265721,fit-age-sex,0,0.1363610632242176,0.3865214266876349,0.1363610632242176,0.3865214266876349
0.0,0.67,0.62,prob_true,0.0,fit-age-sex,0,0.0,3.561409225992303e-05,0.0,3.561409225992303e-05
0.006,0.67,0.62,prob_true,0.00770465764527839,fit-age-sex,0,0.0040952741471932215,0.0122990394518732,0.0040952741471932215,0.0122990394518732
0.013,0.67,0.62,prob_true,0.015551932343527612,fit-age-sex,0,0.00863302542798489,0.023624296389273033,0.00863302542798489,0.023624296389273033
0.019,0.67,0.62,prob_true,0.02514188355415774,fit-age-sex,0,0.014158748255819925,0.03722353827338978,0.014158748255819925,0.03722353827338978
0.025,0.67,0.62,prob_true,0.031115388947951128,fit-age-sex,0,0.01974970188490938,0.0471762449798138,0.01974970188490938,0.0471762449798138
0.031,0.67,0.62,prob_true,0.036880774167387845,fit-age-sex,0,0.025061637895033996,0.0548255865190892,0.025061637895033996,0.0548255865190892
0.038,0.67,0.62,prob_true,0.04838555226693362,fit-age-sex,0,0.03270173363665554,0.06584405270081074,0.03270173363665554,0.06584405270081074
0.044,0.67,0.62,prob_true,0.055667476912373524,fit-age-sex,0,0.037116232203047494,0.07549800236248673,0.037116232203047494,0.07549800236248673
0.05,0.67,0.62,prob_true,0.059642491852606096,fit-age-sex,0,0.04152647163538536,0.08325288106745853,0.04152647163538536,0.08325288106745853
0.056,0.67,0.62,prob_true,0.061282523275769316,fit-age-sex,0,0.044615024943033245,0.08645932919858298,0.044615024943033245,0.08645932919858298
0.063,0.67,0.62,prob_true,0.06391694693011282,fit-age-sex,0,0.047292280279423574,0.08818462450783558,0.047292280279423574,0.08818462450783558
0.069,0.67,0.62,prob_true,0.0708050850563896,fit-age-sex,0,0.05296551355320057,0.09448981466333632,0.05296551355320057,0.09448981466333632
0.075,0.67,0.62,prob_true,0.07984884656809725,fit-age-sex,0,0.05925185607414897,0.10575915873042356,0.05925185607414897,0.10575915873042356
0.081,0.67,0.62,prob_true,0.08584397198807422,fit-age-sex,0,0.061454663235071254,0.11238002359120727,0.061454663235071254,0.11238002359120727
0.088,0.67,0.62,prob_true,0.08956586598314685,fit-age-sex,0,0.06168764405571166,0.12350832188558142,0.06168764405571166,0.12350832188558142
0.094,0.67,0.62,prob_true,0.09384939632126071,fit-age-sex,0,0.06406996822815887,0.12971509270833884,0.06406996822815887,0.12971509270833884
0.1,0.67,0.62,prob_true,0.09925808599481299,fit-age-sex,0,0.06723907714394885,0.13697809485466275,0.06723907714394885,0.13697809485466275
0.106,0.67,0.62,prob_true,0.10636942540340087,fit-age-sex,0,0.07117466770794095,0.1455755671463392,0.07117466770794095,0.1455755671463392
0.113,0.67,0.62,prob_true,0.11626960333062579,fit-age-sex,0,0.0762579329170126,0.15692471860919446,0.0762579329170126,0.15692471860919446
0.119,0.67,0.62,prob_true,0.12299343311123791,fit-age-sex,0,0.07952607401465864,0.1679784993160579,0.07952607401465864,0.1679784993160579
0.125,0.67,0.62,prob_true,0.12731892395135774,fit-age-sex,0,0.08278677690964464,0.17474828144227214,0.08278677690964464,0.17474828144227214
0.132,0.67,0.62,prob_true,0.13103659619963157,fit-age-sex,0,0.08324170262294542,0.1802209484624494,0.08324170262294542,0.1802209484624494
0.138,0.67,0.62,prob_true,0.13481964194809667,fit-age-sex,0,0.08443157727004456,0.18652320165450414,0.08443157727004456,0.18652320165450414
0.144,0.67,0.62,prob_true,0.13918170011969805,fit-age-sex,0,0.08676892304277431,0.19204184111281344,0.08676892304277431,0.19204184111281344
0.15,0.67,0.62,prob_true,0.14393218919260967,fit-age-sex,0,0.08961591538283811,0.19727977577561967,0.08961591538283811,0.19727977577561967
0.157,0.67,0.62,prob_true,0.1498759420816946,fit-age-sex,0,0.08956052544215537,0.20845177339570503,0.08956052544215537,0.20845177339570503
0.163,0.67,0.62,prob_true,0.1550893527785273,fit-age-sex,0,0.09005891233533145,0.2168502140927456,0.09005891233533145,0.2168502140927456
0.169,0.67,0.62,prob_true,0.1605119155281482,fit-age-sex,0,0.09170269468464765,0.22616063153703547,0.09170269468464765,0.22616063153703547
0.175,0.67,0.62,prob_true,0.16602237222891367,fit-age-sex,0,0.09399130330621498,0.23544294042626118,0.09399130330621498,0.23544294042626118
0.182,0.67,0.62,prob_true,0.17200908849754554,fit-age-sex,0,0.09642914566205707,0.24489448319231272,0.09642914566205707,0.24489448319231272
0.188,0.67,0.62,prob_true,0.1767247493095352,fit-age-sex,0,0.09850025043592023,0.25144387579851224,0.09850025043592023,0.25144387579851224
0.194,0.67,0.62,prob_true,0.1816490252515428,fit-age-sex,0,0.10274583330411548,0.2570365139263622,0.10274583330411548,0.2570365139263622
0.2,0.67,0.62,prob_true,0.18724057758851798,fit-age-sex,0,0.10774111253175056,0.2623880382445819,0.10774111253175056,0.2623880382445819
0.207,0.67,0.62,prob_true,0.1949064243664627,fit-age-sex,0,0.1139872970214363,0.2665573554995096,0.1139872970214363,0.2665573554995096
0.213,0.67,0.62,prob_true,0.2020071416121457,fit-age-sex,0,0.11749035273335162,0.2717563273348887,0.11749035273335162,0.2717563273348887
0.219,0.67,0.62,prob_true,0.2090393760959485,fit-age-sex,0,0.11886747728493512,0.27959149731645483,0.11886747728493512,0.27959149731645483
0.225,0.67,0.62,prob_true,0.215896624239225,fit-age-sex,0,0.1208917207170992,0.28735941952433647,0.1208917207170992,0.28735941952433647
0.232,0.67,0.62,prob_true,0.22405144378122036,fit-age-sex,0,0.12698667069643946,0.2977895577267182,0.12698667069643946,0.2977895577267182
0.238,0.67,0.62,prob_true,0.23119809838508165,fit-age-sex,0,0.12975226699373485,0.3061747616261856,0.12975226699373485,0.3061747616261856
0.244,0.67,0.62,prob_true,0.23839723583203104,fit-age-sex,0,0.13367019551753526,0.31403630259047594,0.13367019551753526,0.31403630259047594
0.251,0.67,0.62,prob_true,0.24676584305779295,fit-age-sex,0,0.13668878893892827,0.32571446319492525,0.13668878893892827,0.32571446319492525
0.257,0.67,0.62,prob_true,0.25373791146151276,fit-age-sex,0,0.1381099702554545,0.3348474077876629,0.1381099702554545,0.3348474077876629
0.263,0.67,0.62,prob_true,0.2603958468499058,fit-age-sex,0,0.13935905860886744,0.345971521064754,0.13935905860886744,0.345971521064754
0.269,0.67,0.62,prob_true,0.2667822957967269,fit-age-sex,0,0.14094192408608663,0.3569498068829532,0.14094192408608663,0.3569498068829532
0.276,0.67,0.62,prob_true,0.2742413249384362,fit-age-sex,0,0.14392982161998932,0.3687373196149626,0.14392982161998932,0.3687373196149626
0.282,0.67,0.62,prob_true,0.2808449715056951,fit-age-sex,0,0.1470134271922144,0.37822462974168064,0.1470134271922144,0.37822462974168064
0.288,0.67,0.62,prob_true,0.2875594236047477,fit-age-sex,0,0.1514413957349856,0.3876070002152559,0.1514413957349856,0.3876070002152559
0.294,0.67,0.62,prob_true,0.294281453189877,fit-age-sex,0,0.15711418468458221,0.3967615813215775,0.15711418468458221,0.3967615813215775
0.301,0.67,0.62,prob_true,0.30206146722224775,fit-age-sex,0,0.1642564222140327,0.40712158556255273,0.1642564222140327,0.40712158556255273
0.307,0.67,0.62,prob_true,0.30865159202051,fit-age-sex,0,0.17062812656396423,0.4157589740095833,0.17062812656396423,0.4157589740095833
0.313,0.67,0.62,prob_true,0.3151532247634104,fit-age-sex,0,0.17708140405396067,0.4241863620667119,0.17708140405396067,0.4241863620667119
0.319,0.67,0.62,prob_true,0.3214446915557317,fit-age-sex,0,0.18346811262192547,0.4320651097472466,0.18346811262192547,0.4320651097472466
0.326,0.67,0.62,prob_true,0.32838048044160817,fit-age-sex,0,0.19038765103862837,0.4414173785519301,0.19038765103862837,0.4414173785519301
0.332,0.67,0.62,prob_true,0.3339536259433513,fit-age-sex,0,0.19308311719980756,0.4480464263241112,0.19308311719980756,0.4480464263241112
0.338,0.67,0.62,prob_true,0.33920713831836186,fit-age-sex,0,0.19567003970206245,0.45299565877681774,0.19567003970206245,0.45299565877681774
0.344,0.67,0.62,prob_true,0.3441847323105152,fit-age-sex,0,0.19816287270784685,0.4578034195318191,0.19816287270784685,0.4578034195318191
0.351,0.67,0.62,prob_true,0.34971263854874907,fit-age-sex,0,0.20097485580069066,0.4653784335152024,0.20097485580069066,0.4653784335152024
0.357,0.67,0.62,prob_true,0.354270480004993,fit-age-sex,0,0.20332225521072914,0.4693071230201565,0.20332225521072914,0.4693071230201565
0.363,0.67,0.62,prob_true,0.35871008899043105,fit-age-sex,0,0.20562833328542215,0.47434770845291924,0.20562833328542215,0.47434770845291924
0.369,0.67,0.62,prob_true,0.36307040567037036,fit-age-sex,0,0.2079023914343129,0.48140054557963763,0.2079023914343129,0.48140054557963763
0.376,0.67,0.62,prob_true,0.3680977263086123,fit-age-sex,0,0.21034955683204742,0.48947369641866617,0.21034955683204742,0.48947369641866617
0.382,0.67,0.62,prob_true,0.3723822070719663,fit-age-sex,0,0.21194002601527615,0.49575480304296066,0.21194002601527615,0.49575480304296066
0.388,0.67,0.62,prob_true,0.3766630875411123,fit-age-sex,0,0.21218295634810747,0.5005079062849894,0.21218295634810747,0.5005079062849894
0.395,0.67,0.62,prob_true,0.381669693714832,fit-age-sex,0,0.21248087167505592,0.5060609841850535,0.21248087167505592,0.5060609841850535
0.401,0.67,0.62,prob_true,0.3859810391368018,fit-age-sex,0,0.21275198719053706,0.5108603140943504,0.21275198719053706,0.5108603140943504
0.407,0.67,0.62,prob_true,0.390316860775962,fit-age-sex,0,0.21303885004403159,0.5157172530442498,0.21303885004403159,0.5157172530442498
0.413,0.67,0.62,prob_true,0.3946820183018698,fit-age-sex,0,0.2133423546194655,0.5207018456659362,0.2133423546194655,0.5207018456659362
0.42,0.67,0.62,prob_true,0.39981838516595225,fit-age-sex,0,0.21371918927629144,0.5300941679163337,0.21371918927629144,0.5300941679163337
0.426,0.67,0.62,prob_true,0.4042626299133284,fit-age-sex,0,0.21447654057989085,0.5390986262757439,0.21447654057989085,0.5390986262757439
0.432,0.67,0.62,prob_true,0.4087478799759218,fit-age-sex,0,0.21554426521875258,0.5492746493190368,0.21554426521875258,0.5492746493190368
0.438,0.67,0.62,prob_true,0.41327536429665307,fit-age-sex,0,0.21682986518947472,0.5598873815976781,0.21682986518947472,0.5598873815976781
0.445,0.67,0.62,prob_true,0.41860935727563453,fit-age-sex,0,0.21836231759751873,0.5723117152031694,0.21836231759751873,0.5723117152031694
0.451,0.67,0.62,prob_true,0.4232222504223596,fit-age-sex,0,0.21970415730967024,0.5829663925393377,0.21970415730967024,0.5829663925393377
0.457,0.67,0.62,prob_true,0.4278690272155477,fit-age-sex,0,0.22107180838107454,0.5917797147055706,0.22107180838107454,0.5917797147055706
0.463,0.67,0.62,prob_true,0.4325467923178427,fit-age-sex,0,0.22192340858255688,0.600624627519383,0.22192340858255688,0.600624627519383
0.47,0.67,0.62,prob_true,0.4380394300047501,fit-age-sex,0,0.22229523568989357,0.610981921319956,0.22229523568989357,0.610981921319956
0.476,0.67,0.62,prob_true,0.44277417662871477,fit-age-sex,0,0.22264002728555288,0.6198908228342471,0.22264002728555288,0.6198908228342471
0.482,0.67,0.62,prob_true,0.44753043906053397,fit-age-sex,0,0.2230035261127545,0.6288270702554848,0.2230035261127545,0.6288270702554848
0.488,0.67,0.62,prob_true,0.45230520418157866,fit-age-sex,0,0.2233809628408183,0.6378864527065596,0.2233809628408183,0.6378864527065596
0.495,0.67,0.62,prob_true,0.4578952442574785,fit-age-sex,0,0.2238291131949862,0.6485877964392027,0.2238291131949862,0.6485877964392027
0.501,0.67,0.62,prob_true,0.46270105332057837,fit-age-sex,0,0.22416489282983856,0.6577805192512697,0.22416489282983856,0.6577805192512697
0.507,0.67,0.62,prob_true,0.46751879716067873,fit-age-sex,0,0.22450253278943,0.6669905137312565,0.22450253278943,0.6669905137312565
0.514,0.67,0.62,prob_true,0.473152976530384,fit-age-sex,0,0.22489468027576492,0.6777557760104281,0.22489468027576492,0.6777557760104281
0.52,0.67,0.62,prob_true,0.47799246106771187,fit-age-sex,0,0.22522600834649387,0.6871463061265445,0.22522600834649387,0.6871463061265445
0.526,0.67,0.62,prob_true,0.4828400109350325,fit-age-sex,0,0.22555008867143211,0.6974757879256619,0.22555008867143211,0.6974757879256619
0.532,0.67,0.62,prob_true,0.4876932183239329,fit-age-sex,0,0.22586443007163662,0.7078398601010901,0.22586443007163662,0.7078398601010901
0.539,0.67,0.62,prob_true,0.493357281423614,fit-age-sex,0,0.22581255741856462,0.7199743669235836,0.22581255741856462,0.7199743669235836
0.545,0.67,0.62,prob_true,0.4982084453157441,fit-age-sex,0,0.22532714810632173,0.7304105684296262,0.22532714810632173,0.7304105684296262
0.551,0.67,0.62,prob_true,0.5030512562122511,fit-age-sex,0,0.22549567809702353,0.7408776760549465,0.22549567809702353,0.7408776760549465
0.557,0.67,0.62,prob_true,0.5078816133284616,fit-age-sex,0,0.22564152759455974,0.7513742829319795,0.22564152759455974,0.7513742829319795
0.564,0.67,0.62,prob_true,0.5134978216356291,fit-age-sex,0,0.22560013019401418,0.7636558447856698,0.22560013019401418,0.7636558447856698
0.57,0.67,0.62,prob_true,0.5182927389813434,fit-age-sex,0,0.22553828364163064,0.7742119229922857,0.22553828364163064,0.7742119229922857
0.576,0.67,0.62,prob_true,0.5230679119635451,fit-age-sex,0,0.2254515790183346,0.784793559601735,0.2254515790183346,0.784793559601735
0.582,0.67,0.62,prob_true,0.5278213104814767,fit-age-sex,0,0.22535928220373158,0.7953996538260435,0.22535928220373158,0.7953996538260435
0.589,0.67,0.62,prob_true,0.5333368160591307,fit-age-sex,0,0.22590364252376038,0.8078029582279604,0.22590364252376038,0.8078029582279604
0.595,0.67,0.62,prob_true,0.5380364201685728,fit-age-sex,0,0.22634400984927341,0.8184585529542006,0.22634400984927341,0.8184585529542006
0.601,0.67,0.62,prob_true,0.5427082922220621,fit-age-sex,0,0.22675908361379069,0.8291355034199339,0.22675908361379069,0.8291355034199339
0.607,0.67,0.62,prob_true,0.54735068604844,fit-age-sex,0,0.2272682964047596,0.839832937959118,0.2272682964047596,0.839832937959118
0.614,0.67,0.62,prob_true,0.5527273064639425,fit-age-sex,0,0.228199617831844,0.8523380688681439,0.228199617831844,0.8523380688681439
0.62,0.67,0.62,prob_true,0.5573003084663053,fit-age-sex,0,0.2287506713817156,0.8630771108123523,0.2287506713817156,0.8630771108123523
0.0,0.67,0.2,prob_true,0.0,fit-spline,0,0.0,0.00047918919980829023,0.0,0.00047918919980829023
0.002,0.67,0.2,prob_true,0.0011596663131908825,fit-spline,0,0.00045877344484821934,0.001974610732967612,0.00045877344484821934,0.001974610732967612
0.004,0.67,0.2,prob_true,0.003941497799385657,fit-spline,0,0.0017597659740544083,0.006875544992239715,0.0017597659740544083,0.006875544992239715
0.006,0.67,0.2,prob_true,0.007103584902850438,fit-spline,0,0.0032850459643838418,0.011812374352835968,0.0032850459643838418,0.011812374352835968
0.008,0.67,0.2,prob_true,0.010392612442108526,fit-spline,0,0.004852844506449073,0.01675290783464513,0.004852844506449073,0.01675290783464513
0.01,0.67,0.2,prob_true,0.016441412152611988,fit-spline,0,0.00994604577639573,0.02408288281530136,0.00994604577639573,0.02408288281530136
0.012,0.67,0.2,prob_true,0.01694433609789264,fit-spline,0,0.010319196276405752,0.025218476595367155,0.010319196276405752,0.025218476595367155
0.014,0.67,0.2,prob_true,0.01592756457893911,fit-spline,0,0.008786465061236662,0.022662816031919518,0.008786465061236662,0.022662816031919518
0.016,0.67,0.2,prob_true,0.01583597738577785,fit-spline,0,0.009271835564590951,0.022545389739257588,0.009271835564590951,0.022545389739257588
0.018,0.67,0.2,prob_true,0.017400081690232452,fit-spline,0,0.010424470648475001,0.025115748035425982,0.010424470648475001,0.025115748035425982
0.02,0.67,0.2,prob_true,0.019980221661096198,fit-spline,0,0.012508222924605478,0.029660458571205965,0.012508222924605478,0.029660458571205965
0.022,0.67,0.2,prob_true,0.021811739123572652,fit-spline,0,0.013060240807789024,0.03332440416991076,0.013060240807789024,0.03332440416991076
0.024,0.67,0.2,prob_true,0.022157417226263264,fit-spline,0,0.0121564835100941,0.03372452494313566,0.0121564835100941,0.03372452494313566
0.026,0.67,0.2,prob_true,0.022817183544444442,fit-spline,0,0.01225232566532696,0.03460102340306205,0.01225232566532696,0.03460102340306205
0.028,0.67,0.2,prob_true,0.025403262493056803,fit-spline,0,0.015889100831535028,0.03754103360014126,0.015889100831535028,0.03754103360014126
0.03,0.67,0.2,prob_true,0.02907474029332996,fit-spline,0,0.017872982745086148,0.04270541740727584,0.017872982745086148,0.04270541740727584
0.032,0.67,0.2,prob_true,0.03276677833837762,fit-spline,0,0.021319981990219984,0.04921041882966312,0.021319981990219984,0.04921041882966312
0.034,0.67,0.2,prob_true,0.03586496260355518,fit-spline,0,0.025160023197650153,0.05347046598384135,0.025160023197650153,0.05347046598384135
0.036,0.67,0.2,prob_true,0.03817319133901965,fit-spline,0,0.02742044500399729,0.05632705841138932,0.02742044500399729,0.05632705841138932
0.038,0.67,0.2,prob_true,0.03977829294138893,fit-spline,0,0.02803022667394716,0.05767428608615177,0.02803022667394716,0.05767428608615177
0.04,0.67,0.2,prob_true,0.04067183938953768,fit-spline,0,0.02805150255010001,0.05838069209711334,0.02805150255010001,0.05838069209711334
0.042,0.67,0.2,prob_true,0.04143247317980267,fit-spline,0,0.02747027723296054,0.05851095333007779,0.02747027723296054,0.05851095333007779
0.044,0.67,0.2,prob_true,0.04251008284751715,fit-spline,0,0.02800213892760934,0.059196449625281033,0.02800213892760934,0.059196449625281033
0.046,0.67,0.2,prob_true,0.04402166386275082,fit-spline,0,0.029190858840902344,0.060264218606017744,0.029190858840902344,0.060264218606017744
0.048,0.67,0.2,prob_true,0.0458198214007158,fit-spline,0,0.03139046574963452,0.06258542100821839,0.03139046574963452,0.06258542100821839
0.051,0.67,0.2,prob_true,0.04855307407519409,fit-spline,0,0.034612016800433534,0.06633151537167577,0.034612016800433534,0.06633151537167577
0.053,0.67,0.2,prob_true,0.050211787291867094,fit-spline,0,0.03593700922228174,0.0685038850936215,0.03593700922228174,0.0685038850936215
0.055,0.67,0.2,prob_true,0.05192045240373367,fit-spline,0,0.03712342724699693,0.07068342392868102,0.03712342724699693,0.07068342392868102
0.057,0.67,0.2,prob_true,0.05380592492099396,fit-spline,0,0.038193586567077026,0.07300496344107729,0.038193586567077026,0.07300496344107729
0.059,0.67,0.2,prob_true,0.0557851006249091,fit-spline,0,0.03915209493642086,0.07586516648687548,0.03915209493642086,0.07586516648687548
0.061,0.67,0.2,prob_true,0.05773971951084496,fit-spline,0,0.04066542542026505,0.0784753921893328,0.04066542542026505,0.0784753921893328
0.063,0.67,0.2,prob_true,0.059699529375553284,fit-spline,0,0.04225018357148113,0.08135207426002822,0.04225018357148113,0.08135207426002822
0.065,0.67,0.2,prob_true,0.06164516635354584,fit-spline,0,0.04444428416208384,0.08455138425531582,0.04444428416208384,0.08455138425531582
0.067,0.67,0.2,prob_true,0.0634948620779397,fit-spline,0,0.0464152989658654,0.08789245241118107,0.0464152989658654,0.08789245241118107
0.069,0.67,0.2,prob_true,0.06520617637430477,fit-spline,0,0.048103399229398255,0.0901872720207476,0.048103399229398255,0.0901872720207476
0.071,0.67,0.2,prob_true,0.06672732254669803,fit-spline,0,0.04901525317266607,0.09153076410119962,0.04901525317266607,0.09153076410119962
0.073,0.67,0.2,prob_true,0.06801185545566428,fit-spline,0,0.050015771303089755,0.09298637786877642,0.050015771303089755,0.09298637786877642
0.075,0.67,0.2,prob_true,0.06911972561090526,fit-spline,0,0.051441196815678894,0.09489005635723997,0.051441196815678894,0.09489005635723997
0.077,0.67,0.2,prob_true,0.07017997440927676,fit-spline,0,0.05273638457197873,0.09749302516174144,0.05273638457197873,0.09749302516174144
0.079,0.67,0.2,prob_true,0.07123221178356434,fit-spline,0,0.05333049262688747,0.09997230830808483,0.05333049262688747,0.09997230830808483
0.081,0.67,0.2,prob_true,0.07237357946720434,fit-spline,0,0.0534365250683049,0.10237572697945142,0.0534365250683049,0.10237572697945142
0.083,0.67,0.2,prob_true,0.07366775867792544,fit-spline,0,0.05370815484041429,0.1038146495802278,0.05370815484041429,0.1038146495802278
0.085,0.67,0.2,prob_true,0.07510704704480727,fit-spline,0,0.054161209958834305,0.10523382220442326,0.054161209958834305,0.10523382220442326
0.087,0.67,0.2,prob_true,0.07668027928556875,fit-spline,0,0.05586374429165684,0.10674623744680803,0.05586374429165684,0.10674623744680803
0.089,0.67,0.2,prob_true,0.07835567651670904,fit-spline,0,0.05734778996368417,0.10892242363893087,0.05734778996368417,0.10892242363893087
0.091,0.67,0.2,prob_true,0.08005796816436571,fit-spline,0,0.05765078591531942,0.11174594891315637,0.05765078591531942,0.11174594891315637
0.093,0.67,0.2,prob_true,0.08176672797296577,fit-spline,0,0.05760639870428696,0.11457849234744555,0.05760639870428696,0.11457849234744555
0.095,0.67,0.2,prob_true,0.08352819710260231,fit-spline,0,0.05770324926459024,0.11754092461017959,0.05770324926459024,0.11754092461017959
0.097,0.67,0.2,prob_true,0.08538247486250417,fit-spline,0,0.0580343939380578,0.1210162138706258,0.0580343939380578,0.1210162138706258
0.099,0.67,0.2,prob_true,0.08734481053623894,fit-spline,0,0.058611448204493856,0.12422050521035403,0.058611448204493856,0.12422050521035403
0.101,0.67,0.2,prob_true,0.0893806108931429,fit-spline,0,0.059602935328578875,0.12621134081479513,0.059602935328578875,0.12621134081479513
0.103,0.67,0.2,prob_true,0.09144302736411049,fit-spline,0,0.061154704077379926,0.12794666713952638,0.061154704077379926,0.12794666713952638
0.105,0.67,0.2,prob_true,0.0934954398499649,fit-spline,0,0.06241105820298287,0.12944736913196644,0.06241105820298287,0.12944736913196644
0.107,0.67,0.2,prob_true,0.0955180727906278,fit-spline,0,0.06429091501861667,0.1307639421385173,0.06429091501861667,0.1307639421385173
0.109,0.67,0.2,prob_true,0.09750134503362555,fit-spline,0,0.06532603868780344,0.1319473476544388,0.06532603868780344,0.1319473476544388
0.111,0.67,0.2,prob_true,0.09944239568155938,fit-spline,0,0.0659795689103414,0.13304271399705336,0.0659795689103414,0.13304271399705336
0.113,0.67,0.2,prob_true,0.10134242971562765,fit-spline,0,0.06659896704881069,0.13408718184196,0.06659896704881069,0.13408718184196
0.115,0.67,0.2,prob_true,0.10320503283962523,fit-spline,0,0.06719464940035359,0.1356043413610488,0.06719464940035359,0.1356043413610488
0.117,0.67,0.2,prob_true,0.1050346487320709,fit-spline,0,0.0677738555233916,0.13787630322561176,0.0677738555233916,0.13787630322561176
0.119,0.67,0.2,prob_true,0.10683524105684326,fit-spline,0,0.06833662666661913,0.14135709268808783,0.06833662666661913,0.14135709268808783
0.121,0.67,0.2,prob_true,0.10861049186379636,fit-spline,0,0.0688830964267015,0.14506342476621012,0.0688830964267015,0.14506342476621012
0.123,0.67,0.2,prob_true,0.11036382026588247,fit-spline,0,0.06941371937609682,0.14870986360531757,0.06941371937609682,0.14870986360531757
0.125,0.67,0.2,prob_true,0.11209820892085673,fit-spline,0,0.06992921185509567,0.15230375239600707,0.06992921185509567,0.15230375239600707
0.127,0.67,0.2,prob_true,0.11381648424035905,fit-spline,0,0.07043035358134661,0.1558523765759589,0.07043035358134661,0.1558523765759589
0.129,0.67,0.2,prob_true,0.11552137000726398,fit-spline,0,0.07091803699328246,0.15936460302488686,0.07091803699328246,0.15936460302488686
0.131,0.67,0.2,prob_true,0.1172152593320016,fit-spline,0,0.07139320375713176,0.1628463500651477,0.07139320375713176,0.1628463500651477
0.133,0.67,0.2,prob_true,0.11890015652143707,fit-spline,0,0.07185675904278305,0.16630252031202197,0.07185675904278305,0.16630252031202197
0.135,0.67,0.2,prob_true,0.1205780217840699,fit-spline,0,0.07230961503938159,0.16973884767088687,0.07230961503938159,0.16973884767088687
0.137,0.67,0.2,prob_true,0.12225080490972462,fit-spline,0,0.07275272965555127,0.17316093284406542,0.07275272965555127,0.17316093284406542
0.139,0.67,0.2,prob_true,0.1239204379426366,fit-spline,0,0.07318712541192939,0.1765741824324562,0.07318712541192939,0.1765741824324562
0.141,0.67,0.2,prob_true,0.12558887191933935,fit-spline,0,0.07361389451568008,0.1799838951576537,0.07361389451568008,0.1799838951576537
0.143,0.67,0.2,prob_true,0.12725809950636868,fit-spline,0,0.07403424366948107,0.18339528550038384,0.07403424366948107,0.18339528550038384
0.145,0.67,0.2,prob_true,0.12892958639584637,fit-spline,0,0.07444934033024857,0.18681302386562434,0.07444934033024857,0.18681302386562434
0.147,0.67,0.2,prob_true,0.1306041952174895,fit-spline,0,0.07485993124685293,0.19024092957701835,0.07485993124685293,0.19024092957701835
0.149,0.67,0.2,prob_true,0.13228254714313933,fit-spline,0,0.07493113003291978,0.19368229027258818,0.07493113003291978,0.19368229027258818
0.152,0.67,0.2,prob_true,0.13480872114516881,fit-spline,0,0.07502384079652716,0.1988767129213825,0.07502384079652716,0.1988767129213825
0.154,0.67,0.2,prob_true,0.13649997789787136,fit-spline,0,0.07508573396609361,0.20236584550824038,0.07508573396609361,0.20236584550824038
0.156,0.67,0.2,prob_true,0.13819742848039795,fit-spline,0,0.07514646279920224,0.2058776166883851,0.07514646279920224,0.2058776166883851
0.158,0.67,0.2,prob_true,0.13990075413148198,fit-spline,0,0.07520491547796299,0.2094115869096208,0.07520491547796299,0.2094115869096208
0.16,0.67,0.2,prob_true,0.14160973063115548,fit-spline,0,0.07526006444339371,0.212967427776304,0.07526006444339371,0.212967427776304
0.162,0.67,0.2,prob_true,0.14332414971070578,fit-spline,0,0.0753109528248805,0.21654482449413473,0.0753109528248805,0.21654482449413473
0.164,0.67,0.2,prob_true,0.14504385136849915,fit-spline,0,0.07535672848084134,0.2201434350857272,0.07535672848084134,0.2201434350857272
0.166,0.67,0.2,prob_true,0.14676876565771876,fit-spline,0,0.07539666036559163,0.22376297125568564,0.07539666036559163,0.22376297125568564
0.168,0.67,0.2,prob_true,0.14849880592401019,fit-spline,0,0.07543004089093938,0.22740320746268852,0.07543004089093938,0.22740320746268852
0.17,0.67,0.2,prob_true,0.150233547077059,fit-spline,0,0.07545597816208122,0.23106365814319127,0.07545597816208122,0.23106365814319127
0.172,0.67,0.2,prob_true,0.15197261753207947,fit-spline,0,0.07547362275995238,0.2347439161082875,0.07547362275995238,0.2347439161082875
0.174,0.67,0.2,prob_true,0.15371605415190767,fit-spline,0,0.0754823665040283,0.23844421785287176,0.0754823665040283,0.23844421785287176
0.176,0.67,0.2,prob_true,0.1554642373162226,fit-spline,0,0.07548186358320694,0.2421652687842138,0.07548186358320694,0.2421652687842138
0.178,0.67,0.2,prob_true,0.15721758691772317,fit-spline,0,0.07547181995035462,0.2459077859878706,0.07547181995035462,0.2459077859878706
0.18,0.67,0.2,prob_true,0.1589764888220153,fit-spline,0,0.07545199535774233,0.2496724308837363,0.07545199535774233,0.2496724308837363
0.182,0.67,0.2,prob_true,0.16074092429480363,fit-spline,0,0.07542204451207724,0.25345928714383886,0.07542204451207724,0.25345928714383886
0.184,0.67,0.2,prob_true,0.1625103248791301,fit-spline,0,0.07538159652000162,0.25718599505418477,0.07538159652000162,0.25718599505418477
0.186,0.67,0.2,prob_true,0.1642840487678811,fit-spline,0,0.07533033524171372,0.2606098768480428,0.07533033524171372,0.2606098768480428
0.188,0.67,0.2,prob_true,0.16606156048384138,fit-spline,0,0.0752680771351288,0.26404648934710173,0.0752680771351288,0.26404648934710173
0.19,0.67,0.2,prob_true,0.16784187043241666,fit-spline,0,0.07519467339365847,0.2674937917676562,0.07519467339365847,0.2674937917676562
0.192,0.67,0.2,prob_true,0.16962395868852914,fit-spline,0,0.07511000956280393,0.2709497115496445,0.07511000956280393,0.2709497115496445
0.194,0.67,0.2,prob_true,0.171407153417787,fit-spline,0,0.07501410526378961,0.27441274843247654,0.07501410526378961,0.27441274843247654
0.196,0.67,0.2,prob_true,0.17319100446885113,fit-spline,0,0.07490714258683742,0.2778819051176553,0.07490714258683742,0.2778819051176553
0.198,0.67,0.2,prob_true,0.1749751370253136,fit-spline,0,0.07478934482740596,0.28135634673631577,0.07478934482740596,0.28135634673631577
0.2,0.67,0.2,prob_true,0.1767593818124064,fit-spline,0,0.07466103611300723,0.2848638046534522,0.07466103611300723,0.2848638046534522
0.0,0.67,0.54,prob_true,0.0,fit-spline,0,0.0,0.0003450148783272886,0.0,0.0003450148783272886
0.005,0.67,0.54,prob_true,0.005750663625112436,fit-spline,0,0.0026263489895775056,0.01020645816677891,0.0026263489895775056,0.01020645816677891
0.011,0.67,0.54,prob_true,0.01727831518377834,fit-spline,0,0.010708224011813455,0.025706767252901965,0.010708224011813455,0.025706767252901965
0.016,0.67,0.54,prob_true,0.015835733165901693,fit-spline,0,0.009291963244581446,0.022540647856405464,0.009291963244581446,0.022540647856405464
0.022,0.67,0.54,prob_true,0.02180961103840061,fit-spline,0,0.013062065369028304,0.03331312254243176,0.013062065369028304,0.03331312254243176
0.027,0.67,0.54,prob_true,0.02390688379635342,fit-spline,0,0.013887197671961655,0.035871535091029416,0.013887197671961655,0.035871535091029416
0.033,0.67,0.54,prob_true,0.034420236608262905,fit-spline,0,0.023391537056818713,0.05170712157306566,0.023391537056818713,0.05170712157306566
0.038,0.67,0.54,prob_true,0.03976312356811314,fit-spline,0,0.02801969203401431,0.05765852999630852,0.02801969203401431,0.05765852999630852
0.044,0.67,0.54,prob_true,0.04250400806559783,fit-spline,0,0.0280064669595966,0.05916784329831761,0.0280064669595966,0.05916784329831761
0.049,0.67,0.54,prob_true,0.04675135379170871,fit-spline,0,0.03265160184458121,0.06387803754357042,0.03265160184458121,0.06387803754357042
0.055,0.67,0.54,prob_true,0.051919160312252924,fit-spline,0,0.03711862932828792,0.07067500755829685,0.03711862932828792,0.07067500755829685
0.06,0.67,0.54,prob_true,0.05676299606931559,fit-spline,0,0.03993017334666156,0.07718370492066735,0.03993017334666156,0.07718370492066735
0.065,0.67,0.54,prob_true,0.06164530737069941,fit-spline,0,0.044453189026352195,0.0845488677850469,0.044453189026352195,0.0845488677850469
0.071,0.67,0.54,prob_true,0.06672305590639037,fit-spline,0,0.04901674773731213,0.0915049957825947,0.04901674773731213,0.0915049957825947
0.076,0.67,0.54,prob_true,0.06964463415878822,fit-spline,0,0.052149625590064586,0.09620465704353373,0.052149625590064586,0.09620465704353373
0.082,0.67,0.54,prob_true,0.07299932255250716,fit-spline,0,0.05355351124749376,0.10309236218051093,0.05355351124749376,0.10309236218051093
0.087,0.67,0.54,prob_true,0.07668366125161177,fit-spline,0,0.055885955657084235,0.10673955122708921,0.055885955657084235,0.10673955122708921
0.093,0.67,0.54,prob_true,0.0817700373041863,fit-spline,0,0.05760455524745745,0.11458107156290613,0.05760455524745745,0.11458107156290613
0.098,0.67,0.54,prob_true,0.08635684972628663,fit-spline,0,0.058302258079777555,0.12275158837585436,0.058302258079777555,0.12275158837585436
0.104,0.67,0.54,prob_true,0.09246815357092496,fit-spline,0,0.06165180217867352,0.12870296034352563,0.06165180217867352,0.12870296034352563
0.109,0.67,0.54,prob_true,0.09740456022840879,fit-spline,0,0.06517124977500527,0.1320768720904601,0.06517124977500527,0.1320768720904601
0.115,0.67,0.54,prob_true,0.10309777341900102,fit-spline,0,0.0664468153845109,0.13624985440621204,0.0664468153845109,0.13624985440621204
0.12,0.67,0.54,prob_true,0.10774059862608,fit-spline,0,0.06712986298939554,0.14290575870049546,0.06712986298939554,0.14290575870049546
0.125,0.67,0.54,prob_true,0.11203382194491726,fit-spline,0,0.06863382551928873,0.1501698043555066,0.06863382551928873,0.1501698043555066
0.131,0.67,0.54,prob_true,0.11744412607806079,fit-spline,0,0.07259173967743046,0.15753097852307255,0.07259173967743046,0.15753097852307255
0.136,0.67,0.54,prob_true,0.12283392228198142,fit-spline,0,0.07683422132108034,0.16552490006892442,0.07683422132108034,0.16552490006892442
0.142,0.67,0.54,prob_true,0.13026136555036857,fit-spline,0,0.08313113070568337,0.17690215194502193,0.08313113070568337,0.17690215194502193
0.147,0.67,0.54,prob_true,0.13677810461371498,fit-spline,0,0.0863570477480359,0.18587124022188853,0.0863570477480359,0.18587124022188853
0.153,0.67,0.54,prob_true,0.14467358992725057,fit-spline,0,0.09032805629676069,0.19731026984845043,0.09032805629676069,0.19731026984845043
0.158,0.67,0.54,prob_true,0.1511757506224692,fit-spline,0,0.09450108060043862,0.20584240658918795,0.09450108060043862,0.20584240658918795
0.164,0.67,0.54,prob_true,0.15903783962612564,fit-spline,0,0.09926229564028549,0.21529872734678301,0.09926229564028549,0.21529872734678301
0.169,0.67,0.54,prob_true,0.1658419437790542,fit-spline,0,0.10359613174523305,0.22308896675399434,0.10359613174523305,0.22308896675399434
0.175,0.67,0.54,prob_true,0.17435265051324278,fit-spline,0,0.11105744479636366,0.2323382419818801,0.11105744479636366,0.2323382419818801
0.18,0.67,0.54,prob_true,0.1816311717044596,fit-spline,0,0.11741548449482739,0.2398805302687123,0.11741548449482739,0.2398805302687123
0.185,0.67,0.54,prob_true,0.18918856294220948,fit-spline,0,0.12353977365722005,0.2479794718133987,0.12353977365722005,0.2479794718133987
0.191,0.67,0.54,prob_true,0.19859109686090054,fit-spline,0,0.12772194433166476,0.25827296118710064,0.12772194433166476,0.25827296118710064
0.196,0.67,0.54,prob_true,0.20658973110370304,fit-spline,0,0.1316080339186098,0.26719548103927104,0.1316080339186098,0.26719548103927104
0.202,0.67,0.54,prob_true,0.21607577105150844,fit-spline,0,0.136542919864884,0.277605612158184,0.136542919864884,0.277605612158184
0.207,0.67,0.54,prob_true,0.22354515449955273,fit-spline,0,0.1418535414849946,0.28580976717249607,0.1418535414849946,0.28580976717249607
0.213,0.67,0.54,prob_true,0.23188715156818712,fit-spline,0,0.14611097581935345,0.2929652954993672,0.14611097581935345,0.2929652954993672
0.218,0.67,0.54,prob_true,0.23844799359566435,fit-spline,0,0.15036600797648278,0.29850218734143086,0.15036600797648278,0.29850218734143086
0.224,0.67,0.54,prob_true,0.24598263486341643,fit-spline,0,0.1562265107813991,0.3088424923562563,0.1562265107813991,0.3088424923562563
0.229,0.67,0.54,prob_true,0.25196748155417426,fit-spline,0,0.15989439778684456,0.31927207124393253,0.15989439778684456,0.31927207124393253
0.235,0.67,0.54,prob_true,0.25877787850389883,fit-spline,0,0.1621620429571591,0.33100799190603464,0.1621620429571591,0.33100799190603464
0.24,0.67,0.54,prob_true,0.2641963219139587,fit-spline,0,0.16390625713448867,0.34012428203298545,0.16390625713448867,0.34012428203298545
0.245,0.67,0.54,prob_true,0.26951801296645145,fit-spline,0,0.1661825873083529,0.34878205252609895,0.1661825873083529,0.34878205252609895
0.251,0.67,0.54,prob_true,0.27594289871783895,fit-spline,0,0.17195840118705266,0.36053766531125453,0.17195840118705266,0.36053766531125453
0.256,0.67,0.54,prob_true,0.2814002803798671,fit-spline,0,0.17694837148836629,0.37074969062869967,0.17694837148836629,0.37074969062869967
0.262,0.67,0.54,prob_true,0.2881089564243299,fit-spline,0,0.18300609537380866,0.3830886862702955,0.18300609537380866,0.3830886862702955
0.267,0.67,0.54,prob_true,0.29383632270748733,fit-spline,0,0.18810044377215696,0.39208717522225967,0.18810044377215696,0.39208717522225967
0.273,0.67,0.54,prob_true,0.3008467224727785,fit-spline,0,0.19426581064811024,0.4024517967556739,0.19426581064811024,0.4024517967556739
0.278,0.67,0.54,prob_true,0.3066764944730897,fit-spline,0,0.1993743768471729,0.41074941957785577,0.1993743768471729,0.41074941957785577
0.284,0.67,0.54,prob_true,0.31351038591171215,fit-spline,0,0.20467344733521006,0.420088232848551,0.20467344733521006,0.420088232848551
0.289,0.67,0.54,prob_true,0.3190230802083382,fit-spline,0,0.2073117924872574,0.4271069920654729,0.2073117924872574,0.4271069920654729
0.295,0.67,0.54,prob_true,0.32540970442903855,fit-spline,0,0.2102462260573966,0.4322477408617311,0.2102462260573966,0.4322477408617311
0.3,0.67,0.54,prob_true,0.3305551747194544,fit-spline,0,0.21252213893598082,0.43461989478062585,0.21252213893598082,0.43461989478062585
0.305,0.67,0.54,prob_true,0.3355631570724249,fit-spline,0,0.2146723731087787,0.436503867642923,0.2146723731087787,0.436503867642923
0.311,0.67,0.54,prob_true,0.341425591109205,fit-spline,0,0.2170751442094744,0.4428911774342923,0.2170751442094744,0.4428911774342923
0.316,0.67,0.54,prob_true,0.34621529189020583,fit-spline,0,0.21887930639275402,0.4496419019552592,0.21887930639275402,0.4496419019552592
0.322,0.67,0.54,prob_true,0.35187966894728867,fit-spline,0,0.22097445405634183,0.4587816067518806,0.22097445405634183,0.4587816067518806
0.327,0.67,0.54,prob_true,0.35655112354223306,fit-spline,0,0.22268285722864758,0.46632710030274815,0.22268285722864758,0.46632710030274815
0.333,0.67,0.54,prob_true,0.3621196883965485,fit-spline,0,0.22346453061687058,0.47532491387586057,0.22346453061687058,0.47532491387586057
0.338,0.67,0.54,prob_true,0.36674210086444814,fit-spline,0,0.223765632798257,0.48223464304795804,0.223765632798257,0.48223464304795804
0.344,0.67,0.54,prob_true,0.37228162484343613,fit-spline,0,0.22422236345391572,0.49106083687579555,0.22422236345391572,0.49106083687579555
0.349,0.67,0.54,prob_true,0.37690047343299843,fit-spline,0,0.2258323835157505,0.49918143814234395,0.2258323835157505,0.49918143814234395
0.355,0.67,0.54,prob_true,0.38245282371910033,fit-spline,0,0.2277501098163725,0.5081206035274439,0.2277501098163725,0.5081206035274439
0.36,0.67,0.54,prob_true,0.38708967921555804,fit-spline,0,0.22934300127972607,0.5155776096457748,0.22934300127972607,0.5155776096457748
0.365,0.67,0.54,prob_true,0.39173584711867415,fit-spline,0,0.23093543262939514,0.5230443438664908,0.23093543262939514,0.5230443438664908
0.371,0.67,0.54,prob_true,0.39732273352604186,fit-spline,0,0.2328495541293029,0.5327526877439648,0.2328495541293029,0.5327526877439648
0.376,0.67,0.54,prob_true,0.40198660704044487,fit-spline,0,0.23444937021082937,0.5420189994749132,0.23444937021082937,0.5420189994749132
0.382,0.67,0.54,prob_true,0.40759040060721596,fit-spline,0,0.23637625494265496,0.5532153109467915,0.23637625494265496,0.5532153109467915
0.387,0.67,0.54,prob_true,0.41226367487363424,fit-spline,0,0.23798836491228528,0.5626749408782586,0.23798836491228528,0.5626749408782586
0.393,0.67,0.54,prob_true,0.4178730913847947,fit-spline,0,0.23987547791500688,0.5740528229948377,0.23987547791500688,0.5740528229948377
0.398,0.67,0.54,prob_true,0.4225483286346415,fit-spline,0,0.24143605132252022,0.5835575634849344,0.24143605132252022,0.5835575634849344
0.404,0.67,0.54,prob_true,0.42815945973012454,fit-spline,0,0.24332221255959952,0.5949929535028188,0.24332221255959952,0.5949929535028188
0.409,0.67,0.54,prob_true,0.43283678258490177,fit-spline,0,0.24490713317287016,0.6045495441983878,0.24490713317287016,0.6045495441983878
0.415,0.67,0.54,prob_true,0.4384507852534889,fit-spline,0,0.24682622722031297,0.6160508031994204,0.24682622722031297,0.6160508031994204
0.42,0.67,0.54,prob_true,0.4431283866950679,fit-spline,0,0.24843992841363297,0.6256931259599977,0.24843992841363297,0.6256931259599977
0.425,0.67,0.54,prob_true,0.44780359184880814,fit-spline,0,0.25006671277496345,0.6358552773103278,0.25006671277496345,0.6358552773103278
0.431,0.67,0.54,prob_true,0.45340834803800595,fit-spline,0,0.2517290490151999,0.6480812049323428,0.2517290490151999,0.6480812049323428
0.436,0.67,0.54,prob_true,0.4580724552827627,fit-spline,0,0.2527505519013968,0.6582956213673743,0.2527505519013968,0.6582956213673743
0.442,0.67,0.54,prob_true,0.4636591855650891,fit-spline,0,0.25398474209238164,0.670584380092861,0.25398474209238164,0.670584380092861
0.447,0.67,0.54,prob_true,0.4683054410941304,fit-spline,0,0.2550185414254343,0.6808520540038993,0.2550185414254343,0.6808520540038993
0.453,0.67,0.54,prob_true,0.47386954845936297,fit-spline,0,0.25626407932542344,0.693207440473777,0.25626407932542344,0.693207440473777
0.458,0.67,0.54,prob_true,0.4784966532974215,fit-spline,0,0.2573051531817234,0.7035333800853745,0.2573051531817234,0.7035333800853745
0.464,0.67,0.54,prob_true,0.48403737558961235,fit-spline,0,0.25855696274589046,0.7154366229657529,0.25855696274589046,0.7154366229657529
0.469,0.67,0.54,prob_true,0.48864462310479173,fit-spline,0,0.25960133708783234,0.7251442479748973,0.25960133708783234,0.7251442479748973
0.475,0.67,0.54,prob_true,0.49416087047770324,fit-spline,0,0.2608547332125734,0.7368024722667641,0.2608547332125734,0.7368024722667641
0.48,0.67,0.54,prob_true,0.49874578106460693,fit-spline,0,0.2618968745069281,0.7465251968524116,0.2618968745069281,0.7465251968524116
0.485,0.67,0.54,prob_true,0.5033177989711591,fit-spline,0,0.26293398954503516,0.756254187849186,0.26293398954503516,0.756254187849186
0.491,0.67,0.54,prob_true,0.5087846187219183,fit-spline,0,0.26416827540394405,0.7679365331112349,0.26416827540394405,0.7679365331112349
0.496,0.67,0.54,prob_true,0.5133218856475097,fit-spline,0,0.2651854428800476,0.7776775719624034,0.2651854428800476,0.7776775719624034
0.502,0.67,0.54,prob_true,0.5187419440232204,fit-spline,0,0.2663889047052869,0.789373085864058,0.2663889047052869,0.789373085864058
0.507,0.67,0.54,prob_true,0.5232361661156062,fit-spline,0,0.26737493967889664,0.7991241167218474,0.26737493967889664,0.7991241167218474
0.513,0.67,0.54,prob_true,0.5285998474568342,fit-spline,0,0.2681413846805394,0.8108305493712918,0.2681413846805394,0.8108305493712918
0.518,0.67,0.54,prob_true,0.5330432780791837,fit-spline,0,0.26861556037357687,0.8205898620039005,0.26861556037357687,0.8205898620039005
0.524,0.67,0.54,prob_true,0.5383415875502073,fit-spline,0,0.26910328826743624,0.8323053400365754,0.26910328826743624,0.8323053400365754
0.529,0.67,0.54,prob_true,0.5427269674889661,fit-spline,0,0.2691991666404058,0.842071509165623,0.2691991666404058,0.842071509165623
0.535,0.67,0.54,prob_true,0.5479514597886679,fit-spline,0,0.26920072696748787,0.853794470035147,0.26920072696748787,0.853794470035147
0.54,0.67,0.54,prob_true,0.5522722326057047,fit-spline,0,0.2685182948732817,0.8635663058916597,0.2685182948732817,0.8635663058916597
