model,threshold,metric_name,metric_value,model_name,m,q025,q975,ci_low,ci_high
all,0.005,n,5000.0,all,0,5000.0,5000.0,5000.0,5000.0
all,0.01,n,5000.0,all,0,5000.0,5000.0,5000.0,5000.0
all,0.0141,n,5000.0,all,0,5000.0,5000.0,5000.0,5000.0
all,0.02,n,5000.0,all,0,5000.0,5000.0,5000.0,5000.0
all,0.03,n,5000.0,all,0,5000.0,5000.0,5000.0,5000.0
all,0.04,n,5000.0,all,0,5000.0,5000.0,5000.0,5000.0
all,0.05,n,5000.0,all,0,5000.0,5000.0,5000.0,5000.0
all,0.1,n,5000.0,all,0,5000.0,5000.0,5000.0,5000.0
all,0.2,n,5000.0,all,0,5000.0,5000.0,5000.0,5000.0
none,0.005,n,5000.0,none,0,5000.0,5000.0,5000.0,5000.0
none,0.01,n,5000.0,none,0,5000.0,5000.0,5000.0,5000.0
none,0.0141,n,5000.0,none,0,5000.0,5000.0,5000.0,5000.0
none,0.02,n,5000.0,none,0,5000.0,5000.0,5000.0,5000.0
none,0.03,n,5000.0,none,0,5000.0,5000.0,5000.0,5000.0
none,0.04,n,5000.0,none,0,5000.0,5000.0,5000.0,5000.0
none,0.05,n,5000.0,none,0,5000.0,5000.0,5000.0,5000.0
none,0.1,n,5000.0,none,0,5000.0,5000.0,5000.0,5000.0
none,0.2,n,5000.0,none,0,5000.0,5000.0,5000.0,5000.0
all,0.005,prevalence,0.0172,all,0,0.0136,0.021009999999999997,0.0136,0.021009999999999997
all,0.01,prevalence,0.0172,all,0,0.0136,0.021009999999999997,0.0136,0.021009999999999997
all,0.0141,prevalence,0.0172,all,0,0.0136,0.021009999999999997,0.0136,0.021009999999999997
all,0.02,prevalence,0.0172,all,0,0.0136,0.021009999999999997,0.0136,0.021009999999999997
all,0.03,prevalence,0.0172,all,0,0.0136,0.021009999999999997,0.0136,0.021009999999999997
all,0.04,prevalence,0.0172,all,0,0.0136,0.021009999999999997,0.0136,0.021009999999999997
all,0.05,prevalence,0.0172,all,0,0.0136,0.021009999999999997,0.0136,0.021009999999999997
all,0.1,prevalence,0.0172,all,0,0.0136,0.021009999999999997,0.0136,0.021009999999999997
all,0.2,prevalence,0.0172,all,0,0.0136,0.021009999999999997,0.0136,0.021009999999999997
none,0.005,prevalence,0.0172,none,0,0.0136,0.021009999999999997,0.0136,0.021009999999999997
none,0.01,prevalence,0.0172,none,0,0.0136,0.021009999999999997,0.0136,0.021009999999999997
none,0.0141,prevalence,0.0172,none,0,0.0136,0.021009999999999997,0.0136,0.021009999999999997
none,0.02,prevalence,0.0172,none,0,0.0136,0.021009999999999997,0.0136,0.021009999999999997
none,0.03,prevalence,0.0172,none,0,0.0136,0.021009999999999997,0.0136,0.021009999999999997
none,0.04,prevalence,0.0172,none,0,0.0136,0.021009999999999997,0.0136,0.021009999999999997
none,0.05,prevalence,0.0172,none,0,0.0136,0.021009999999999997,0.0136,0.021009999999999997
none,0.1,prevalence,0.0172,none,0,0.0136,0.021009999999999997,0.0136,0.021009999999999997
none,0.2,prevalence,0.0172,none,0,0.0136,0.021009999999999997,0.0136,0.021009999999999997
all,0.005,harm,0.0,all,0,0.0,0.0,0.0,0.0
all,0.01,harm,0.0,all,0,0.0,0.0,0.0,0.0
all,0.0141,harm,0.0,all,0,0.0,0.0,0.0,0.0
all,0.02,harm,0.0,all,0,0.0,0.0,0.0,0.0
all,0.03,harm,0.0,all,0,0.0,0.0,0.0,0.0
all,0.04,harm,0.0,all,0,0.0,0.0,0.0,0.0
all,0.05,harm,0.0,all,0,0.0,0.0,0.0,0.0
all,0.1,harm,0.0,all,0,0.0,0.0,0.0,0.0
all,0.2,harm,0.0,all,0,0.0,0.0,0.0,0.0
none,0.005,harm,0.0,none,0,0.0,0.0,0.0,0.0
none,0.01,harm,0.0,none,0,0.0,0.0,0.0,0.0
none,0.0141,harm,0.0,none,0,0.0,0.0,0.0,0.0
none,0.02,harm,0.0,none,0,0.0,0.0,0.0,0.0
none,0.03,harm,0.0,none,0,0.0,0.0,0.0,0.0
none,0.04,harm,0.0,none,0,0.0,0.0,0.0,0.0
none,0.05,harm,0.0,none,0,0.0,0.0,0.0,0.0
none,0.1,harm,0.0,none,0,0.0,0.0,0.0,0.0
none,0.2,harm,0.0,none,0,0.0,0.0,0.0,0.0
all,0.005,test_pos_rate,1.0,all,0,1.0,1.0,1.0,1.0
all,0.01,test_pos_rate,1.0,all,0,1.0,1.0,1.0,1.0
all,0.0141,test_pos_rate,1.0,all,0,1.0,1.0,1.0,1.0
all,0.02,test_pos_rate,1.0,all,0,1.0,1.0,1.0,1.0
all,0.03,test_pos_rate,1.0,all,0,1.0,1.0,1.0,1.0
all,0.04,test_pos_rate,1.0,all,0,1.0,1.0,1.0,1.0
all,0.05,test_pos_rate,1.0,all,0,1.0,1.0,1.0,1.0
all,0.1,test_pos_rate,1.0,all,0,1.0,1.0,1.0,1.0
all,0.2,test_pos_rate,1.0,all,0,1.0,1.0,1.0,1.0
none,0.005,test_pos_rate,0.0,none,0,0.0,0.0,0.0,0.0
none,0.01,test_pos_rate,0.0,none,0,0.0,0.0,0.0,0.0
none,0.0141,test_pos_rate,0.0,none,0,0.0,0.0,0.0,0.0
none,0.02,test_pos_rate,0.0,none,0,0.0,0.0,0.0,0.0
none,0.03,test_pos_rate,0.0,none,0,0.0,0.0,0.0,0.0
none,0.04,test_pos_rate,0.0,none,0,0.0,0.0,0.0,0.0
none,0.05,test_pos_rate,0.0,none,0,0.0,0.0,0.0,0.0
none,0.1,test_pos_rate,0.0,none,0,0.0,0.0,0.0,0.0
none,0.2,test_pos_rate,0.0,none,0,0.0,0.0,0.0,0.0
all,0.005,tp_rate,0.0172,all,0,0.0136,0.021009999999999997,0.0136,0.021009999999999997
all,0.01,tp_rate,0.0172,all,0,0.0136,0.021009999999999997,0.0136,0.021009999999999997
all,0.0141,tp_rate,0.0172,all,0,0.0136,0.021009999999999997,0.0136,0.021009999999999997
all,0.02,tp_rate,0.0172,all,0,0.0136,0.021009999999999997,0.0136,0.021009999999999997
all,0.03,tp_rate,0.0172,all,0,0.0136,0.021009999999999997,0.0136,0.021009999999999997
all,0.04,tp_rate,0.0172,all,0,0.0136,0.021009999999999997,0.0136,0.021009999999999997
all,0.05,tp_rate,0.0172,all,0,0.0136,0.021009999999999997,0.0136,0.021009999999999997
all,0.1,tp_rate,0.0172,all,0,0.0136,0.021009999999999997,0.0136,0.021009999999999997
all,0.2,tp_rate,0.0172,all,0,0.0136,0.021009999999999997,0.0136,0.021009999999999997
none,0.005,tp_rate,0.0,none,0,0.0,0.0,0.0,0.0
none,0.01,tp_rate,0.0,none,0,0.0,0.0,0.0,0.0
none,0.0141,tp_rate,0.0,none,0,0.0,0.0,0.0,0.0
none,0.02,tp_rate,0.0,none,0,0.0,0.0,0.0,0.0
none,0.03,tp_rate,0.0,none,0,0.0,0.0,0.0,0.0
none,0.04,tp_rate,0.0,none,0,0.0,0.0,0.0,0.0
none,0.05,tp_rate,0.0,none,0,0.0,0.0,0.0,0.0
none,0.1,tp_rate,0.0,none,0,0.0,0.0,0.0,0.0
none,0.2,tp_rate,0.0,none,0,0.0,0.0,0.0,0.0
all,0.005,fp_rate,0.9828,all,0,0.97899,0.9864,0.97899,0.9864
all,0.01,fp_rate,0.9828,all,0,0.97899,0.9864,0.97899,0.9864
all,0.0141,fp_rate,0.9828,all,0,0.97899,0.9864,0.97899,0.9864
all,0.02,fp_rate,0.9828,all,0,0.97899,0.9864,0.97899,0.9864
all,0.03,fp_rate,0.9828,all,0,0.97899,0.9864,0.97899,0.9864
all,0.04,fp_rate,0.9828,all,0,0.97899,0.9864,0.97899,0.9864
all,0.05,fp_rate,0.9828,all,0,0.97899,0.9864,0.97899,0.9864
all,0.1,fp_rate,0.9828,all,0,0.97899,0.9864,0.97899,0.9864
all,0.2,fp_rate,0.9828,all,0,0.97899,0.9864,0.97899,0.9864
none,0.005,fp_rate,0.0,none,0,0.0,0.0,0.0,0.0
none,0.01,fp_rate,0.0,none,0,0.0,0.0,0.0,0.0
none,0.0141,fp_rate,0.0,none,0,0.0,0.0,0.0,0.0
none,0.02,fp_rate,0.0,none,0,0.0,0.0,0.0,0.0
none,0.03,fp_rate,0.0,none,0,0.0,0.0,0.0,0.0
none,0.04,fp_rate,0.0,none,0,0.0,0.0,0.0,0.0
none,0.05,fp_rate,0.0,none,0,0.0,0.0,0.0,0.0
none,0.1,fp_rate,0.0,none,0,0.0,0.0,0.0,0.0
none,0.2,fp_rate,0.0,none,0,0.0,0.0,0.0,0.0
all,0.005,net_benefit,0.012261306532663316,all,0,0.00864321608040201,0.01609045226130653,0.00864321608040201,0.01609045226130653
all,0.01,net_benefit,0.007272727272727271,all,0,0.0036363636363636338,0.011121212121212117,0.0036363636363636338,0.011121212121212117
all,0.0141,net_benefit,0.003144335125266254,all,0,-0.0005071508266558493,0.007008824424383808,-0.0005071508266558493,0.007008824424383808
all,0.02,net_benefit,-0.00285714285714286,all,0,-0.006530612244897963,0.001030612244897954,-0.006530612244897963,0.001030612244897954
all,0.03,net_benefit,-0.013195876288659796,all,0,-0.016907216494845362,-0.009268041237113405,-0.016907216494845362,-0.009268041237113405
all,0.04,net_benefit,-0.023750000000000007,all,0,-0.027500000000000004,-0.019781250000000007,-0.027500000000000004,-0.019781250000000007
all,0.05,net_benefit,-0.03452631578947369,all,0,-0.03831578947368422,-0.03051578947368422,-0.03831578947368422,-0.03051578947368422
all,0.1,net_benefit,-0.092,all,0,-0.09600000000000002,-0.08776666666666669,-0.09600000000000002,-0.08776666666666669
all,0.2,net_benefit,-0.2285,all,0,-0.233,-0.2237375,-0.233,-0.2237375
none,0.005,net_benefit,0.0,none,0,0.0,0.0,0.0,0.0
none,0.01,net_benefit,0.0,none,0,0.0,0.0,0.0,0.0
none,0.0141,net_benefit,0.0,none,0,0.0,0.0,0.0,0.0
none,0.02,net_benefit,0.0,none,0,0.0,0.0,0.0,0.0
none,0.03,net_benefit,0.0,none,0,0.0,0.0,0.0,0.0
none,0.04,net_benefit,0.0,none,0,0.0,0.0,0.0,0.0
none,0.05,net_benefit,0.0,none,0,0.0,0.0,0.0,0.0
none,0.1,net_benefit,0.0,none,0,0.0,0.0,0.0,0.0
none,0.2,net_benefit,0.0,none,0,0.0,0.0,0.0,0.0
all,0.005,net_intervention_avoided,0.0,all,0,0.0,0.0,0.0,0.0
all,0.01,net_intervention_avoided,0.0,all,0,0.0,0.0,0.0,0.0
all,0.0141,net_intervention_avoided,0.0,all,0,0.0,0.0,0.0,0.0
all,0.02,net_intervention_avoided,0.0,all,0,0.0,0.0,0.0,0.0
all,0.03,net_intervention_avoided,0.0,all,0,0.0,0.0,0.0,0.0
all,0.04,net_intervention_avoided,0.0,all,0,0.0,0.0,0.0,0.0
all,0.05,net_intervention_avoided,0.0,all,0,0.0,0.0,0.0,0.0
all,0.1,net_intervention_avoided,0.0,all,0,0.0,0.0,0.0,0.0
all,0.2,net_intervention_avoided,0.0,all,0,0.0,0.0,0.0,0.0
none,0.005,net_intervention_avoided,-2.44,none,0,-3.202,-1.72,-3.202,-1.72
none,0.01,net_intervention_avoided,-0.7199999999999998,none,0,-1.1009999999999998,-0.3599999999999997,-1.1009999999999998,-0.3599999999999997
none,0.0141,net_intervention_avoided,-0.21985815602836875,none,0,-0.4900709219858156,0.035460992907801546,-0.4900709219858156,0.035460992907801546
none,0.02,net_intervention_avoided,0.14000000000000012,none,0,-0.05049999999999991,0.3200000000000002,-0.05049999999999991,0.3200000000000002
none,0.03,net_intervention_avoided,0.42666666666666675,none,0,0.29966666666666664,0.5466666666666666,0.29966666666666664,0.5466666666666666
none,0.04,net_intervention_avoided,0.5700000000000001,none,0,0.47475000000000006,0.66,0.47475000000000006,0.66
none,0.05,net_intervention_avoided,0.656,none,0,0.5798,0.7280000000000001,0.5798,0.7280000000000001
none,0.1,net_intervention_avoided,0.828,none,0,0.7899,0.8640000000000001,0.7899,0.8640000000000001
none,0.2,net_intervention_avoided,0.914,none,0,0.8949499999999999,0.932,0.8949499999999999,0.932
all,0.005,pp,5000.0,all,0,5000.0,5000.0,5000.0,5000.0
all,0.01,pp,5000.0,all,0,5000.0,5000.0,5000.0,5000.0
all,0.0141,pp,5000.0,all,0,5000.0,5000.0,5000.0,5000.0
all,0.02,pp,5000.0,all,0,5000.0,5000.0,5000.0,5000.0
all,0.03,pp,5000.0,all,0,5000.0,5000.0,5000.0,5000.0
all,0.04,pp,5000.0,all,0,5000.0,5000.0,5000.0,5000.0
all,0.05,pp,5000.0,all,0,5000.0,5000.0,5000.0,5000.0
all,0.1,pp,5000.0,all,0,5000.0,5000.0,5000.0,5000.0
all,0.2,pp,5000.0,all,0,5000.0,5000.0,5000.0,5000.0
none,0.005,pp,0.0,none,0,0.0,0.0,0.0,0.0
none,0.01,pp,0.0,none,0,0.0,0.0,0.0,0.0
none,0.0141,pp,0.0,none,0,0.0,0.0,0.0,0.0
none,0.02,pp,0.0,none,0,0.0,0.0,0.0,0.0
none,0.03,pp,0.0,none,0,0.0,0.0,0.0,0.0
none,0.04,pp,0.0,none,0,0.0,0.0,0.0,0.0
none,0.05,pp,0.0,none,0,0.0,0.0,0.0,0.0
none,0.1,pp,0.0,none,0,0.0,0.0,0.0,0.0
none,0.2,pp,0.0,none,0,0.0,0.0,0.0,0.0
all,0.005,pn,0.0,all,0,0.0,0.0,0.0,0.0
all,0.01,pn,0.0,all,0,0.0,0.0,0.0,0.0
all,0.0141,pn,0.0,all,0,0.0,0.0,0.0,0.0
all,0.02,pn,0.0,all,0,0.0,0.0,0.0,0.0
all,0.03,pn,0.0,all,0,0.0,0.0,0.0,0.0
all,0.04,pn,0.0,all,0,0.0,0.0,0.0,0.0
all,0.05,pn,0.0,all,0,0.0,0.0,0.0,0.0
all,0.1,pn,0.0,all,0,0.0,0.0,0.0,0.0
all,0.2,pn,0.0,all,0,0.0,0.0,0.0,0.0
none,0.005,pn,5000.0,none,0,5000.0,5000.0,5000.0,5000.0
none,0.01,pn,5000.0,none,0,5000.0,5000.0,5000.0,5000.0
none,0.0141,pn,5000.0,none,0,5000.0,5000.0,5000.0,5000.0
none,0.02,pn,5000.0,none,0,5000.0,5000.0,5000.0,5000.0
none,0.03,pn,5000.0,none,0,5000.0,5000.0,5000.0,5000.0
none,0.04,pn,5000.0,none,0,5000.0,5000.0,5000.0,5000.0
none,0.05,pn,5000.0,none,0,5000.0,5000.0,5000.0,5000.0
none,0.1,pn,5000.0,none,0,5000.0,5000.0,5000.0,5000.0
none,0.2,pn,5000.0,none,0,5000.0,5000.0,5000.0,5000.0
all,0.005,tp,86.0,all,0,68.0,105.04999999999998,68.0,105.04999999999998
all,0.01,tp,86.0,all,0,68.0,105.04999999999998,68.0,105.04999999999998
all,0.0141,tp,86.0,all,0,68.0,105.04999999999998,68.0,105.04999999999998
all,0.02,tp,86.0,all,0,68.0,105.04999999999998,68.0,105.04999999999998
all,0.03,tp,86.0,all,0,68.0,105.04999999999998,68.0,105.04999999999998
all,0.04,tp,86.0,all,0,68.0,105.04999999999998,68.0,105.04999999999998
all,0.05,tp,86.0,all,0,68.0,105.04999999999998,68.0,105.04999999999998
all,0.1,tp,86.0,all,0,68.0,105.04999999999998,68.0,105.04999999999998
all,0.2,tp,86.0,all,0,68.0,105.04999999999998,68.0,105.04999999999998
none,0.005,tp,0.0,none,0,0.0,0.0,0.0,0.0
none,0.01,tp,0.0,none,0,0.0,0.0,0.0,0.0
none,0.0141,tp,0.0,none,0,0.0,0.0,0.0,0.0
none,0.02,tp,0.0,none,0,0.0,0.0,0.0,0.0
none,0.03,tp,0.0,none,0,0.0,0.0,0.0,0.0
none,0.04,tp,0.0,none,0,0.0,0.0,0.0,0.0
none,0.05,tp,0.0,none,0,0.0,0.0,0.0,0.0
none,0.1,tp,0.0,none,0,0.0,0.0,0.0,0.0
none,0.2,tp,0.0,none,0,0.0,0.0,0.0,0.0
all,0.005,fp,4914.0,all,0,4894.95,4932.0,4894.95,4932.0
all,0.01,fp,4914.0,all,0,4894.95,4932.0,4894.95,4932.0
all,0.0141,fp,4914.0,all,0,4894.95,4932.0,4894.95,4932.0
all,0.02,fp,4914.0,all,0,4894.95,4932.0,4894.95,4932.0
all,0.03,fp,4914.0,all,0,4894.95,4932.0,4894.95,4932.0
all,0.04,fp,4914.0,all,0,4894.95,4932.0,4894.95,4932.0
all,0.05,fp,4914.0,all,0,4894.95,4932.0,4894.95,4932.0
all,0.1,fp,4914.0,all,0,4894.95,4932.0,4894.95,4932.0
all,0.2,fp,4914.0,all,0,4894.95,4932.0,4894.95,4932.0
none,0.005,fp,0.0,none,0,0.0,0.0,0.0,0.0
none,0.01,fp,0.0,none,0,0.0,0.0,0.0,0.0
none,0.0141,fp,0.0,none,0,0.0,0.0,0.0,0.0
none,0.02,fp,0.0,none,0,0.0,0.0,0.0,0.0
none,0.03,fp,0.0,none,0,0.0,0.0,0.0,0.0
none,0.04,fp,0.0,none,0,0.0,0.0,0.0,0.0
none,0.05,fp,0.0,none,0,0.0,0.0,0.0,0.0
none,0.1,fp,0.0,none,0,0.0,0.0,0.0,0.0
none,0.2,fp,0.0,none,0,0.0,0.0,0.0,0.0
all,0.005,tn,0.0,all,0,0.0,0.0,0.0,0.0
all,0.01,tn,0.0,all,0,0.0,0.0,0.0,0.0
all,0.0141,tn,0.0,all,0,0.0,0.0,0.0,0.0
all,0.02,tn,0.0,all,0,0.0,0.0,0.0,0.0
all,0.03,tn,0.0,all,0,0.0,0.0,0.0,0.0
all,0.04,tn,0.0,all,0,0.0,0.0,0.0,0.0
all,0.05,tn,0.0,all,0,0.0,0.0,0.0,0.0
all,0.1,tn,0.0,all,0,0.0,0.0,0.0,0.0
all,0.2,tn,0.0,all,0,0.0,0.0,0.0,0.0
none,0.005,tn,4914.0,none,0,4894.95,4932.0,4894.95,4932.0
none,0.01,tn,4914.0,none,0,4894.95,4932.0,4894.95,4932.0
none,0.0141,tn,4914.0,none,0,4894.95,4932.0,4894.95,4932.0
none,0.02,tn,4914.0,none,0,4894.95,4932.0,4894.95,4932.0
none,0.03,tn,4914.0,none,0,4894.95,4932.0,4894.95,4932.0
none,0.04,tn,4914.0,none,0,4894.95,4932.0,4894.95,4932.0
none,0.05,tn,4914.0,none,0,4894.95,4932.0,4894.95,4932.0
none,0.1,tn,4914.0,none,0,4894.95,4932.0,4894.95,4932.0
none,0.2,tn,4914.0,none,0,4894.95,4932.0,4894.95,4932.0
all,0.005,fn,0.0,all,0,0.0,0.0,0.0,0.0
all,0.01,fn,0.0,all,0,0.0,0.0,0.0,0.0
all,0.0141,fn,0.0,all,0,0.0,0.0,0.0,0.0
all,0.02,fn,0.0,all,0,0.0,0.0,0.0,0.0
all,0.03,fn,0.0,all,0,0.0,0.0,0.0,0.0
all,0.04,fn,0.0,all,0,0.0,0.0,0.0,0.0
all,0.05,fn,0.0,all,0,0.0,0.0,0.0,0.0
all,0.1,fn,0.0,all,0,0.0,0.0,0.0,0.0
all,0.2,fn,0.0,all,0,0.0,0.0,0.0,0.0
none,0.005,fn,86.0,none,0,68.0,105.04999999999998,68.0,105.04999999999998
none,0.01,fn,86.0,none,0,68.0,105.04999999999998,68.0,105.04999999999998
none,0.0141,fn,86.0,none,0,68.0,105.04999999999998,68.0,105.04999999999998
none,0.02,fn,86.0,none,0,68.0,105.04999999999998,68.0,105.04999999999998
none,0.03,fn,86.0,none,0,68.0,105.04999999999998,68.0,105.04999999999998
none,0.04,fn,86.0,none,0,68.0,105.04999999999998,68.0,105.04999999999998
none,0.05,fn,86.0,none,0,68.0,105.04999999999998,68.0,105.04999999999998
none,0.1,fn,86.0,none,0,68.0,105.04999999999998,68.0,105.04999999999998
none,0.2,fn,86.0,none,0,68.0,105.04999999999998,68.0,105.04999999999998
all,0.005,test_neg_rate,0.0,all,0,0.0,0.0,0.0,0.0
all,0.01,test_neg_rate,0.0,all,0,0.0,0.0,0.0,0.0
all,0.0141,test_neg_rate,0.0,all,0,0.0,0.0,0.0,0.0
all,0.02,test_neg_rate,0.0,all,0,0.0,0.0,0.0,0.0
all,0.03,test_neg_rate,0.0,all,0,0.0,0.0,0.0,0.0
all,0.04,test_neg_rate,0.0,all,0,0.0,0.0,0.0,0.0
all,0.05,test_neg_rate,0.0,all,0,0.0,0.0,0.0,0.0
all,0.1,test_neg_rate,0.0,all,0,0.0,0.0,0.0,0.0
all,0.2,test_neg_rate,0.0,all,0,0.0,0.0,0.0,0.0
none,0.005,test_neg_rate,1.0,none,0,1.0,1.0,1.0,1.0
none,0.01,test_neg_rate,1.0,none,0,1.0,1.0,1.0,1.0
none,0.0141,test_neg_rate,1.0,none,0,1.0,1.0,1.0,1.0
none,0.02,test_neg_rate,1.0,none,0,1.0,1.0,1.0,1.0
none,0.03,test_neg_rate,1.0,none,0,1.0,1.0,1.0,1.0
none,0.04,test_neg_rate,1.0,none,0,1.0,1.0,1.0,1.0
none,0.05,test_neg_rate,1.0,none,0,1.0,1.0,1.0,1.0
none,0.1,test_neg_rate,1.0,none,0,1.0,1.0,1.0,1.0
none,0.2,test_neg_rate,1.0,none,0,1.0,1.0,1.0,1.0
all,0.005,tn_rate,0.0,all,0,0.0,0.0,0.0,0.0
all,0.01,tn_rate,0.0,all,0,0.0,0.0,0.0,0.0
all,0.0141,tn_rate,0.0,all,0,0.0,0.0,0.0,0.0
all,0.02,tn_rate,0.0,all,0,0.0,0.0,0.0,0.0
all,0.03,tn_rate,0.0,all,0,0.0,0.0,0.0,0.0
all,0.04,tn_rate,0.0,all,0,0.0,0.0,0.0,0.0
all,0.05,tn_rate,0.0,all,0,0.0,0.0,0.0,0.0
all,0.1,tn_rate,0.0,all,0,0.0,0.0,0.0,0.0
all,0.2,tn_rate,0.0,all,0,0.0,0.0,0.0,0.0
none,0.005,tn_rate,0.9828,none,0,0.97899,0.9864,0.97899,0.9864
none,0.01,tn_rate,0.9828,none,0,0.97899,0.9864,0.97899,0.9864
none,0.0141,tn_rate,0.9828,none,0,0.97899,0.9864,0.97899,0.9864
none,0.02,tn_rate,0.9828,none,0,0.97899,0.9864,0.97899,0.9864
none,0.03,tn_rate,0.9828,none,0,0.97899,0.9864,0.97899,0.9864
none,0.04,tn_rate,0.9828,none,0,0.97899,0.9864,0.97899,0.9864
none,0.05,tn_rate,0.9828,none,0,0.97899,0.9864,0.97899,0.9864
none,0.1,tn_rate,0.9828,none,0,0.97899,0.9864,0.97899,0.9864
none,0.2,tn_rate,0.9828,none,0,0.97899,0.9864,0.97899,0.9864
all,0.005,fn_rate,0.0,all,0,0.0,0.0,0.0,0.0
all,0.01,fn_rate,0.0,all,0,0.0,0.0,0.0,0.0
all,0.0141,fn_rate,0.0,all,0,0.0,0.0,0.0,0.0
all,0.02,fn_rate,0.0,all,0,0.0,0.0,0.0,0.0
all,0.03,fn_rate,0.0,all,0,0.0,0.0,0.0,0.0
all,0.04,fn_rate,0.0,all,0,0.0,0.0,0.0,0.0
all,0.05,fn_rate,0.0,all,0,0.0,0.0,0.0,0.0
all,0.1,fn_rate,0.0,all,0,0.0,0.0,0.0,0.0
all,0.2,fn_rate,0.0,all,0,0.0,0.0,0.0,0.0
none,0.005,fn_rate,0.0172,none,0,0.0136,0.021009999999999997,0.0136,0.021009999999999997
none,0.01,fn_rate,0.0172,none,0,0.0136,0.021009999999999997,0.0136,0.021009999999999997
none,0.0141,fn_rate,0.0172,none,0,0.0136,0.021009999999999997,0.0136,0.021009999999999997
none,0.02,fn_rate,0.0172,none,0,0.0136,0.021009999999999997,0.0136,0.021009999999999997
none,0.03,fn_rate,0.0172,none,0,0.0136,0.021009999999999997,0.0136,0.021009999999999997
none,0.04,fn_rate,0.0172,none,0,0.0136,0.021009999999999997,0.0136,0.021009999999999997
none,0.05,fn_rate,0.0172,none,0,0.0136,0.021009999999999997,0.0136,0.021009999999999997
none,0.1,fn_rate,0.0172,none,0,0.0136,0.021009999999999997,0.0136,0.021009999999999997
none,0.2,fn_rate,0.0172,none,0,0.0136,0.021009999999999997,0.0136,0.021009999999999997
all,0.005,pp1000,1000.0,all,0,1000.0,1000.0,1000.0,1000.0
all,0.01,pp1000,1000.0,all,0,1000.0,1000.0,1000.0,1000.0
all,0.0141,pp1000,1000.0,all,0,1000.0,1000.0,1000.0,1000.0
all,0.02,pp1000,1000.0,all,0,1000.0,1000.0,1000.0,1000.0
all,0.03,pp1000,1000.0,all,0,1000.0,1000.0,1000.0,1000.0
all,0.04,pp1000,1000.0,all,0,1000.0,1000.0,1000.0,1000.0
all,0.05,pp1000,1000.0,all,0,1000.0,1000.0,1000.0,1000.0
all,0.1,pp1000,1000.0,all,0,1000.0,1000.0,1000.0,1000.0
all,0.2,pp1000,1000.0,all,0,1000.0,1000.0,1000.0,1000.0
none,0.005,pp1000,0.0,none,0,0.0,0.0,0.0,0.0
none,0.01,pp1000,0.0,none,0,0.0,0.0,0.0,0.0
none,0.0141,pp1000,0.0,none,0,0.0,0.0,0.0,0.0
none,0.02,pp1000,0.0,none,0,0.0,0.0,0.0,0.0
none,0.03,pp1000,0.0,none,0,0.0,0.0,0.0,0.0
none,0.04,pp1000,0.0,none,0,0.0,0.0,0.0,0.0
none,0.05,pp1000,0.0,none,0,0.0,0.0,0.0,0.0
none,0.1,pp1000,0.0,none,0,0.0,0.0,0.0,0.0
none,0.2,pp1000,0.0,none,0,0.0,0.0,0.0,0.0
all,0.005,pn1000,0.0,all,0,0.0,0.0,0.0,0.0
all,0.01,pn1000,0.0,all,0,0.0,0.0,0.0,0.0
all,0.0141,pn1000,0.0,all,0,0.0,0.0,0.0,0.0
all,0.02,pn1000,0.0,all,0,0.0,0.0,0.0,0.0
all,0.03,pn1000,0.0,all,0,0.0,0.0,0.0,0.0
all,0.04,pn1000,0.0,all,0,0.0,0.0,0.0,0.0
all,0.05,pn1000,0.0,all,0,0.0,0.0,0.0,0.0
all,0.1,pn1000,0.0,all,0,0.0,0.0,0.0,0.0
all,0.2,pn1000,0.0,all,0,0.0,0.0,0.0,0.0
none,0.005,pn1000,1000.0,none,0,1000.0,1000.0,1000.0,1000.0
none,0.01,pn1000,1000.0,none,0,1000.0,1000.0,1000.0,1000.0
none,0.0141,pn1000,1000.0,none,0,1000.0,1000.0,1000.0,1000.0
none,0.02,pn1000,1000.0,none,0,1000.0,1000.0,1000.0,1000.0
none,0.03,pn1000,1000.0,none,0,1000.0,1000.0,1000.0,1000.0
none,0.04,pn1000,1000.0,none,0,1000.0,1000.0,1000.0,1000.0
none,0.05,pn1000,1000.0,none,0,1000.0,1000.0,1000.0,1000.0
none,0.1,pn1000,1000.0,none,0,1000.0,1000.0,1000.0,1000.0
none,0.2,pn1000,1000.0,none,0,1000.0,1000.0,1000.0,1000.0
all,0.005,tp1000,17.2,all,0,13.6,21.009999999999998,13.6,21.009999999999998
all,0.01,tp1000,17.2,all,0,13.6,21.009999999999998,13.6,21.009999999999998
all,0.0141,tp1000,17.2,all,0,13.6,21.009999999999998,13.6,21.009999999999998
all,0.02,tp1000,17.2,all,0,13.6,21.009999999999998,13.6,21.009999999999998
all,0.03,tp1000,17.2,all,0,13.6,21.009999999999998,13.6,21.009999999999998
all,0.04,tp1000,17.2,all,0,13.6,21.009999999999998,13.6,21.009999999999998
all,0.05,tp1000,17.2,all,0,13.6,21.009999999999998,13.6,21.009999999999998
all,0.1,tp1000,17.2,all,0,13.6,21.009999999999998,13.6,21.009999999999998
all,0.2,tp1000,17.2,all,0,13.6,21.009999999999998,13.6,21.009999999999998
none,0.005,tp1000,0.0,none,0,0.0,0.0,0.0,0.0
none,0.01,tp1000,0.0,none,0,0.0,0.0,0.0,0.0
none,0.0141,tp1000,0.0,none,0,0.0,0.0,0.0,0.0
none,0.02,tp1000,0.0,none,0,0.0,0.0,0.0,0.0
none,0.03,tp1000,0.0,none,0,0.0,0.0,0.0,0.0
none,0.04,tp1000,0.0,none,0,0.0,0.0,0.0,0.0
none,0.05,tp1000,0.0,none,0,0.0,0.0,0.0,0.0
none,0.1,tp1000,0.0,none,0,0.0,0.0,0.0,0.0
none,0.2,tp1000,0.0,none,0,0.0,0.0,0.0,0.0
all,0.005,fp1000,982.8,all,0,978.9899999999999,986.4000000000001,978.9899999999999,986.4000000000001
all,0.01,fp1000,982.8,all,0,978.9899999999999,986.4000000000001,978.9899999999999,986.4000000000001
all,0.0141,fp1000,982.8,all,0,978.9899999999999,986.4000000000001,978.9899999999999,986.4000000000001
all,0.02,fp1000,982.8,all,0,978.9899999999999,986.4000000000001,978.9899999999999,986.4000000000001
all,0.03,fp1000,982.8,all,0,978.9899999999999,986.4000000000001,978.9899999999999,986.4000000000001
all,0.04,fp1000,982.8,all,0,978.9899999999999,986.4000000000001,978.9899999999999,986.4000000000001
all,0.05,fp1000,982.8,all,0,978.9899999999999,986.4000000000001,978.9899999999999,986.4000000000001
all,0.1,fp1000,982.8,all,0,978.9899999999999,986.4000000000001,978.9899999999999,986.4000000000001
all,0.2,fp1000,982.8,all,0,978.9899999999999,986.4000000000001,978.9899999999999,986.4000000000001
none,0.005,fp1000,0.0,none,0,0.0,0.0,0.0,0.0
none,0.01,fp1000,0.0,none,0,0.0,0.0,0.0,0.0
none,0.0141,fp1000,0.0,none,0,0.0,0.0,0.0,0.0
none,0.02,fp1000,0.0,none,0,0.0,0.0,0.0,0.0
none,0.03,fp1000,0.0,none,0,0.0,0.0,0.0,0.0
none,0.04,fp1000,0.0,none,0,0.0,0.0,0.0,0.0
none,0.05,fp1000,0.0,none,0,0.0,0.0,0.0,0.0
none,0.1,fp1000,0.0,none,0,0.0,0.0,0.0,0.0
none,0.2,fp1000,0.0,none,0,0.0,0.0,0.0,0.0
all,0.005,tn1000,0.0,all,0,0.0,0.0,0.0,0.0
all,0.01,tn1000,0.0,all,0,0.0,0.0,0.0,0.0
all,0.0141,tn1000,0.0,all,0,0.0,0.0,0.0,0.0
all,0.02,tn1000,0.0,all,0,0.0,0.0,0.0,0.0
all,0.03,tn1000,0.0,all,0,0.0,0.0,0.0,0.0
all,0.04,tn1000,0.0,all,0,0.0,0.0,0.0,0.0
all,0.05,tn1000,0.0,all,0,0.0,0.0,0.0,0.0
all,0.1,tn1000,0.0,all,0,0.0,0.0,0.0,0.0
all,0.2,tn1000,0.0,all,0,0.0,0.0,0.0,0.0
none,0.005,tn1000,982.8,none,0,978.9899999999999,986.4000000000001,978.9899999999999,986.4000000000001
none,0.01,tn1000,982.8,none,0,978.9899999999999,986.4000000000001,978.9899999999999,986.4000000000001
none,0.0141,tn1000,982.8,none,0,978.9899999999999,986.4000000000001,978.9899999999999,986.4000000000001
none,0.02,tn1000,982.8,none,0,978.9899999999999,986.4000000000001,978.9899999999999,986.4000000000001
none,0.03,tn1000,982.8,none,0,978.9899999999999,986.4000000000001,978.9899999999999,986.4000000000001
none,0.04,tn1000,982.8,none,0,978.9899999999999,986.4000000000001,978.9899999999999,986.4000000000001
none,0.05,tn1000,982.8,none,0,978.9899999999999,986.4000000000001,978.9899999999999,986.4000000000001
none,0.1,tn1000,982.8,none,0,978.9899999999999,986.4000000000001,978.9899999999999,986.4000000000001
none,0.2,tn1000,982.8,none,0,978.9899999999999,986.4000000000001,978.9899999999999,986.4000000000001
all,0.005,fn1000,0.0,all,0,0.0,0.0,0.0,0.0
all,0.01,fn1000,0.0,all,0,0.0,0.0,0.0,0.0
all,0.0141,fn1000,0.0,all,0,0.0,0.0,0.0,0.0
all,0.02,fn1000,0.0,all,0,0.0,0.0,0.0,0.0
all,0.03,fn1000,0.0,all,0,0.0,0.0,0.0,0.0
all,0.04,fn1000,0.0,all,0,0.0,0.0,0.0,0.0
all,0.05,fn1000,0.0,all,0,0.0,0.0,0.0,0.0
all,0.1,fn1000,0.0,all,0,0.0,0.0,0.0,0.0
all,0.2,fn1000,0.0,all,0,0.0,0.0,0.0,0.0
none,0.005,fn1000,17.2,none,0,13.6,21.009999999999998,13.6,21.009999999999998
none,0.01,fn1000,17.2,none,0,13.6,21.009999999999998,13.6,21.009999999999998
none,0.0141,fn1000,17.2,none,0,13.6,21.009999999999998,13.6,21.009999999999998
none,0.02,fn1000,17.2,none,0,13.6,21.009999999999998,13.6,21.009999999999998
none,0.03,fn1000,17.2,none,0,13.6,21.009999999999998,13.6,21.009999999999998
none,0.04,fn1000,17.2,none,0,13.6,21.009999999999998,13.6,21.009999999999998
none,0.05,fn1000,17.2,none,0,13.6,21.009999999999998,13.6,21.009999999999998
none,0.1,fn1000,17.2,none,0,13.6,21.009999999999998,13.6,21.009999999999998
none,0.2,fn1000,17.2,none,0,13.6,21.009999999999998,13.6,21.009999999999998
fit10,0.005,n,5000.0,fit10,0,5000.0,5000.0,5000.0,5000.0
fit10,0.01,n,5000.0,fit10,0,5000.0,5000.0,5000.0,5000.0
fit10,0.0141,n,5000.0,fit10,0,5000.0,5000.0,5000.0,5000.0
fit10,0.02,n,5000.0,fit10,0,5000.0,5000.0,5000.0,5000.0
fit10,0.03,n,5000.0,fit10,0,5000.0,5000.0,5000.0,5000.0
fit10,0.04,n,5000.0,fit10,0,5000.0,5000.0,5000.0,5000.0
fit10,0.05,n,5000.0,fit10,0,5000.0,5000.0,5000.0,5000.0
fit10,0.1,n,5000.0,fit10,0,5000.0,5000.0,5000.0,5000.0
fit10,0.2,n,5000.0,fit10,0,5000.0,5000.0,5000.0,5000.0
fit10,0.005,prevalence,0.0172,fit10,0,0.0136,0.021009999999999997,0.0136,0.021009999999999997
fit10,0.01,prevalence,0.0172,fit10,0,0.0136,0.021009999999999997,0.0136,0.021009999999999997
fit10,0.0141,prevalence,0.0172,fit10,0,0.0136,0.021009999999999997,0.0136,0.021009999999999997
fit10,0.02,prevalence,0.0172,fit10,0,0.0136,0.021009999999999997,0.0136,0.021009999999999997
fit10,0.03,prevalence,0.0172,fit10,0,0.0136,0.021009999999999997,0.0136,0.021009999999999997
fit10,0.04,prevalence,0.0172,fit10,0,0.0136,0.021009999999999997,0.0136,0.021009999999999997
fit10,0.05,prevalence,0.0172,fit10,0,0.0136,0.021009999999999997,0.0136,0.021009999999999997
fit10,0.1,prevalence,0.0172,fit10,0,0.0136,0.021009999999999997,0.0136,0.021009999999999997
fit10,0.2,prevalence,0.0172,fit10,0,0.0136,0.021009999999999997,0.0136,0.021009999999999997
fit10,0.005,harm,0.0,fit10,0,0.0,0.0,0.0,0.0
fit10,0.01,harm,0.0,fit10,0,0.0,0.0,0.0,0.0
fit10,0.0141,harm,0.0,fit10,0,0.0,0.0,0.0,0.0
fit10,0.02,harm,0.0,fit10,0,0.0,0.0,0.0,0.0
fit10,0.03,harm,0.0,fit10,0,0.0,0.0,0.0,0.0
fit10,0.04,harm,0.0,fit10,0,0.0,0.0,0.0,0.0
fit10,0.05,harm,0.0,fit10,0,0.0,0.0,0.0,0.0
fit10,0.1,harm,0.0,fit10,0,0.0,0.0,0.0,0.0
fit10,0.2,harm,0.0,fit10,0,0.0,0.0,0.0,0.0
fit10,0.005,test_pos_rate,0.2506,fit10,0,0.23915,0.26175499999999996,0.23915,0.26175499999999996
fit10,0.01,test_pos_rate,0.2506,fit10,0,0.23915,0.26175499999999996,0.23915,0.26175499999999996
fit10,0.0141,test_pos_rate,0.2506,fit10,0,0.23915,0.26175499999999996,0.23915,0.26175499999999996
fit10,0.02,test_pos_rate,0.2506,fit10,0,0.23915,0.26175499999999996,0.23915,0.26175499999999996
fit10,0.03,test_pos_rate,0.2506,fit10,0,0.23915,0.26175499999999996,0.23915,0.26175499999999996
fit10,0.04,test_pos_rate,0.2506,fit10,0,0.23915,0.26175499999999996,0.23915,0.26175499999999996
fit10,0.05,test_pos_rate,0.2506,fit10,0,0.23915,0.26175499999999996,0.23915,0.26175499999999996
fit10,0.1,test_pos_rate,0.2506,fit10,0,0.23915,0.26175499999999996,0.23915,0.26175499999999996
fit10,0.2,test_pos_rate,0.2506,fit10,0,0.23915,0.26175499999999996,0.23915,0.26175499999999996
fit10,0.005,tp_rate,0.014,fit10,0,0.011,0.01741,0.011,0.01741
fit10,0.01,tp_rate,0.014,fit10,0,0.011,0.01741,0.011,0.01741
fit10,0.0141,tp_rate,0.014,fit10,0,0.011,0.01741,0.011,0.01741
fit10,0.02,tp_rate,0.014,fit10,0,0.011,0.01741,0.011,0.01741
fit10,0.03,tp_rate,0.014,fit10,0,0.011,0.01741,0.011,0.01741
fit10,0.04,tp_rate,0.014,fit10,0,0.011,0.01741,0.011,0.01741
fit10,0.05,tp_rate,0.014,fit10,0,0.011,0.01741,0.011,0.01741
fit10,0.1,tp_rate,0.014,fit10,0,0.011,0.01741,0.011,0.01741
fit10,0.2,tp_rate,0.014,fit10,0,0.011,0.01741,0.011,0.01741
fit10,0.005,fp_rate,0.23659999999999998,fit10,0,0.2256,0.24851499999999999,0.2256,0.24851499999999999
fit10,0.01,fp_rate,0.23659999999999998,fit10,0,0.2256,0.24851499999999999,0.2256,0.24851499999999999
fit10,0.0141,fp_rate,0.23659999999999998,fit10,0,0.2256,0.24851499999999999,0.2256,0.24851499999999999
fit10,0.02,fp_rate,0.23659999999999998,fit10,0,0.2256,0.24851499999999999,0.2256,0.24851499999999999
fit10,0.03,fp_rate,0.23659999999999998,fit10,0,0.2256,0.24851499999999999,0.2256,0.24851499999999999
fit10,0.04,fp_rate,0.23659999999999998,fit10,0,0.2256,0.24851499999999999,0.2256,0.24851499999999999
fit10,0.05,fp_rate,0.23659999999999998,fit10,0,0.2256,0.24851499999999999,0.2256,0.24851499999999999
fit10,0.1,fp_rate,0.23659999999999998,fit10,0,0.2256,0.24851499999999999,0.2256,0.24851499999999999
fit10,0.2,fp_rate,0.23659999999999998,fit10,0,0.2256,0.24851499999999999,0.2256,0.24851499999999999
fit10,0.005,net_benefit,0.01281105527638191,fit10,0,0.00981889447236181,0.016209572864321606,0.00981889447236181,0.016209572864321606
fit10,0.01,net_benefit,0.011610101010101011,fit10,0,0.008625858585858584,0.014997020202020199,0.008625858585858584,0.014997020202020199
fit10,0.0141,net_benefit,0.010616228826452988,fit10,0,0.007638539405619231,0.013993549548635763,0.007638539405619231,0.013993549548635763
fit10,0.02,net_benefit,0.009171428571428572,fit10,0,0.006203265306122448,0.012534795918367345,0.006203265306122448,0.012534795918367345
fit10,0.03,net_benefit,0.006682474226804125,fit10,0,0.003730721649484535,0.010021804123711339,0.003730721649484535,0.010021804123711339
fit10,0.04,net_benefit,0.004141666666666667,fit10,0,0.0012416666666666635,0.007456458333333332,0.0012416666666666635,0.007456458333333332
fit10,0.05,net_benefit,0.0015473684210526324,fit10,0,-0.0013163157894736858,0.004837105263157894,-0.0013163157894736858,0.004837105263157894
fit10,0.1,net_benefit,-0.012288888888888889,fit10,0,-0.015314444444444448,-0.008911111111111114,-0.015314444444444448,-0.008911111111111114
fit10,0.2,net_benefit,-0.045149999999999996,fit10,0,-0.049002500000000004,-0.04127375,-0.049002500000000004,-0.04127375
fit10,0.005,net_intervention_avoided,0.10940000000000033,fit10,0,-0.17154999999999976,0.3903249999999998,-0.17154999999999976,0.3903249999999998
fit10,0.01,net_intervention_avoided,0.4294000000000003,fit10,0,0.28845,0.570325,0.28845,0.570325
fit10,0.0141,net_intervention_avoided,0.522449645390071,fit10,0,0.422208865248227,0.6226654255319147,0.422208865248227,0.6226654255319147
fit10,0.02,net_intervention_avoided,0.5894000000000001,fit10,0,0.5176900000000001,0.6603249999999999,0.5176900000000001,0.6603249999999999
fit10,0.03,net_intervention_avoided,0.6427333333333334,fit10,0,0.5927733333333334,0.6903250000000001,0.5927733333333334,0.6903250000000001
fit10,0.04,net_intervention_avoided,0.6694000000000001,fit10,0,0.630285,0.704705,0.630285,0.704705
fit10,0.05,net_intervention_avoided,0.6854,fit10,0,0.65276,0.7138000000000001,0.65276,0.7138000000000001
fit10,0.1,net_intervention_avoided,0.7173999999999999,fit10,0,0.695685,0.733305,0.695685,0.733305
fit10,0.2,net_intervention_avoided,0.7334,fit10,0,0.7190449999999999,0.745905,0.7190449999999999,0.745905
fit10,0.005,pp,1253.0,fit10,0,1195.75,1308.7749999999999,1195.75,1308.7749999999999
fit10,0.01,pp,1253.0,fit10,0,1195.75,1308.7749999999999,1195.75,1308.7749999999999
fit10,0.0141,pp,1253.0,fit10,0,1195.75,1308.7749999999999,1195.75,1308.7749999999999
fit10,0.02,pp,1253.0,fit10,0,1195.75,1308.7749999999999,1195.75,1308.7749999999999
fit10,0.03,pp,1253.0,fit10,0,1195.75,1308.7749999999999,1195.75,1308.7749999999999
fit10,0.04,pp,1253.0,fit10,0,1195.75,1308.7749999999999,1195.75,1308.7749999999999
fit10,0.05,pp,1253.0,fit10,0,1195.75,1308.7749999999999,1195.75,1308.7749999999999
fit10,0.1,pp,1253.0,fit10,0,1195.75,1308.7749999999999,1195.75,1308.7749999999999
fit10,0.2,pp,1253.0,fit10,0,1195.75,1308.7749999999999,1195.75,1308.7749999999999
fit10,0.005,pn,3747.0,fit10,0,3691.225,3804.25,3691.225,3804.25
fit10,0.01,pn,3747.0,fit10,0,3691.225,3804.25,3691.225,3804.25
fit10,0.0141,pn,3747.0,fit10,0,3691.225,3804.25,3691.225,3804.25
fit10,0.02,pn,3747.0,fit10,0,3691.225,3804.25,3691.225,3804.25
fit10,0.03,pn,3747.0,fit10,0,3691.225,3804.25,3691.225,3804.25
fit10,0.04,pn,3747.0,fit10,0,3691.225,3804.25,3691.225,3804.25
fit10,0.05,pn,3747.0,fit10,0,3691.225,3804.25,3691.225,3804.25
fit10,0.1,pn,3747.0,fit10,0,3691.225,3804.25,3691.225,3804.25
fit10,0.2,pn,3747.0,fit10,0,3691.225,3804.25,3691.225,3804.25
fit10,0.005,tp,70.0,fit10,0,55.0,87.04999999999998,55.0,87.04999999999998
fit10,0.01,tp,70.0,fit10,0,55.0,87.04999999999998,55.0,87.04999999999998
fit10,0.0141,tp,70.0,fit10,0,55.0,87.04999999999998,55.0,87.04999999999998
fit10,0.02,tp,70.0,fit10,0,55.0,87.04999999999998,55.0,87.04999999999998
fit10,0.03,tp,70.0,fit10,0,55.0,87.04999999999998,55.0,87.04999999999998
fit10,0.04,tp,70.0,fit10,0,55.0,87.04999999999998,55.0,87.04999999999998
fit10,0.05,tp,70.0,fit10,0,55.0,87.04999999999998,55.0,87.04999999999998
fit10,0.1,tp,70.0,fit10,0,55.0,87.04999999999998,55.0,87.04999999999998
fit10,0.2,tp,70.0,fit10,0,55.0,87.04999999999998,55.0,87.04999999999998
fit10,0.005,fp,1182.9999999999998,fit10,0,1128.0,1242.575,1128.0,1242.575
fit10,0.01,fp,1182.9999999999998,fit10,0,1128.0,1242.575,1128.0,1242.575
fit10,0.0141,fp,1182.9999999999998,fit10,0,1128.0,1242.575,1128.0,1242.575
fit10,0.02,fp,1182.9999999999998,fit10,0,1128.0,1242.575,1128.0,1242.575
fit10,0.03,fp,1182.9999999999998,fit10,0,1128.0,1242.575,1128.0,1242.575
fit10,0.04,fp,1182.9999999999998,fit10,0,1128.0,1242.575,1128.0,1242.575
fit10,0.05,fp,1182.9999999999998,fit10,0,1128.0,1242.575,1128.0,1242.575
fit10,0.1,fp,1182.9999999999998,fit10,0,1128.0,1242.575,1128.0,1242.575
fit10,0.2,fp,1182.9999999999998,fit10,0,1128.0,1242.575,1128.0,1242.575
fit10,0.005,tn,3731.0,fit10,0,3674.325,3788.15,3674.325,3788.15
fit10,0.01,tn,3731.0,fit10,0,3674.325,3788.15,3674.325,3788.15
fit10,0.0141,tn,3731.0,fit10,0,3674.325,3788.15,3674.325,3788.15
fit10,0.02,tn,3731.0,fit10,0,3674.325,3788.15,3674.325,3788.15
fit10,0.03,tn,3731.0,fit10,0,3674.325,3788.15,3674.325,3788.15
fit10,0.04,tn,3731.0,fit10,0,3674.325,3788.15,3674.325,3788.15
fit10,0.05,tn,3731.0,fit10,0,3674.325,3788.15,3674.325,3788.15
fit10,0.1,tn,3731.0,fit10,0,3674.325,3788.15,3674.325,3788.15
fit10,0.2,tn,3731.0,fit10,0,3674.325,3788.15,3674.325,3788.15
fit10,0.005,fn,16.0,fit10,0,9.000000000000004,23.0,9.000000000000004,23.0
fit10,0.01,fn,16.0,fit10,0,9.000000000000004,23.0,9.000000000000004,23.0
fit10,0.0141,fn,16.0,fit10,0,9.000000000000004,23.0,9.000000000000004,23.0
fit10,0.02,fn,16.0,fit10,0,9.000000000000004,23.0,9.000000000000004,23.0
fit10,0.03,fn,16.0,fit10,0,9.000000000000004,23.0,9.000000000000004,23.0
fit10,0.04,fn,16.0,fit10,0,9.000000000000004,23.0,9.000000000000004,23.0
fit10,0.05,fn,16.0,fit10,0,9.000000000000004,23.0,9.000000000000004,23.0
fit10,0.1,fn,16.0,fit10,0,9.000000000000004,23.0,9.000000000000004,23.0
fit10,0.2,fn,16.0,fit10,0,9.000000000000004,23.0,9.000000000000004,23.0
fit10,0.005,test_neg_rate,0.7494,fit10,0,0.7382449999999999,0.76085,0.7382449999999999,0.76085
fit10,0.01,test_neg_rate,0.7494,fit10,0,0.7382449999999999,0.76085,0.7382449999999999,0.76085
fit10,0.0141,test_neg_rate,0.7494,fit10,0,0.7382449999999999,0.76085,0.7382449999999999,0.76085
fit10,0.02,test_neg_rate,0.7494,fit10,0,0.7382449999999999,0.76085,0.7382449999999999,0.76085
fit10,0.03,test_neg_rate,0.7494,fit10,0,0.7382449999999999,0.76085,0.7382449999999999,0.76085
fit10,0.04,test_neg_rate,0.7494,fit10,0,0.7382449999999999,0.76085,0.7382449999999999,0.76085
fit10,0.05,test_neg_rate,0.7494,fit10,0,0.7382449999999999,0.76085,0.7382449999999999,0.76085
fit10,0.1,test_neg_rate,0.7494,fit10,0,0.7382449999999999,0.76085,0.7382449999999999,0.76085
fit10,0.2,test_neg_rate,0.7494,fit10,0,0.7382449999999999,0.76085,0.7382449999999999,0.76085
fit10,0.005,tn_rate,0.7462,fit10,0,0.734865,0.75763,0.734865,0.75763
fit10,0.01,tn_rate,0.7462,fit10,0,0.734865,0.75763,0.734865,0.75763
fit10,0.0141,tn_rate,0.7462,fit10,0,0.734865,0.75763,0.734865,0.75763
fit10,0.02,tn_rate,0.7462,fit10,0,0.734865,0.75763,0.734865,0.75763
fit10,0.03,tn_rate,0.7462,fit10,0,0.734865,0.75763,0.734865,0.75763
fit10,0.04,tn_rate,0.7462,fit10,0,0.734865,0.75763,0.734865,0.75763
fit10,0.05,tn_rate,0.7462,fit10,0,0.734865,0.75763,0.734865,0.75763
fit10,0.1,tn_rate,0.7462,fit10,0,0.734865,0.75763,0.734865,0.75763
fit10,0.2,tn_rate,0.7462,fit10,0,0.734865,0.75763,0.734865,0.75763
fit10,0.005,fn_rate,0.0032,fit10,0,0.0018000000000000006,0.0046,0.0018000000000000006,0.0046
fit10,0.01,fn_rate,0.0032,fit10,0,0.0018000000000000006,0.0046,0.0018000000000000006,0.0046
fit10,0.0141,fn_rate,0.0032,fit10,0,0.0018000000000000006,0.0046,0.0018000000000000006,0.0046
fit10,0.02,fn_rate,0.0032,fit10,0,0.0018000000000000006,0.0046,0.0018000000000000006,0.0046
fit10,0.03,fn_rate,0.0032,fit10,0,0.0018000000000000006,0.0046,0.0018000000000000006,0.0046
fit10,0.04,fn_rate,0.0032,fit10,0,0.0018000000000000006,0.0046,0.0018000000000000006,0.0046
fit10,0.05,fn_rate,0.0032,fit10,0,0.0018000000000000006,0.0046,0.0018000000000000006,0.0046
fit10,0.1,fn_rate,0.0032,fit10,0,0.0018000000000000006,0.0046,0.0018000000000000006,0.0046
fit10,0.2,fn_rate,0.0032,fit10,0,0.0018000000000000006,0.0046,0.0018000000000000006,0.0046
fit10,0.005,pp1000,250.6,fit10,0,239.14999999999998,261.755,239.14999999999998,261.755
fit10,0.01,pp1000,250.6,fit10,0,239.14999999999998,261.755,239.14999999999998,261.755
fit10,0.0141,pp1000,250.6,fit10,0,239.14999999999998,261.755,239.14999999999998,261.755
fit10,0.02,pp1000,250.6,fit10,0,239.14999999999998,261.755,239.14999999999998,261.755
fit10,0.03,pp1000,250.6,fit10,0,239.14999999999998,261.755,239.14999999999998,261.755
fit10,0.04,pp1000,250.6,fit10,0,239.14999999999998,261.755,239.14999999999998,261.755
fit10,0.05,pp1000,250.6,fit10,0,239.14999999999998,261.755,239.14999999999998,261.755
fit10,0.1,pp1000,250.6,fit10,0,239.14999999999998,261.755,239.14999999999998,261.755
fit10,0.2,pp1000,250.6,fit10,0,239.14999999999998,261.755,239.14999999999998,261.755
fit10,0.005,pn1000,749.4,fit10,0,738.245,760.85,738.245,760.85
fit10,0.01,pn1000,749.4,fit10,0,738.245,760.85,738.245,760.85
fit10,0.0141,pn1000,749.4,fit10,0,738.245,760.85,738.245,760.85
fit10,0.02,pn1000,749.4,fit10,0,738.245,760.85,738.245,760.85
fit10,0.03,pn1000,749.4,fit10,0,738.245,760.85,738.245,760.85
fit10,0.04,pn1000,749.4,fit10,0,738.245,760.85,738.245,760.85
fit10,0.05,pn1000,749.4,fit10,0,738.245,760.85,738.245,760.85
fit10,0.1,pn1000,749.4,fit10,0,738.245,760.85,738.245,760.85
fit10,0.2,pn1000,749.4,fit10,0,738.245,760.85,738.245,760.85
fit10,0.005,tp1000,14.0,fit10,0,11.0,17.409999999999997,11.0,17.409999999999997
fit10,0.01,tp1000,14.0,fit10,0,11.0,17.409999999999997,11.0,17.409999999999997
fit10,0.0141,tp1000,14.0,fit10,0,11.0,17.409999999999997,11.0,17.409999999999997
fit10,0.02,tp1000,14.0,fit10,0,11.0,17.409999999999997,11.0,17.409999999999997
fit10,0.03,tp1000,14.0,fit10,0,11.0,17.409999999999997,11.0,17.409999999999997
fit10,0.04,tp1000,14.0,fit10,0,11.0,17.409999999999997,11.0,17.409999999999997
fit10,0.05,tp1000,14.0,fit10,0,11.0,17.409999999999997,11.0,17.409999999999997
fit10,0.1,tp1000,14.0,fit10,0,11.0,17.409999999999997,11.0,17.409999999999997
fit10,0.2,tp1000,14.0,fit10,0,11.0,17.409999999999997,11.0,17.409999999999997
fit10,0.005,fp1000,236.59999999999997,fit10,0,225.6,248.515,225.6,248.515
fit10,0.01,fp1000,236.59999999999997,fit10,0,225.6,248.515,225.6,248.515
fit10,0.0141,fp1000,236.59999999999997,fit10,0,225.6,248.515,225.6,248.515
fit10,0.02,fp1000,236.59999999999997,fit10,0,225.6,248.515,225.6,248.515
fit10,0.03,fp1000,236.59999999999997,fit10,0,225.6,248.515,225.6,248.515
fit10,0.04,fp1000,236.59999999999997,fit10,0,225.6,248.515,225.6,248.515
fit10,0.05,fp1000,236.59999999999997,fit10,0,225.6,248.515,225.6,248.515
fit10,0.1,fp1000,236.59999999999997,fit10,0,225.6,248.515,225.6,248.515
fit10,0.2,fp1000,236.59999999999997,fit10,0,225.6,248.515,225.6,248.515
fit10,0.005,tn1000,746.1999999999999,fit10,0,734.865,757.63,734.865,757.63
fit10,0.01,tn1000,746.1999999999999,fit10,0,734.865,757.63,734.865,757.63
fit10,0.0141,tn1000,746.1999999999999,fit10,0,734.865,757.63,734.865,757.63
fit10,0.02,tn1000,746.1999999999999,fit10,0,734.865,757.63,734.865,757.63
fit10,0.03,tn1000,746.1999999999999,fit10,0,734.865,757.63,734.865,757.63
fit10,0.04,tn1000,746.1999999999999,fit10,0,734.865,757.63,734.865,757.63
fit10,0.05,tn1000,746.1999999999999,fit10,0,734.865,757.63,734.865,757.63
fit10,0.1,tn1000,746.1999999999999,fit10,0,734.865,757.63,734.865,757.63
fit10,0.2,tn1000,746.1999999999999,fit10,0,734.865,757.63,734.865,757.63
fit10,0.005,fn1000,3.2,fit10,0,1.8000000000000007,4.6,1.8000000000000007,4.6
fit10,0.01,fn1000,3.2,fit10,0,1.8000000000000007,4.6,1.8000000000000007,4.6
fit10,0.0141,fn1000,3.2,fit10,0,1.8000000000000007,4.6,1.8000000000000007,4.6
fit10,0.02,fn1000,3.2,fit10,0,1.8000000000000007,4.6,1.8000000000000007,4.6
fit10,0.03,fn1000,3.2,fit10,0,1.8000000000000007,4.6,1.8000000000000007,4.6
fit10,0.04,fn1000,3.2,fit10,0,1.8000000000000007,4.6,1.8000000000000007,4.6
fit10,0.05,fn1000,3.2,fit10,0,1.8000000000000007,4.6,1.8000000000000007,4.6
fit10,0.1,fn1000,3.2,fit10,0,1.8000000000000007,4.6,1.8000000000000007,4.6
fit10,0.2,fn1000,3.2,fit10,0,1.8000000000000007,4.6,1.8000000000000007,4.6
model,0.005,n,5000.0,fit-age-sex-bloods,0,5000.0,5000.0,5000.0,5000.0
model,0.01,n,5000.0,fit-age-sex-bloods,0,5000.0,5000.0,5000.0,5000.0
model,0.0141,n,5000.0,fit-age-sex-bloods,0,5000.0,5000.0,5000.0,5000.0
model,0.02,n,5000.0,fit-age-sex-bloods,0,5000.0,5000.0,5000.0,5000.0
model,0.03,n,5000.0,fit-age-sex-bloods,0,5000.0,5000.0,5000.0,5000.0
model,0.04,n,5000.0,fit-age-sex-bloods,0,5000.0,5000.0,5000.0,5000.0
model,0.05,n,5000.0,fit-age-sex-bloods,0,5000.0,5000.0,5000.0,5000.0
model,0.1,n,5000.0,fit-age-sex-bloods,0,5000.0,5000.0,5000.0,5000.0
model,0.2,n,5000.0,fit-age-sex-bloods,0,5000.0,5000.0,5000.0,5000.0
model,0.005,prevalence,0.0172,fit-age-sex-bloods,0,0.0136,0.021009999999999997,0.0136,0.021009999999999997
model,0.01,prevalence,0.0172,fit-age-sex-bloods,0,0.0136,0.021009999999999997,0.0136,0.021009999999999997
model,0.0141,prevalence,0.0172,fit-age-sex-bloods,0,0.0136,0.021009999999999997,0.0136,0.021009999999999997
model,0.02,prevalence,0.0172,fit-age-sex-bloods,0,0.0136,0.021009999999999997,0.0136,0.021009999999999997
model,0.03,prevalence,0.0172,fit-age-sex-bloods,0,0.0136,0.021009999999999997,0.0136,0.021009999999999997
model,0.04,prevalence,0.0172,fit-age-sex-bloods,0,0.0136,0.021009999999999997,0.0136,0.021009999999999997
model,0.05,prevalence,0.0172,fit-age-sex-bloods,0,0.0136,0.021009999999999997,0.0136,0.021009999999999997
model,0.1,prevalence,0.0172,fit-age-sex-bloods,0,0.0136,0.021009999999999997,0.0136,0.021009999999999997
model,0.2,prevalence,0.0172,fit-age-sex-bloods,0,0.0136,0.021009999999999997,0.0136,0.021009999999999997
model,0.005,harm,0.0,fit-age-sex-bloods,0,0.0,0.0,0.0,0.0
model,0.01,harm,0.0,fit-age-sex-bloods,0,0.0,0.0,0.0,0.0
model,0.0141,harm,0.0,fit-age-sex-bloods,0,0.0,0.0,0.0,0.0
model,0.02,harm,0.0,fit-age-sex-bloods,0,0.0,0.0,0.0,0.0
model,0.03,harm,0.0,fit-age-sex-bloods,0,0.0,0.0,0.0,0.0
model,0.04,harm,0.0,fit-age-sex-bloods,0,0.0,0.0,0.0,0.0
model,0.05,harm,0.0,fit-age-sex-bloods,0,0.0,0.0,0.0,0.0
model,0.1,harm,0.0,fit-age-sex-bloods,0,0.0,0.0,0.0,0.0
model,0.2,harm,0.0,fit-age-sex-bloods,0,0.0,0.0,0.0,0.0
model,0.005,test_pos_rate,0.4438,fit-age-sex-bloods,0,0.432095,0.4568,0.432095,0.4568
model,0.01,test_pos_rate,0.2794,fit-age-sex-bloods,0,0.26858,0.2898,0.26858,0.2898
model,0.0141,test_pos_rate,0.2182,fit-age-sex-bloods,0,0.2072,0.23034499999999997,0.2072,0.23034499999999997
model,0.02,test_pos_rate,0.1572,fit-age-sex-bloods,0,0.1466,0.16721,0.1466,0.16721
model,0.03,test_pos_rate,0.1122,fit-age-sex-bloods,0,0.104275,0.12222,0.104275,0.12222
model,0.04,test_pos_rate,0.0856,fit-age-sex-bloods,0,0.07936,0.09361,0.07936,0.09361
model,0.05,test_pos_rate,0.0686,fit-age-sex-bloods,0,0.0626,0.07571499999999999,0.0626,0.07571499999999999
model,0.1,test_pos_rate,0.0302,fit-age-sex-bloods,0,0.02499,0.034609999999999995,0.02499,0.034609999999999995
model,0.2,test_pos_rate,0.009,fit-age-sex-bloods,0,0.0066,0.011819999999999994,0.0066,0.011819999999999994
model,0.005,tp_rate,0.0164,fit-age-sex-bloods,0,0.0126,0.020419999999999994,0.0126,0.020419999999999994
model,0.01,tp_rate,0.0154,fit-age-sex-bloods,0,0.012095,0.019019999999999995,0.012095,0.019019999999999995
model,0.0141,tp_rate,0.014599999999999998,fit-age-sex-bloods,0,0.0116,0.018305,0.0116,0.018305
model,0.02,tp_rate,0.0132,fit-age-sex-bloods,0,0.010295,0.016305,0.010295,0.016305
model,0.03,tp_rate,0.012,fit-age-sex-bloods,0,0.0094,0.0154,0.0094,0.0154
model,0.04,tp_rate,0.011000000000000001,fit-age-sex-bloods,0,0.008695,0.014104999999999998,0.008695,0.014104999999999998
model,0.05,tp_rate,0.0104,fit-age-sex-bloods,0,0.008294999999999999,0.013104999999999999,0.008294999999999999,0.013104999999999999
model,0.1,tp_rate,0.007200000000000001,fit-age-sex-bloods,0,0.005295,0.009209999999999998,0.005295,0.009209999999999998
model,0.2,tp_rate,0.004,fit-age-sex-bloods,0,0.0022,0.006009999999999996,0.0022,0.006009999999999996
model,0.005,fp_rate,0.4274,fit-age-sex-bloods,0,0.41496,0.439935,0.41496,0.439935
model,0.01,fp_rate,0.264,fit-age-sex-bloods,0,0.25266500000000003,0.274,0.25266500000000003,0.274
model,0.0141,fp_rate,0.2036,fit-age-sex-bloods,0,0.19359,0.21472499999999997,0.19359,0.21472499999999997
model,0.02,fp_rate,0.14400000000000002,fit-age-sex-bloods,0,0.134255,0.155105,0.134255,0.155105
model,0.03,fp_rate,0.1002,fit-age-sex-bloods,0,0.09177999999999999,0.108905,0.09177999999999999,0.108905
model,0.04,fp_rate,0.0746,fit-age-sex-bloods,0,0.0686,0.082915,0.0686,0.082915
model,0.05,fp_rate,0.058199999999999995,fit-age-sex-bloods,0,0.052695,0.06562999999999998,0.052695,0.06562999999999998
model,0.1,fp_rate,0.023,fit-age-sex-bloods,0,0.01858,0.026914999999999994,0.01858,0.026914999999999994
model,0.2,fp_rate,0.005,fit-age-sex-bloods,0,0.002895,0.007,0.002895,0.007
model,0.005,net_benefit,0.014252261306532664,fit-age-sex-bloods,0,0.010466356783919599,0.018258793969849238,0.010466356783919599,0.018258793969849238
model,0.01,net_benefit,0.012733333333333333,fit-age-sex-bloods,0,0.009423131313131314,0.016318888888888883,0.009423131313131314,0.016318888888888883
model,0.0141,net_benefit,0.011688183385738918,fit-age-sex-bloods,0,0.008680818034283395,0.015387176691348004,0.008680818034283395,0.015387176691348004
model,0.02,net_benefit,0.010261224489795918,fit-age-sex-bloods,0,0.007382857142857144,0.013410510204081629,0.007382857142857144,0.013410510204081629
model,0.03,net_benefit,0.008901030927835053,fit-age-sex-bloods,0,0.006149123711340207,0.01232561855670103,0.006149123711340207,0.01232561855670103
model,0.04,net_benefit,0.007891666666666668,fit-age-sex-bloods,0,0.005405833333333334,0.010981249999999998,0.005405833333333334,0.010981249999999998
model,0.05,net_benefit,0.007336842105263157,fit-age-sex-bloods,0,0.004989473684210525,0.009953684210526314,0.004989473684210525,0.009953684210526314
model,0.1,net_benefit,0.004644444444444445,fit-age-sex-bloods,0,0.00273,0.006647777777777777,0.00273,0.006647777777777777
model,0.2,net_benefit,0.00275,fit-age-sex-bloods,0,0.0010475000000000003,0.004604999999999998,0.0010475000000000003,0.004604999999999998
model,0.005,net_intervention_avoided,0.39620000000000033,fit-age-sex-bloods,0,0.23099499999999995,0.5210050000000002,0.23099499999999995,0.5210050000000002
model,0.01,net_intervention_avoided,0.5406000000000001,fit-age-sex-bloods,0,0.4371999999999998,0.6385050000000002,0.4371999999999998,0.6385050000000002
model,0.0141,net_intervention_avoided,0.5974028368794325,fit-age-sex-bloods,0,0.5008720567375886,0.6755116312056736,0.5008720567375886,0.6755116312056736
model,0.02,net_intervention_avoided,0.6428000000000001,fit-age-sex-bloods,0,0.563195,0.71403,0.563195,0.71403
model,0.03,net_intervention_avoided,0.7144666666666668,fit-age-sex-bloods,0,0.6420833333333335,0.7711366666666667,0.6420833333333335,0.7711366666666667
model,0.04,net_intervention_avoided,0.7594000000000002,fit-age-sex-bloods,0,0.689545,0.807115,0.689545,0.807115
model,0.05,net_intervention_avoided,0.7954,fit-age-sex-bloods,0,0.7392449999999999,0.837345,0.7392449999999999,0.837345
model,0.1,net_intervention_avoided,0.8698,fit-age-sex-bloods,0,0.838055,0.89621,0.838055,0.89621
model,0.2,net_intervention_avoided,0.925,fit-age-sex-bloods,0,0.9081899999999999,0.94003,0.9081899999999999,0.94003
model,0.005,pp,2219.0,fit-age-sex-bloods,0,2160.475,2284.0,2160.475,2284.0
model,0.01,pp,1397.0,fit-age-sex-bloods,0,1342.9,1449.0,1342.9,1449.0
model,0.0141,pp,1091.0,fit-age-sex-bloods,0,1036.0,1151.725,1036.0,1151.725
model,0.02,pp,786.0,fit-age-sex-bloods,0,733.0,836.05,733.0,836.05
model,0.03,pp,561.0,fit-age-sex-bloods,0,521.375,611.0999999999999,521.375,611.0999999999999
model,0.04,pp,428.0,fit-age-sex-bloods,0,396.79999999999995,468.04999999999995,396.79999999999995,468.04999999999995
model,0.05,pp,343.0,fit-age-sex-bloods,0,313.0,378.575,313.0,378.575
model,0.1,pp,151.0,fit-age-sex-bloods,0,124.95,173.04999999999998,124.95,173.04999999999998
model,0.2,pp,45.0,fit-age-sex-bloods,0,33.0,59.09999999999997,33.0,59.09999999999997
model,0.005,pn,2781.0,fit-age-sex-bloods,0,2716.0,2839.525,2716.0,2839.525
model,0.01,pn,3603.0,fit-age-sex-bloods,0,3551.0,3657.1,3551.0,3657.1
model,0.0141,pn,3909.0,fit-age-sex-bloods,0,3848.275,3964.0,3848.275,3964.0
model,0.02,pn,4214.0,fit-age-sex-bloods,0,4163.95,4267.0,4163.95,4267.0
model,0.03,pn,4439.0,fit-age-sex-bloods,0,4388.9,4478.625,4388.9,4478.625
model,0.04,pn,4572.0,fit-age-sex-bloods,0,4531.95,4603.2,4531.95,4603.2
model,0.05,pn,4657.0,fit-age-sex-bloods,0,4621.425,4687.0,4621.425,4687.0
model,0.1,pn,4849.0,fit-age-sex-bloods,0,4826.95,4875.05,4826.95,4875.05
model,0.2,pn,4955.0,fit-age-sex-bloods,0,4940.9,4967.0,4940.9,4967.0
model,0.005,tp,82.0,fit-age-sex-bloods,0,63.0,102.09999999999997,63.0,102.09999999999997
model,0.01,tp,77.0,fit-age-sex-bloods,0,60.474999999999994,95.09999999999997,60.474999999999994,95.09999999999997
model,0.0141,tp,72.99999999999999,fit-age-sex-bloods,0,57.99999999999999,91.52499999999998,57.99999999999999,91.52499999999998
model,0.02,tp,66.0,fit-age-sex-bloods,0,51.47500000000001,81.52499999999999,51.47500000000001,81.52499999999999
model,0.03,tp,60.0,fit-age-sex-bloods,0,47.0,77.0,47.0,77.0
model,0.04,tp,55.00000000000001,fit-age-sex-bloods,0,43.475,70.52499999999999,43.475,70.52499999999999
model,0.05,tp,52.0,fit-age-sex-bloods,0,41.474999999999994,65.525,41.474999999999994,65.525
model,0.1,tp,36.0,fit-age-sex-bloods,0,26.475,46.04999999999998,26.475,46.04999999999998
model,0.2,tp,20.0,fit-age-sex-bloods,0,11.0,30.049999999999976,11.0,30.049999999999976
model,0.005,fp,2137.0,fit-age-sex-bloods,0,2074.8,2199.6749999999997,2074.8,2199.6749999999997
model,0.01,fp,1320.0,fit-age-sex-bloods,0,1263.325,1370.0,1263.325,1370.0
model,0.0141,fp,1018.0,fit-age-sex-bloods,0,967.95,1073.6249999999998,967.95,1073.6249999999998
model,0.02,fp,720.0000000000001,fit-age-sex-bloods,0,671.275,775.525,671.275,775.525
model,0.03,fp,501.0,fit-age-sex-bloods,0,458.9,544.525,458.9,544.525
model,0.04,fp,373.0,fit-age-sex-bloods,0,343.0,414.575,343.0,414.575
model,0.05,fp,291.0,fit-age-sex-bloods,0,263.475,328.1499999999999,263.475,328.1499999999999
model,0.1,fp,115.0,fit-age-sex-bloods,0,92.9,134.575,92.9,134.575
model,0.2,fp,25.0,fit-age-sex-bloods,0,14.475,35.0,14.475,35.0
model,0.005,tn,2777.0,fit-age-sex-bloods,0,2713.95,2837.0,2713.95,2837.0
model,0.01,tn,3594.0,fit-age-sex-bloods,0,3542.475,3649.525,3542.475,3649.525
model,0.0141,tn,3896.0,fit-age-sex-bloods,0,3836.225,3948.525,3836.225,3948.525
model,0.02,tn,4194.0,fit-age-sex-bloods,0,4142.9,4246.15,4142.9,4246.15
model,0.03,tn,4413.0,fit-age-sex-bloods,0,4359.85,4450.15,4359.85,4450.15
model,0.04,tn,4541.0,fit-age-sex-bloods,0,4493.275,4570.0,4493.275,4570.0
model,0.05,tn,4623.0,fit-age-sex-bloods,0,4577.425,4658.1,4577.425,4658.1
model,0.1,tn,4799.0,fit-age-sex-bloods,0,4767.0,4830.05,4767.0,4830.05
model,0.2,tn,4889.0,fit-age-sex-bloods,0,4865.9,4912.05,4865.9,4912.05
model,0.005,fn,4.0,fit-age-sex-bloods,0,0.9999999999999926,8.000000000000004,0.9999999999999926,8.000000000000004
model,0.01,fn,9.0,fit-age-sex-bloods,0,3.9999999999999925,14.0,3.9999999999999925,14.0
model,0.0141,fn,13.000000000000014,fit-age-sex-bloods,0,7.475,20.0,7.475,20.0
model,0.02,fn,20.0,fit-age-sex-bloods,0,12.999999999999996,28.00000000000001,12.999999999999996,28.00000000000001
model,0.03,fn,26.0,fit-age-sex-bloods,0,17.000000000000004,36.04999999999998,17.000000000000004,36.04999999999998
model,0.04,fn,30.999999999999993,fit-age-sex-bloods,0,21.474999999999998,44.0,21.474999999999998,44.0
model,0.05,fn,34.0,fit-age-sex-bloods,0,24.0,47.04999999999998,24.0,47.04999999999998
model,0.1,fn,50.0,fit-age-sex-bloods,0,37.475,65.04999999999998,37.475,65.04999999999998
model,0.2,fn,66.0,fit-age-sex-bloods,0,53.0,81.52499999999999,53.0,81.52499999999999
model,0.005,test_neg_rate,0.5562,fit-age-sex-bloods,0,0.5432,0.567905,0.5432,0.567905
model,0.01,test_neg_rate,0.7206,fit-age-sex-bloods,0,0.7102,0.73142,0.7102,0.73142
model,0.0141,test_neg_rate,0.7818,fit-age-sex-bloods,0,0.769655,0.7928,0.769655,0.7928
model,0.02,test_neg_rate,0.8428,fit-age-sex-bloods,0,0.83279,0.8534,0.83279,0.8534
model,0.03,test_neg_rate,0.8878,fit-age-sex-bloods,0,0.87778,0.895725,0.87778,0.895725
model,0.04,test_neg_rate,0.9144,fit-age-sex-bloods,0,0.90639,0.92064,0.90639,0.92064
model,0.05,test_neg_rate,0.9314,fit-age-sex-bloods,0,0.924285,0.9374,0.924285,0.9374
model,0.1,test_neg_rate,0.9698,fit-age-sex-bloods,0,0.96539,0.9750099999999999,0.96539,0.9750099999999999
model,0.2,test_neg_rate,0.991,fit-age-sex-bloods,0,0.9881800000000001,0.9934,0.9881800000000001,0.9934
model,0.005,tn_rate,0.5554,fit-age-sex-bloods,0,0.54279,0.5674,0.54279,0.5674
model,0.01,tn_rate,0.7188,fit-age-sex-bloods,0,0.708495,0.729905,0.708495,0.729905
model,0.0141,tn_rate,0.7792,fit-age-sex-bloods,0,0.767245,0.789705,0.767245,0.789705
model,0.02,tn_rate,0.8388,fit-age-sex-bloods,0,0.82858,0.84923,0.82858,0.84923
model,0.03,tn_rate,0.8826,fit-age-sex-bloods,0,0.87197,0.89003,0.87197,0.89003
model,0.04,tn_rate,0.9082,fit-age-sex-bloods,0,0.898655,0.914,0.898655,0.914
model,0.05,tn_rate,0.9246,fit-age-sex-bloods,0,0.915485,0.93162,0.915485,0.93162
model,0.1,tn_rate,0.9598,fit-age-sex-bloods,0,0.9534,0.9660099999999999,0.9534,0.9660099999999999
model,0.2,tn_rate,0.9778,fit-age-sex-bloods,0,0.97318,0.98241,0.97318,0.98241
model,0.005,fn_rate,0.0008,fit-age-sex-bloods,0,0.00019999999999999852,0.0016000000000000007,0.00019999999999999852,0.0016000000000000007
model,0.01,fn_rate,0.0018,fit-age-sex-bloods,0,0.0007999999999999985,0.0028,0.0007999999999999985,0.0028
model,0.0141,fn_rate,0.002600000000000003,fit-age-sex-bloods,0,0.001495,0.004,0.001495,0.004
model,0.02,fn_rate,0.004,fit-age-sex-bloods,0,0.002599999999999999,0.0056000000000000025,0.002599999999999999,0.0056000000000000025
model,0.03,fn_rate,0.0052,fit-age-sex-bloods,0,0.0034000000000000007,0.007209999999999998,0.0034000000000000007,0.007209999999999998
model,0.04,fn_rate,0.006199999999999999,fit-age-sex-bloods,0,0.004294999999999999,0.0088,0.004294999999999999,0.0088
model,0.05,fn_rate,0.0068,fit-age-sex-bloods,0,0.0048,0.009409999999999996,0.0048,0.009409999999999996
model,0.1,fn_rate,0.01,fit-age-sex-bloods,0,0.007495000000000001,0.013009999999999997,0.007495000000000001,0.013009999999999997
model,0.2,fn_rate,0.0132,fit-age-sex-bloods,0,0.0106,0.016305,0.0106,0.016305
model,0.005,pp1000,443.79999999999995,fit-age-sex-bloods,0,432.09499999999997,456.8,432.09499999999997,456.8
model,0.01,pp1000,279.4,fit-age-sex-bloods,0,268.58,289.8,268.58,289.8
model,0.0141,pp1000,218.20000000000002,fit-age-sex-bloods,0,207.2,230.34499999999997,207.2,230.34499999999997
model,0.02,pp1000,157.20000000000002,fit-age-sex-bloods,0,146.6,167.21,146.6,167.21
model,0.03,pp1000,112.19999999999999,fit-age-sex-bloods,0,104.275,122.22,104.275,122.22
model,0.04,pp1000,85.6,fit-age-sex-bloods,0,79.36,93.60999999999999,79.36,93.60999999999999
model,0.05,pp1000,68.6,fit-age-sex-bloods,0,62.6,75.71499999999999,62.6,75.71499999999999
model,0.1,pp1000,30.200000000000003,fit-age-sex-bloods,0,24.99,34.60999999999999,24.99,34.60999999999999
model,0.2,pp1000,9.0,fit-age-sex-bloods,0,6.6,11.819999999999993,6.6,11.819999999999993
model,0.005,pn1000,556.2,fit-age-sex-bloods,0,543.2,567.905,543.2,567.905
model,0.01,pn1000,720.6,fit-age-sex-bloods,0,710.2,731.42,710.2,731.42
model,0.0141,pn1000,781.8000000000001,fit-age-sex-bloods,0,769.655,792.8,769.655,792.8
model,0.02,pn1000,842.8,fit-age-sex-bloods,0,832.79,853.4000000000001,832.79,853.4000000000001
model,0.03,pn1000,887.8000000000001,fit-age-sex-bloods,0,877.78,895.725,877.78,895.725
model,0.04,pn1000,914.4,fit-age-sex-bloods,0,906.39,920.64,906.39,920.64
model,0.05,pn1000,931.4,fit-age-sex-bloods,0,924.285,937.4,924.285,937.4
model,0.1,pn1000,969.8,fit-age-sex-bloods,0,965.39,975.01,965.39,975.01
model,0.2,pn1000,991.0,fit-age-sex-bloods,0,988.18,993.4,988.18,993.4
model,0.005,tp1000,16.400000000000002,fit-age-sex-bloods,0,12.6,20.419999999999995,12.6,20.419999999999995
model,0.01,tp1000,15.4,fit-age-sex-bloods,0,12.094999999999999,19.019999999999996,12.094999999999999,19.019999999999996
model,0.0141,tp1000,14.599999999999998,fit-age-sex-bloods,0,11.6,18.304999999999996,11.6,18.304999999999996
model,0.02,tp1000,13.2,fit-age-sex-bloods,0,10.295000000000002,16.305,10.295000000000002,16.305
model,0.03,tp1000,12.0,fit-age-sex-bloods,0,9.4,15.4,9.4,15.4
model,0.04,tp1000,11.000000000000002,fit-age-sex-bloods,0,8.695,14.104999999999999,8.695,14.104999999999999
model,0.05,tp1000,10.4,fit-age-sex-bloods,0,8.295,13.104999999999999,8.295,13.104999999999999
model,0.1,tp1000,7.200000000000001,fit-age-sex-bloods,0,5.295,9.209999999999997,5.295,9.209999999999997
model,0.2,tp1000,4.0,fit-age-sex-bloods,0,2.2,6.009999999999996,2.2,6.009999999999996
model,0.005,fp1000,427.4,fit-age-sex-bloods,0,414.96,439.935,414.96,439.935
model,0.01,fp1000,264.0,fit-age-sex-bloods,0,252.665,274.0,252.665,274.0
model,0.0141,fp1000,203.6,fit-age-sex-bloods,0,193.59,214.72499999999997,193.59,214.72499999999997
model,0.02,fp1000,144.00000000000003,fit-age-sex-bloods,0,134.255,155.105,134.255,155.105
model,0.03,fp1000,100.2,fit-age-sex-bloods,0,91.77999999999999,108.905,91.77999999999999,108.905
model,0.04,fp1000,74.6,fit-age-sex-bloods,0,68.6,82.915,68.6,82.915
model,0.05,fp1000,58.199999999999996,fit-age-sex-bloods,0,52.695,65.62999999999998,52.695,65.62999999999998
model,0.1,fp1000,23.0,fit-age-sex-bloods,0,18.58,26.914999999999992,18.58,26.914999999999992
model,0.2,fp1000,5.0,fit-age-sex-bloods,0,2.895,7.0,2.895,7.0
model,0.005,tn1000,555.4,fit-age-sex-bloods,0,542.79,567.4,542.79,567.4
model,0.01,tn1000,718.8,fit-age-sex-bloods,0,708.495,729.905,708.495,729.905
model,0.0141,tn1000,779.2,fit-age-sex-bloods,0,767.245,789.705,767.245,789.705
model,0.02,tn1000,838.8,fit-age-sex-bloods,0,828.58,849.23,828.58,849.23
model,0.03,tn1000,882.6,fit-age-sex-bloods,0,871.97,890.03,871.97,890.03
model,0.04,tn1000,908.2,fit-age-sex-bloods,0,898.655,914.0,898.655,914.0
model,0.05,tn1000,924.6,fit-age-sex-bloods,0,915.485,931.62,915.485,931.62
model,0.1,tn1000,959.8,fit-age-sex-bloods,0,953.4,966.01,953.4,966.01
model,0.2,tn1000,977.8,fit-age-sex-bloods,0,973.18,982.41,973.18,982.41
model,0.005,fn1000,0.8,fit-age-sex-bloods,0,0.1999999999999985,1.6000000000000008,0.1999999999999985,1.6000000000000008
model,0.01,fn1000,1.8,fit-age-sex-bloods,0,0.7999999999999985,2.8,0.7999999999999985,2.8
model,0.0141,fn1000,2.6000000000000028,fit-age-sex-bloods,0,1.495,4.0,1.495,4.0
model,0.02,fn1000,4.0,fit-age-sex-bloods,0,2.599999999999999,5.600000000000002,2.599999999999999,5.600000000000002
model,0.03,fn1000,5.2,fit-age-sex-bloods,0,3.400000000000001,7.209999999999997,3.400000000000001,7.209999999999997
model,0.04,fn1000,6.199999999999999,fit-age-sex-bloods,0,4.294999999999999,8.8,4.294999999999999,8.8
model,0.05,fn1000,6.8,fit-age-sex-bloods,0,4.8,9.409999999999997,4.8,9.409999999999997
model,0.1,fn1000,10.0,fit-age-sex-bloods,0,7.495,13.009999999999996,7.495,13.009999999999996
model,0.2,fn1000,13.2,fit-age-sex-bloods,0,10.6,16.305,10.6,16.305
model,0.005,n,5000.0,fit-age-sex,0,5000.0,5000.0,5000.0,5000.0
model,0.01,n,5000.0,fit-age-sex,0,5000.0,5000.0,5000.0,5000.0
model,0.0141,n,5000.0,fit-age-sex,0,5000.0,5000.0,5000.0,5000.0
model,0.02,n,5000.0,fit-age-sex,0,5000.0,5000.0,5000.0,5000.0
model,0.03,n,5000.0,fit-age-sex,0,5000.0,5000.0,5000.0,5000.0
model,0.04,n,5000.0,fit-age-sex,0,5000.0,5000.0,5000.0,5000.0
model,0.05,n,5000.0,fit-age-sex,0,5000.0,5000.0,5000.0,5000.0
model,0.1,n,5000.0,fit-age-sex,0,5000.0,5000.0,5000.0,5000.0
model,0.2,n,5000.0,fit-age-sex,0,5000.0,5000.0,5000.0,5000.0
model,0.005,prevalence,0.0172,fit-age-sex,0,0.0136,0.021009999999999997,0.0136,0.021009999999999997
model,0.01,prevalence,0.0172,fit-age-sex,0,0.0136,0.021009999999999997,0.0136,0.021009999999999997
model,0.0141,prevalence,0.0172,fit-age-sex,0,0.0136,0.021009999999999997,0.0136,0.021009999999999997
model,0.02,prevalence,0.0172,fit-age-sex,0,0.0136,0.021009999999999997,0.0136,0.021009999999999997
model,0.03,prevalence,0.0172,fit-age-sex,0,0.0136,0.021009999999999997,0.0136,0.021009999999999997
model,0.04,prevalence,0.0172,fit-age-sex,0,0.0136,0.021009999999999997,0.0136,0.021009999999999997
model,0.05,prevalence,0.0172,fit-age-sex,0,0.0136,0.021009999999999997,0.0136,0.021009999999999997
model,0.1,prevalence,0.0172,fit-age-sex,0,0.0136,0.021009999999999997,0.0136,0.021009999999999997
model,0.2,prevalence,0.0172,fit-age-sex,0,0.0136,0.021009999999999997,0.0136,0.021009999999999997
model,0.005,harm,0.0,fit-age-sex,0,0.0,0.0,0.0,0.0
model,0.01,harm,0.0,fit-age-sex,0,0.0,0.0,0.0,0.0
model,0.0141,harm,0.0,fit-age-sex,0,0.0,0.0,0.0,0.0
model,0.02,harm,0.0,fit-age-sex,0,0.0,0.0,0.0,0.0
model,0.03,harm,0.0,fit-age-sex,0,0.0,0.0,0.0,0.0
model,0.04,harm,0.0,fit-age-sex,0,0.0,0.0,0.0,0.0
model,0.05,harm,0.0,fit-age-sex,0,0.0,0.0,0.0,0.0
model,0.1,harm,0.0,fit-age-sex,0,0.0,0.0,0.0,0.0
model,0.2,harm,0.0,fit-age-sex,0,0.0,0.0,0.0,0.0
model,0.005,test_pos_rate,0.4716,fit-age-sex,0,0.4592,0.4856,0.4592,0.4856
model,0.01,test_pos_rate,0.291,fit-age-sex,0,0.279,0.305975,0.279,0.305975
model,0.0141,test_pos_rate,0.2212,fit-age-sex,0,0.209895,0.231905,0.209895,0.231905
model,0.02,test_pos_rate,0.1628,fit-age-sex,0,0.153695,0.17354499999999998,0.153695,0.17354499999999998
model,0.03,test_pos_rate,0.114,fit-age-sex,0,0.104875,0.12334499999999998,0.104875,0.12334499999999998
model,0.04,test_pos_rate,0.0868,fit-age-sex,0,0.07919,0.09541999999999999,0.07919,0.09541999999999999
model,0.05,test_pos_rate,0.0686,fit-age-sex,0,0.062189999999999995,0.07482,0.062189999999999995,0.07482
model,0.1,test_pos_rate,0.0302,fit-age-sex,0,0.02579,0.035809999999999995,0.02579,0.035809999999999995
model,0.2,test_pos_rate,0.0106,fit-age-sex,0,0.00739,0.0138,0.00739,0.0138
model,0.005,tp_rate,0.0166,fit-age-sex,0,0.01299,0.020409999999999998,0.01299,0.020409999999999998
model,0.01,tp_rate,0.014799999999999999,fit-age-sex,0,0.011495,0.018504999999999997,0.011495,0.018504999999999997
model,0.0141,tp_rate,0.0134,fit-age-sex,0,0.010495,0.016905,0.010495,0.016905
model,0.02,tp_rate,0.0124,fit-age-sex,0,0.009685,0.016,0.009685,0.016
model,0.03,tp_rate,0.0108,fit-age-sex,0,0.008599999999999998,0.014209999999999997,0.008599999999999998,0.014209999999999997
model,0.04,tp_rate,0.0098,fit-age-sex,0,0.00759,0.012504999999999997,0.00759,0.012504999999999997
model,0.05,tp_rate,0.009000000000000001,fit-age-sex,0,0.0066949999999999996,0.011504999999999998,0.0066949999999999996,0.011504999999999998
model,0.1,tp_rate,0.006,fit-age-sex,0,0.0040950000000000005,0.008104999999999998,0.0040950000000000005,0.008104999999999998
model,0.2,tp_rate,0.0028000000000000004,fit-age-sex,0,0.0012,0.004200000000000001,0.0012,0.004200000000000001
model,0.005,fp_rate,0.455,fit-age-sex,0,0.442485,0.467505,0.442485,0.467505
model,0.01,fp_rate,0.2762,fit-age-sex,0,0.26489500000000005,0.29060499999999995,0.26489500000000005,0.29060499999999995
model,0.0141,fp_rate,0.2078,fit-age-sex,0,0.19679999999999997,0.21861,0.19679999999999997,0.21861
model,0.02,fp_rate,0.1504,fit-age-sex,0,0.141685,0.15985000000000002,0.141685,0.15985000000000002
model,0.03,fp_rate,0.1032,fit-age-sex,0,0.09489500000000001,0.11250500000000001,0.09489500000000001,0.11250500000000001
model,0.04,fp_rate,0.077,fit-age-sex,0,0.070685,0.08471499999999998,0.070685,0.08471499999999998
model,0.05,fp_rate,0.0596,fit-age-sex,0,0.053989999999999996,0.065915,0.053989999999999996,0.065915
model,0.1,fp_rate,0.024200000000000003,fit-age-sex,0,0.020589999999999997,0.029209999999999996,0.020589999999999997,0.029209999999999996
model,0.2,fp_rate,0.0078,fit-age-sex,0,0.005095,0.010809999999999997,0.005095,0.010809999999999997
model,0.005,net_benefit,0.01431356783919598,fit-age-sex,0,0.010730452261306532,0.018151859296482407,0.010730452261306532,0.018151859296482407
model,0.01,net_benefit,0.012010101010101009,fit-age-sex,0,0.008763383838383838,0.01562565656565656,0.008763383838383838,0.01562565656565656
model,0.0141,net_benefit,0.0104281164418298,fit-age-sex,0,0.007588689522263921,0.01394841921087331,0.007588689522263921,0.01394841921087331
model,0.02,net_benefit,0.009330612244897958,fit-age-sex,0,0.0066720408163265296,0.012979795918367346,0.0066720408163265296,0.012979795918367346
model,0.03,net_benefit,0.007608247422680413,fit-age-sex,0,0.0054326804123711325,0.011079175257731957,0.0054326804123711325,0.011079175257731957
model,0.04,net_benefit,0.006591666666666666,fit-age-sex,0,0.004273333333333333,0.00933083333333333,0.004273333333333333,0.00933083333333333
model,0.05,net_benefit,0.005863157894736843,fit-age-sex,0,0.003654473684210526,0.00832236842105263,0.003654473684210526,0.00832236842105263
model,0.1,net_benefit,0.0033111111111111106,fit-age-sex,0,0.0012727777777777776,0.005578888888888888,0.0012727777777777776,0.005578888888888888
model,0.2,net_benefit,0.0008500000000000005,fit-age-sex,0,-0.0007262499999999999,0.0023499999999999997,-0.0007262499999999999,0.0023499999999999997
model,0.005,net_intervention_avoided,0.40840000000000004,fit-age-sex,0,0.31773000000000023,0.49673500000000015,0.31773000000000023,0.49673500000000015
model,0.01,net_intervention_avoided,0.46900000000000003,fit-age-sex,0,0.33041499999999996,0.568355,0.33041499999999996,0.568355
model,0.0141,net_intervention_avoided,0.5092964539007092,fit-age-sex,0,0.393823865248227,0.6122372340425533,0.393823865248227,0.6122372340425533
model,0.02,net_intervention_avoided,0.5972000000000001,fit-age-sex,0,0.501425,0.688405,0.501425,0.688405
model,0.03,net_intervention_avoided,0.6726666666666667,fit-age-sex,0,0.5833716666666667,0.7470383333333334,0.5833716666666667,0.7470383333333334
model,0.04,net_intervention_avoided,0.7282000000000001,fit-age-sex,0,0.6558150000000001,0.78982,0.6558150000000001,0.78982
model,0.05,net_intervention_avoided,0.7674,fit-age-sex,0,0.70872,0.813945,0.70872,0.813945
model,0.1,net_intervention_avoided,0.8577999999999999,fit-age-sex,0,0.82874,0.88445,0.82874,0.88445
model,0.2,net_intervention_avoided,0.9174,fit-age-sex,0,0.899485,0.932505,0.899485,0.932505
model,0.005,pp,2358.0,fit-age-sex,0,2296.0,2428.0,2296.0,2428.0
model,0.01,pp,1455.0,fit-age-sex,0,1395.0000000000002,1529.8749999999998,1395.0000000000002,1529.8749999999998
model,0.0141,pp,1106.0,fit-age-sex,0,1049.475,1159.525,1049.475,1159.525
model,0.02,pp,814.0,fit-age-sex,0,768.4749999999999,867.7249999999999,768.4749999999999,867.7249999999999
model,0.03,pp,570.0,fit-age-sex,0,524.375,616.7249999999999,524.375,616.7249999999999
model,0.04,pp,434.0,fit-age-sex,0,395.95,477.09999999999997,395.95,477.09999999999997
model,0.05,pp,343.0,fit-age-sex,0,310.95,374.09999999999997,310.95,374.09999999999997
model,0.1,pp,151.0,fit-age-sex,0,128.95,179.04999999999998,128.95,179.04999999999998
model,0.2,pp,53.0,fit-age-sex,0,36.95,69.0,36.95,69.0
model,0.005,pn,2642.0,fit-age-sex,0,2572.0,2704.0,2572.0,2704.0
model,0.01,pn,3545.0,fit-age-sex,0,3470.125,3605.0,3470.125,3605.0
model,0.0141,pn,3894.0,fit-age-sex,0,3840.475,3950.525,3840.475,3950.525
model,0.02,pn,4186.0,fit-age-sex,0,4132.275,4231.525,4132.275,4231.525
model,0.03,pn,4430.0,fit-age-sex,0,4383.275,4475.625,4383.275,4475.625
model,0.04,pn,4566.0,fit-age-sex,0,4522.9,4604.05,4522.9,4604.05
model,0.05,pn,4657.0,fit-age-sex,0,4625.9,4689.05,4625.9,4689.05
model,0.1,pn,4849.0,fit-age-sex,0,4820.95,4871.05,4820.95,4871.05
model,0.2,pn,4947.0,fit-age-sex,0,4931.0,4963.05,4931.0,4963.05
model,0.005,tp,83.0,fit-age-sex,0,64.95,102.04999999999998,64.95,102.04999999999998
model,0.01,tp,74.0,fit-age-sex,0,57.474999999999994,92.52499999999998,57.474999999999994,92.52499999999998
model,0.0141,tp,67.0,fit-age-sex,0,52.475,84.52499999999999,52.475,84.52499999999999
model,0.02,tp,62.0,fit-age-sex,0,48.42499999999999,80.0,48.42499999999999,80.0
model,0.03,tp,54.0,fit-age-sex,0,42.99999999999999,71.04999999999998,42.99999999999999,71.04999999999998
model,0.04,tp,49.0,fit-age-sex,0,37.95,62.524999999999984,37.95,62.524999999999984
model,0.05,tp,45.00000000000001,fit-age-sex,0,33.475,57.524999999999984,33.475,57.524999999999984
model,0.1,tp,30.0,fit-age-sex,0,20.475,40.524999999999984,20.475,40.524999999999984
model,0.2,tp,14.000000000000002,fit-age-sex,0,6.0,21.000000000000004,6.0,21.000000000000004
model,0.005,fp,2275.0,fit-age-sex,0,2212.425,2337.525,2212.425,2337.525
model,0.01,fp,1381.0,fit-age-sex,0,1324.4750000000001,1453.0249999999999,1324.4750000000001,1453.0249999999999
model,0.0141,fp,1039.0,fit-age-sex,0,983.9999999999999,1093.05,983.9999999999999,1093.05
model,0.02,fp,752.0,fit-age-sex,0,708.4250000000001,799.25,708.4250000000001,799.25
model,0.03,fp,516.0,fit-age-sex,0,474.475,562.525,474.475,562.525
model,0.04,fp,385.0,fit-age-sex,0,353.42499999999995,423.57499999999993,353.42499999999995,423.57499999999993
model,0.05,fp,298.0,fit-age-sex,0,269.95,329.575,269.95,329.575
model,0.1,fp,121.00000000000001,fit-age-sex,0,102.94999999999999,146.04999999999998,102.94999999999999,146.04999999999998
model,0.2,fp,39.0,fit-age-sex,0,25.475,54.04999999999998,25.475,54.04999999999998
model,0.005,tn,2639.0,fit-age-sex,0,2569.475,2700.525,2569.475,2700.525
model,0.01,tn,3533.0,fit-age-sex,0,3460.6,3591.1,3460.6,3591.1
model,0.0141,tn,3875.0,fit-age-sex,0,3820.0,3930.1,3820.0,3930.1
model,0.02,tn,4162.0,fit-age-sex,0,4103.475,4206.525,4103.475,4206.525
model,0.03,tn,4398.0,fit-age-sex,0,4345.0,4443.525,4345.0,4443.525
model,0.04,tn,4529.0,fit-age-sex,0,4486.425,4570.525,4486.425,4570.525
model,0.05,tn,4616.0,fit-age-sex,0,4575.475,4651.1,4575.475,4651.1
model,0.1,tn,4793.0,fit-age-sex,0,4758.325,4820.575,4758.325,4820.575
model,0.2,tn,4875.0,fit-age-sex,0,4852.0,4897.05,4852.0,4897.05
model,0.005,fn,3.0,fit-age-sex,0,0.9999999999999858,5.000000000000014,0.9999999999999858,5.000000000000014
model,0.01,fn,12.0,fit-age-sex,0,7.0,19.04999999999999,7.0,19.04999999999999
model,0.0141,fn,19.0,fit-age-sex,0,11.999999999999996,26.524999999999995,11.999999999999996,26.524999999999995
model,0.02,fn,24.0,fit-age-sex,0,14.999999999999996,33.525,14.999999999999996,33.525
model,0.03,fn,32.0,fit-age-sex,0,21.475,44.52499999999999,21.475,44.52499999999999
model,0.04,fn,37.0,fit-age-sex,0,25.0,50.52499999999999,25.0,50.52499999999999
model,0.05,fn,40.99999999999999,fit-age-sex,0,31.0,55.0,31.0,55.0
model,0.1,fn,56.0,fit-age-sex,0,42.95,69.52499999999999,42.95,69.52499999999999
model,0.2,fn,72.0,fit-age-sex,0,57.0,90.0,57.0,90.0
model,0.005,test_neg_rate,0.5284,fit-age-sex,0,0.5144,0.5408,0.5144,0.5408
model,0.01,test_neg_rate,0.709,fit-age-sex,0,0.694025,0.721,0.694025,0.721
model,0.0141,test_neg_rate,0.7788,fit-age-sex,0,0.768095,0.7901050000000001,0.768095,0.7901050000000001
model,0.02,test_neg_rate,0.8372,fit-age-sex,0,0.826455,0.846305,0.826455,0.846305
model,0.03,test_neg_rate,0.886,fit-age-sex,0,0.8766550000000001,0.895125,0.8766550000000001,0.895125
model,0.04,test_neg_rate,0.9132,fit-age-sex,0,0.90458,0.92081,0.90458,0.92081
model,0.05,test_neg_rate,0.9314,fit-age-sex,0,0.92518,0.9378099999999999,0.92518,0.9378099999999999
model,0.1,test_neg_rate,0.9698,fit-age-sex,0,0.96419,0.97421,0.96419,0.97421
model,0.2,test_neg_rate,0.9894,fit-age-sex,0,0.9862,0.99261,0.9862,0.99261
model,0.005,tn_rate,0.5278,fit-age-sex,0,0.513895,0.5401050000000001,0.513895,0.5401050000000001
model,0.01,tn_rate,0.7066,fit-age-sex,0,0.69212,0.71822,0.69212,0.71822
model,0.0141,tn_rate,0.775,fit-age-sex,0,0.764,0.7860199999999999,0.764,0.7860199999999999
model,0.02,tn_rate,0.8324,fit-age-sex,0,0.820695,0.841305,0.820695,0.841305
model,0.03,tn_rate,0.8796,fit-age-sex,0,0.869,0.888705,0.869,0.888705
model,0.04,tn_rate,0.9058,fit-age-sex,0,0.897285,0.9141050000000001,0.897285,0.9141050000000001
model,0.05,tn_rate,0.9232,fit-age-sex,0,0.915095,0.9302199999999999,0.915095,0.9302199999999999
model,0.1,tn_rate,0.9586,fit-age-sex,0,0.951665,0.964115,0.951665,0.964115
model,0.2,tn_rate,0.975,fit-age-sex,0,0.9704,0.97941,0.9704,0.97941
model,0.005,fn_rate,0.0006,fit-age-sex,0,0.00019999999999999716,0.0010000000000000028,0.00019999999999999716,0.0010000000000000028
model,0.01,fn_rate,0.0024,fit-age-sex,0,0.0014,0.003809999999999998,0.0014,0.003809999999999998
model,0.0141,fn_rate,0.0038,fit-age-sex,0,0.002399999999999999,0.005304999999999999,0.002399999999999999,0.005304999999999999
model,0.02,fn_rate,0.0048,fit-age-sex,0,0.002999999999999999,0.006704999999999999,0.002999999999999999,0.006704999999999999
model,0.03,fn_rate,0.0064,fit-age-sex,0,0.004295,0.008904999999999998,0.004295,0.008904999999999998
model,0.04,fn_rate,0.0074,fit-age-sex,0,0.005,0.010105,0.005,0.010105
model,0.05,fn_rate,0.008199999999999999,fit-age-sex,0,0.0062,0.011,0.0062,0.011
model,0.1,fn_rate,0.0112,fit-age-sex,0,0.00859,0.013904999999999999,0.00859,0.013904999999999999
model,0.2,fn_rate,0.0144,fit-age-sex,0,0.0114,0.018,0.0114,0.018
model,0.005,pp1000,471.6,fit-age-sex,0,459.2,485.59999999999997,459.2,485.59999999999997
model,0.01,pp1000,291.0,fit-age-sex,0,279.0,305.97499999999997,279.0,305.97499999999997
model,0.0141,pp1000,221.20000000000002,fit-age-sex,0,209.89499999999998,231.905,209.89499999999998,231.905
model,0.02,pp1000,162.8,fit-age-sex,0,153.695,173.545,153.695,173.545
model,0.03,pp1000,114.0,fit-age-sex,0,104.875,123.34499999999998,104.875,123.34499999999998
model,0.04,pp1000,86.8,fit-age-sex,0,79.19,95.41999999999999,79.19,95.41999999999999
model,0.05,pp1000,68.6,fit-age-sex,0,62.19,74.82,62.19,74.82
model,0.1,pp1000,30.200000000000003,fit-age-sex,0,25.79,35.809999999999995,25.79,35.809999999999995
model,0.2,pp1000,10.6,fit-age-sex,0,7.39,13.799999999999999,7.39,13.799999999999999
model,0.005,pn1000,528.4,fit-age-sex,0,514.4,540.8,514.4,540.8
model,0.01,pn1000,709.0,fit-age-sex,0,694.025,721.0,694.025,721.0
model,0.0141,pn1000,778.8000000000001,fit-age-sex,0,768.095,790.105,768.095,790.105
model,0.02,pn1000,837.2,fit-age-sex,0,826.455,846.3050000000001,826.455,846.3050000000001
model,0.03,pn1000,886.0,fit-age-sex,0,876.6550000000001,895.1249999999999,876.6550000000001,895.1249999999999
model,0.04,pn1000,913.2,fit-age-sex,0,904.58,920.8100000000001,904.58,920.8100000000001
model,0.05,pn1000,931.4,fit-age-sex,0,925.18,937.8100000000001,925.18,937.8100000000001
model,0.1,pn1000,969.8,fit-age-sex,0,964.19,974.21,964.19,974.21
model,0.2,pn1000,989.4,fit-age-sex,0,986.1999999999999,992.61,986.1999999999999,992.61
model,0.005,tp1000,16.6,fit-age-sex,0,12.99,20.409999999999997,12.99,20.409999999999997
model,0.01,tp1000,14.799999999999999,fit-age-sex,0,11.495,18.504999999999995,11.495,18.504999999999995
model,0.0141,tp1000,13.4,fit-age-sex,0,10.495000000000001,16.904999999999998,10.495000000000001,16.904999999999998
model,0.02,tp1000,12.4,fit-age-sex,0,9.684999999999999,16.0,9.684999999999999,16.0
model,0.03,tp1000,10.8,fit-age-sex,0,8.599999999999998,14.209999999999997,8.599999999999998,14.209999999999997
model,0.04,tp1000,9.799999999999999,fit-age-sex,0,7.59,12.504999999999997,7.59,12.504999999999997
model,0.05,tp1000,9.000000000000002,fit-age-sex,0,6.694999999999999,11.504999999999999,6.694999999999999,11.504999999999999
model,0.1,tp1000,6.0,fit-age-sex,0,4.095,8.104999999999999,4.095,8.104999999999999
model,0.2,tp1000,2.8000000000000003,fit-age-sex,0,1.2,4.2,1.2,4.2
model,0.005,fp1000,455.0,fit-age-sex,0,442.485,467.505,442.485,467.505
model,0.01,fp1000,276.2,fit-age-sex,0,264.895,290.60499999999996,264.895,290.60499999999996
model,0.0141,fp1000,207.8,fit-age-sex,0,196.79999999999998,218.60999999999999,196.79999999999998,218.60999999999999
model,0.02,fp1000,150.4,fit-age-sex,0,141.68500000000003,159.85000000000002,141.68500000000003,159.85000000000002
model,0.03,fp1000,103.2,fit-age-sex,0,94.89500000000001,112.50500000000001,94.89500000000001,112.50500000000001
model,0.04,fp1000,77.0,fit-age-sex,0,70.685,84.71499999999999,70.685,84.71499999999999
model,0.05,fp1000,59.6,fit-age-sex,0,53.99,65.91499999999999,53.99,65.91499999999999
model,0.1,fp1000,24.200000000000003,fit-age-sex,0,20.59,29.209999999999997,20.59,29.209999999999997
model,0.2,fp1000,7.8,fit-age-sex,0,5.095,10.809999999999997,5.095,10.809999999999997
model,0.005,tn1000,527.8000000000001,fit-age-sex,0,513.895,540.105,513.895,540.105
model,0.01,tn1000,706.6,fit-age-sex,0,692.12,718.22,692.12,718.22
model,0.0141,tn1000,775.0,fit-age-sex,0,764.0,786.02,764.0,786.02
model,0.02,tn1000,832.4,fit-age-sex,0,820.6949999999999,841.3050000000001,820.6949999999999,841.3050000000001
model,0.03,tn1000,879.6,fit-age-sex,0,869.0,888.705,869.0,888.705
model,0.04,tn1000,905.8000000000001,fit-age-sex,0,897.285,914.105,897.285,914.105
model,0.05,tn1000,923.2,fit-age-sex,0,915.095,930.22,915.095,930.22
model,0.1,tn1000,958.6,fit-age-sex,0,951.665,964.115,951.665,964.115
model,0.2,tn1000,975.0,fit-age-sex,0,970.4000000000001,979.41,970.4000000000001,979.41
model,0.005,fn1000,0.6,fit-age-sex,0,0.19999999999999715,1.0000000000000029,0.19999999999999715,1.0000000000000029
model,0.01,fn1000,2.4,fit-age-sex,0,1.4,3.809999999999998,1.4,3.809999999999998
model,0.0141,fn1000,3.8,fit-age-sex,0,2.399999999999999,5.304999999999999,2.399999999999999,5.304999999999999
model,0.02,fn1000,4.8,fit-age-sex,0,2.999999999999999,6.704999999999999,2.999999999999999,6.704999999999999
model,0.03,fn1000,6.4,fit-age-sex,0,4.295,8.904999999999998,4.295,8.904999999999998
model,0.04,fn1000,7.4,fit-age-sex,0,5.0,10.104999999999999,5.0,10.104999999999999
model,0.05,fn1000,8.2,fit-age-sex,0,6.2,11.0,6.2,11.0
model,0.1,fn1000,11.2,fit-age-sex,0,8.59,13.904999999999998,8.59,13.904999999999998
model,0.2,fn1000,14.4,fit-age-sex,0,11.4,18.0,11.4,18.0
model,0.005,n,5000.0,fit-spline,0,5000.0,5000.0,5000.0,5000.0
model,0.01,n,5000.0,fit-spline,0,5000.0,5000.0,5000.0,5000.0
model,0.0141,n,5000.0,fit-spline,0,5000.0,5000.0,5000.0,5000.0
model,0.02,n,5000.0,fit-spline,0,5000.0,5000.0,5000.0,5000.0
model,0.03,n,5000.0,fit-spline,0,5000.0,5000.0,5000.0,5000.0
model,0.04,n,5000.0,fit-spline,0,5000.0,5000.0,5000.0,5000.0
model,0.05,n,5000.0,fit-spline,0,5000.0,5000.0,5000.0,5000.0
model,0.1,n,5000.0,fit-spline,0,5000.0,5000.0,5000.0,5000.0
model,0.2,n,5000.0,fit-spline,0,5000.0,5000.0,5000.0,5000.0
model,0.005,prevalence,0.0172,fit-spline,0,0.0136,0.021009999999999997,0.0136,0.021009999999999997
model,0.01,prevalence,0.0172,fit-spline,0,0.0136,0.021009999999999997,0.0136,0.021009999999999997
model,0.0141,prevalence,0.0172,fit-spline,0,0.0136,0.021009999999999997,0.0136,0.021009999999999997
model,0.02,prevalence,0.0172,fit-spline,0,0.0136,0.021009999999999997,0.0136,0.021009999999999997
model,0.03,prevalence,0.0172,fit-spline,0,0.0136,0.021009999999999997,0.0136,0.021009999999999997
model,0.04,prevalence,0.0172,fit-spline,0,0.0136,0.021009999999999997,0.0136,0.021009999999999997
model,0.05,prevalence,0.0172,fit-spline,0,0.0136,0.021009999999999997,0.0136,0.021009999999999997
model,0.1,prevalence,0.0172,fit-spline,0,0.0136,0.021009999999999997,0.0136,0.021009999999999997
model,0.2,prevalence,0.0172,fit-spline,0,0.0136,0.021009999999999997,0.0136,0.021009999999999997
model,0.005,harm,0.0,fit-spline,0,0.0,0.0,0.0,0.0
model,0.01,harm,0.0,fit-spline,0,0.0,0.0,0.0,0.0
model,0.0141,harm,0.0,fit-spline,0,0.0,0.0,0.0,0.0
model,0.02,harm,0.0,fit-spline,0,0.0,0.0,0.0,0.0
model,0.03,harm,0.0,fit-spline,0,0.0,0.0,0.0,0.0
model,0.04,harm,0.0,fit-spline,0,0.0,0.0,0.0,0.0
model,0.05,harm,0.0,fit-spline,0,0.0,0.0,0.0,0.0
model,0.1,harm,0.0,fit-spline,0,0.0,0.0,0.0,0.0
model,0.2,harm,0.0,fit-spline,0,0.0,0.0,0.0,0.0
model,0.005,test_pos_rate,0.4722,fit-spline,0,0.459895,0.48664,0.459895,0.48664
model,0.01,test_pos_rate,0.3122,fit-spline,0,0.29928499999999997,0.32636499999999996,0.29928499999999997,0.32636499999999996
model,0.0141,test_pos_rate,0.2506,fit-spline,0,0.23915,0.26175499999999996,0.23915,0.26175499999999996
model,0.02,test_pos_rate,0.1952,fit-spline,0,0.18578999999999998,0.20552499999999999,0.18578999999999998,0.20552499999999999
model,0.03,test_pos_rate,0.1424,fit-spline,0,0.13379,0.15303,0.13379,0.15303
model,0.04,test_pos_rate,0.1088,fit-spline,0,0.1008,0.11777499999999998,0.1008,0.11777499999999998
model,0.05,test_pos_rate,0.0874,fit-spline,0,0.08,0.09581999999999999,0.08,0.09581999999999999
model,0.1,test_pos_rate,0.0354,fit-spline,0,0.0308,0.040305,0.0308,0.040305
model,0.2,test_pos_rate,0.0102,fit-spline,0,0.00739,0.0128,0.00739,0.0128
model,0.005,tp_rate,0.0166,fit-spline,0,0.01299,0.020409999999999998,0.01299,0.020409999999999998
model,0.01,tp_rate,0.0152,fit-spline,0,0.011695,0.019219999999999994,0.011695,0.019219999999999994
model,0.0141,tp_rate,0.014,fit-spline,0,0.011,0.01741,0.011,0.01741
model,0.02,tp_rate,0.0128,fit-spline,0,0.010095,0.016105,0.010095,0.016105
model,0.03,tp_rate,0.0116,fit-spline,0,0.009,0.015009999999999997,0.009,0.015009999999999997
model,0.04,tp_rate,0.0108,fit-spline,0,0.008599999999999998,0.014209999999999997,0.008599999999999998,0.014209999999999997
model,0.05,tp_rate,0.0094,fit-spline,0,0.0072,0.0126,0.0072,0.0126
model,0.1,tp_rate,0.0062,fit-spline,0,0.00439,0.008105,0.00439,0.008105
model,0.2,tp_rate,0.0032,fit-spline,0,0.0016950000000000001,0.004904999999999998,0.0016950000000000001,0.004904999999999998
model,0.005,fp_rate,0.4556,fit-spline,0,0.44328500000000004,0.46841,0.44328500000000004,0.46841
model,0.01,fp_rate,0.297,fit-spline,0,0.28357000000000004,0.31166,0.28357000000000004,0.31166
model,0.0141,fp_rate,0.23659999999999998,fit-spline,0,0.2256,0.24851499999999999,0.2256,0.24851499999999999
model,0.02,fp_rate,0.1824,fit-spline,0,0.1724,0.193315,0.1724,0.193315
model,0.03,fp_rate,0.1308,fit-spline,0,0.12238,0.13981000000000002,0.12238,0.13981000000000002
model,0.04,fp_rate,0.098,fit-spline,0,0.09059,0.1058,0.09059,0.1058
model,0.05,fp_rate,0.078,fit-spline,0,0.071495,0.08561,0.071495,0.08561
model,0.1,fp_rate,0.0292,fit-spline,0,0.02539,0.03402999999999999,0.02539,0.03402999999999999
model,0.2,fp_rate,0.007,fit-spline,0,0.0048000000000000004,0.009505,0.0048000000000000004,0.009505
model,0.005,net_benefit,0.014310552763819095,fit-spline,0,0.010714145728643215,0.01814271356783919,0.010714145728643215,0.01814271356783919
model,0.01,net_benefit,0.012199999999999999,fit-spline,0,0.00873641414141414,0.016156414141414135,0.00873641414141414,0.016156414141414135
model,0.0141,net_benefit,0.010616228826452988,fit-spline,0,0.007638539405619231,0.013993549548635763,0.007638539405619231,0.013993549548635763
model,0.02,net_benefit,0.009077551020408164,fit-spline,0,0.006438979591836733,0.012372653061224485,0.006438979591836733,0.012372653061224485
model,0.03,net_benefit,0.007554639175257731,fit-spline,0,0.005085618556701032,0.010931237113402058,0.005085618556701032,0.010931237113402058
model,0.04,net_benefit,0.006716666666666667,fit-spline,0,0.004573958333333332,0.010196041666666664,0.004573958333333332,0.010196041666666664
model,0.05,net_benefit,0.0052947368421052635,fit-spline,0,0.0031707894736842097,0.008505526315789472,0.0031707894736842097,0.008505526315789472
model,0.1,net_benefit,0.002955555555555555,fit-spline,0,0.0011099999999999994,0.004967222222222222,0.0011099999999999994,0.004967222222222222
model,0.2,net_benefit,0.0014500000000000001,fit-spline,0,-2.276824562219559e-19,0.003204999999999998,-2.276824562219559e-19,0.003204999999999998
model,0.005,net_intervention_avoided,0.40780000000000016,fit-spline,0,0.31657,0.49700999999999995,0.31657,0.49700999999999995
model,0.01,net_intervention_avoided,0.4878,fit-spline,0,0.37827000000000005,0.5926299999999999,0.37827000000000005,0.5926299999999999
model,0.0141,net_intervention_avoided,0.522449645390071,fit-spline,0,0.422208865248227,0.6226654255319147,0.422208865248227,0.6226654255319147
model,0.02,net_intervention_avoided,0.5848000000000001,fit-spline,0,0.48566499999999996,0.668945,0.48566499999999996,0.668945
model,0.03,net_intervention_avoided,0.6709333333333334,fit-spline,0,0.6049483333333333,0.737125,0.6049483333333333,0.737125
model,0.04,net_intervention_avoided,0.7312000000000001,fit-spline,0,0.66366,0.787735,0.66366,0.787735
model,0.05,net_intervention_avoided,0.7566,fit-spline,0,0.700665,0.803495,0.700665,0.803495
model,0.1,net_intervention_avoided,0.8545999999999999,fit-spline,0,0.823865,0.880905,0.823865,0.880905
model,0.2,net_intervention_avoided,0.9198000000000001,fit-spline,0,0.901485,0.934535,0.901485,0.934535
model,0.005,pp,2361.0,fit-spline,0,2299.475,2433.2,2299.475,2433.2
model,0.01,pp,1561.0,fit-spline,0,1496.425,1631.8249999999998,1496.425,1631.8249999999998
model,0.0141,pp,1253.0,fit-spline,0,1195.75,1308.7749999999999,1195.75,1308.7749999999999
model,0.02,pp,976.0000000000001,fit-spline,0,928.9499999999999,1027.625,928.9499999999999,1027.625
model,0.03,pp,712.0,fit-spline,0,668.95,765.1499999999999,668.95,765.1499999999999
model,0.04,pp,544.0,fit-spline,0,504.0,588.8749999999999,504.0,588.8749999999999
model,0.05,pp,437.0,fit-spline,0,400.0,479.0999999999999,400.0,479.0999999999999
model,0.1,pp,177.0,fit-spline,0,154.0,201.52499999999998,154.0,201.52499999999998
model,0.2,pp,51.00000000000001,fit-spline,0,36.95,64.0,36.95,64.0
model,0.005,pn,2639.0,fit-spline,0,2566.8,2700.525,2566.8,2700.525
model,0.01,pn,3439.0,fit-spline,0,3368.175,3503.575,3368.175,3503.575
model,0.0141,pn,3747.0,fit-spline,0,3691.225,3804.25,3691.225,3804.25
model,0.02,pn,4024.0,fit-spline,0,3972.375,4071.05,3972.375,4071.05
model,0.03,pn,4288.0,fit-spline,0,4234.85,4331.05,4234.85,4331.05
model,0.04,pn,4456.0,fit-spline,0,4411.125,4496.0,4411.125,4496.0
model,0.05,pn,4563.0,fit-spline,0,4520.9,4600.0,4520.9,4600.0
model,0.1,pn,4823.0,fit-spline,0,4798.475,4846.0,4798.475,4846.0
model,0.2,pn,4949.0,fit-spline,0,4936.0,4963.05,4936.0,4963.05
model,0.005,tp,83.0,fit-spline,0,64.95,102.04999999999998,64.95,102.04999999999998
model,0.01,tp,76.0,fit-spline,0,58.475,96.09999999999997,58.475,96.09999999999997
model,0.0141,tp,70.0,fit-spline,0,55.0,87.04999999999998,55.0,87.04999999999998
model,0.02,tp,64.0,fit-spline,0,50.474999999999994,80.525,50.474999999999994,80.525
model,0.03,tp,57.99999999999999,fit-spline,0,45.0,75.05,45.0,75.05
model,0.04,tp,54.0,fit-spline,0,42.99999999999999,71.04999999999998,42.99999999999999,71.04999999999998
model,0.05,tp,47.0,fit-spline,0,36.0,63.0,36.0,63.0
model,0.1,tp,31.0,fit-spline,0,21.95,40.52499999999999,21.95,40.52499999999999
model,0.2,tp,16.0,fit-spline,0,8.475,24.52499999999999,8.475,24.52499999999999
model,0.005,fp,2278.0,fit-spline,0,2216.425,2342.05,2216.425,2342.05
model,0.01,fp,1485.0,fit-spline,0,1417.8500000000001,1558.2999999999997,1417.8500000000001,1558.2999999999997
model,0.0141,fp,1182.9999999999998,fit-spline,0,1128.0,1242.575,1128.0,1242.575
model,0.02,fp,912.0,fit-spline,0,862.0,966.5749999999999,862.0,966.5749999999999
model,0.03,fp,654.0,fit-spline,0,611.9,699.0500000000001,611.9,699.0500000000001
model,0.04,fp,490.0,fit-spline,0,452.95000000000005,529.0,452.95000000000005,529.0
model,0.05,fp,390.0,fit-spline,0,357.475,428.04999999999995,357.475,428.04999999999995
model,0.1,fp,146.0,fit-spline,0,126.94999999999999,170.14999999999995,126.94999999999999,170.14999999999995
model,0.2,fp,35.0,fit-spline,0,24.000000000000004,47.525,24.000000000000004,47.525
model,0.005,tn,2636.0,fit-spline,0,2564.325,2697.525,2564.325,2697.525
model,0.01,tn,3429.0,fit-spline,0,3361.125,3493.575,3361.125,3493.575
model,0.0141,tn,3731.0,fit-spline,0,3674.325,3788.15,3674.325,3788.15
model,0.02,tn,4002.0,fit-spline,0,3942.95,4050.525,3942.95,4050.525
model,0.03,tn,4260.0,fit-spline,0,4207.475,4304.1,4207.475,4304.1
model,0.04,tn,4424.0,fit-spline,0,4375.475,4465.0,4375.475,4465.0
model,0.05,tn,4524.0,fit-spline,0,4480.425,4565.525,4480.425,4565.525
model,0.1,tn,4768.0,fit-spline,0,4735.425,4797.525,4735.425,4797.525
model,0.2,tn,4879.0,fit-spline,0,4858.425,4898.05,4858.425,4898.05
model,0.005,fn,3.0,fit-spline,0,0.9999999999999858,5.000000000000014,0.9999999999999858,5.000000000000014
model,0.01,fn,10.0,fit-spline,0,5.0,15.524999999999991,5.0,15.524999999999991
model,0.0141,fn,16.0,fit-spline,0,9.000000000000004,23.0,9.000000000000004,23.0
model,0.02,fn,22.0,fit-spline,0,14.0,31.525,14.0,31.525
model,0.03,fn,28.000000000000007,fit-spline,0,17.999999999999996,37.52499999999999,17.999999999999996,37.52499999999999
model,0.04,fn,32.0,fit-spline,0,21.475,44.52499999999999,21.475,44.52499999999999
model,0.05,fn,39.0,fit-spline,0,28.95,52.52499999999999,28.95,52.52499999999999
model,0.1,fn,55.0,fit-spline,0,42.475,69.52499999999999,42.475,69.52499999999999
model,0.2,fn,70.0,fit-spline,0,55.95,88.52499999999999,55.95,88.52499999999999
model,0.005,test_neg_rate,0.5278,fit-spline,0,0.5133599999999999,0.5401050000000001,0.5133599999999999,0.5401050000000001
model,0.01,test_neg_rate,0.6878,fit-spline,0,0.673635,0.700715,0.673635,0.700715
model,0.0141,test_neg_rate,0.7494,fit-spline,0,0.7382449999999999,0.76085,0.7382449999999999,0.76085
model,0.02,test_neg_rate,0.8048,fit-spline,0,0.794475,0.81421,0.794475,0.81421
model,0.03,test_neg_rate,0.8576,fit-spline,0,0.84697,0.8662099999999999,0.84697,0.8662099999999999
model,0.04,test_neg_rate,0.8912,fit-spline,0,0.882225,0.8992,0.882225,0.8992
model,0.05,test_neg_rate,0.9126,fit-spline,0,0.90418,0.92,0.90418,0.92
model,0.1,test_neg_rate,0.9646,fit-spline,0,0.959695,0.9692,0.959695,0.9692
model,0.2,test_neg_rate,0.9898,fit-spline,0,0.9872,0.99261,0.9872,0.99261
model,0.005,tn_rate,0.5272,fit-spline,0,0.512865,0.539505,0.512865,0.539505
model,0.01,tn_rate,0.6858,fit-spline,0,0.672225,0.698715,0.672225,0.698715
model,0.0141,tn_rate,0.7462,fit-spline,0,0.734865,0.75763,0.734865,0.75763
model,0.02,tn_rate,0.8004,fit-spline,0,0.78859,0.8101050000000001,0.78859,0.8101050000000001
model,0.03,tn_rate,0.852,fit-spline,0,0.841495,0.86082,0.841495,0.86082
model,0.04,tn_rate,0.8848,fit-spline,0,0.875095,0.893,0.875095,0.893
model,0.05,tn_rate,0.9048,fit-spline,0,0.896085,0.913105,0.896085,0.913105
model,0.1,tn_rate,0.9536,fit-spline,0,0.947085,0.959505,0.947085,0.959505
model,0.2,tn_rate,0.9758,fit-spline,0,0.971685,0.97961,0.971685,0.97961
model,0.005,fn_rate,0.0006,fit-spline,0,0.00019999999999999716,0.0010000000000000028,0.00019999999999999716,0.0010000000000000028
model,0.01,fn_rate,0.002,fit-spline,0,0.001,0.003104999999999998,0.001,0.003104999999999998
model,0.0141,fn_rate,0.0032,fit-spline,0,0.0018000000000000006,0.0046,0.0018000000000000006,0.0046
model,0.02,fn_rate,0.0044,fit-spline,0,0.0028,0.006305,0.0028,0.006305
model,0.03,fn_rate,0.005600000000000002,fit-spline,0,0.003599999999999999,0.007504999999999999,0.003599999999999999,0.007504999999999999
model,0.04,fn_rate,0.0064,fit-spline,0,0.004295,0.008904999999999998,0.004295,0.008904999999999998
model,0.05,fn_rate,0.0078,fit-spline,0,0.00579,0.010504999999999999,0.00579,0.010504999999999999
model,0.1,fn_rate,0.011,fit-spline,0,0.008495,0.013904999999999999,0.008495,0.013904999999999999
model,0.2,fn_rate,0.014,fit-spline,0,0.01119,0.017705,0.01119,0.017705
model,0.005,pp1000,472.2,fit-spline,0,459.895,486.64,459.895,486.64
model,0.01,pp1000,312.2,fit-spline,0,299.28499999999997,326.365,299.28499999999997,326.365
model,0.0141,pp1000,250.6,fit-spline,0,239.14999999999998,261.755,239.14999999999998,261.755
model,0.02,pp1000,195.20000000000002,fit-spline,0,185.79,205.52499999999998,185.79,205.52499999999998
model,0.03,pp1000,142.4,fit-spline,0,133.79,153.03,133.79,153.03
model,0.04,pp1000,108.8,fit-spline,0,100.8,117.77499999999998,100.8,117.77499999999998
model,0.05,pp1000,87.4,fit-spline,0,80.0,95.82,80.0,95.82
model,0.1,pp1000,35.4,fit-spline,0,30.8,40.305,30.8,40.305
model,0.2,pp1000,10.200000000000001,fit-spline,0,7.39,12.8,7.39,12.8
model,0.005,pn1000,527.8000000000001,fit-spline,0,513.36,540.105,513.36,540.105
model,0.01,pn1000,687.8,fit-spline,0,673.635,700.715,673.635,700.715
model,0.0141,pn1000,749.4,fit-spline,0,738.245,760.85,738.245,760.85
model,0.02,pn1000,804.8,fit-spline,0,794.475,814.21,794.475,814.21
model,0.03,pn1000,857.6,fit-spline,0,846.97,866.21,846.97,866.21
model,0.04,pn1000,891.2,fit-spline,0,882.225,899.2,882.225,899.2
model,0.05,pn1000,912.6,fit-spline,0,904.18,920.0,904.18,920.0
model,0.1,pn1000,964.6,fit-spline,0,959.6949999999999,969.1999999999999,959.6949999999999,969.1999999999999
model,0.2,pn1000,989.8000000000001,fit-spline,0,987.1999999999999,992.61,987.1999999999999,992.61
model,0.005,tp1000,16.6,fit-spline,0,12.99,20.409999999999997,12.99,20.409999999999997
model,0.01,tp1000,15.2,fit-spline,0,11.695,19.21999999999999,11.695,19.21999999999999
model,0.0141,tp1000,14.0,fit-spline,0,11.0,17.409999999999997,11.0,17.409999999999997
model,0.02,tp1000,12.8,fit-spline,0,10.094999999999999,16.105,10.094999999999999,16.105
model,0.03,tp1000,11.6,fit-spline,0,9.0,15.009999999999996,9.0,15.009999999999996
model,0.04,tp1000,10.8,fit-spline,0,8.599999999999998,14.209999999999997,8.599999999999998,14.209999999999997
model,0.05,tp1000,9.4,fit-spline,0,7.2,12.6,7.2,12.6
model,0.1,tp1000,6.2,fit-spline,0,4.39,8.104999999999999,4.39,8.104999999999999
model,0.2,tp1000,3.2,fit-spline,0,1.695,4.9049999999999985,1.695,4.9049999999999985
model,0.005,fp1000,455.6,fit-spline,0,443.285,468.40999999999997,443.285,468.40999999999997
model,0.01,fp1000,297.0,fit-spline,0,283.57000000000005,311.65999999999997,283.57000000000005,311.65999999999997
model,0.0141,fp1000,236.59999999999997,fit-spline,0,225.6,248.515,225.6,248.515
model,0.02,fp1000,182.4,fit-spline,0,172.4,193.31499999999997,172.4,193.31499999999997
model,0.03,fp1000,130.8,fit-spline,0,122.38000000000001,139.81,122.38000000000001,139.81
model,0.04,fp1000,98.0,fit-spline,0,90.59,105.80000000000001,90.59,105.80000000000001
model,0.05,fp1000,78.0,fit-spline,0,71.495,85.61,71.495,85.61
model,0.1,fp1000,29.2,fit-spline,0,25.389999999999997,34.02999999999999,25.389999999999997,34.02999999999999
model,0.2,fp1000,7.0,fit-spline,0,4.800000000000001,9.505,4.800000000000001,9.505
model,0.005,tn1000,527.2,fit-spline,0,512.865,539.505,512.865,539.505
model,0.01,tn1000,685.8,fit-spline,0,672.2249999999999,698.715,672.2249999999999,698.715
model,0.0141,tn1000,746.1999999999999,fit-spline,0,734.865,757.63,734.865,757.63
model,0.02,tn1000,800.4,fit-spline,0,788.5899999999999,810.105,788.5899999999999,810.105
model,0.03,tn1000,852.0,fit-spline,0,841.495,860.82,841.495,860.82
model,0.04,tn1000,884.8000000000001,fit-spline,0,875.0949999999999,893.0,875.0949999999999,893.0
model,0.05,tn1000,904.8000000000001,fit-spline,0,896.085,913.105,896.085,913.105
model,0.1,tn1000,953.6,fit-spline,0,947.0849999999999,959.505,947.0849999999999,959.505
model,0.2,tn1000,975.8,fit-spline,0,971.6850000000001,979.61,971.6850000000001,979.61
model,0.005,fn1000,0.6,fit-spline,0,0.19999999999999715,1.0000000000000029,0.19999999999999715,1.0000000000000029
model,0.01,fn1000,2.0,fit-spline,0,1.0,3.104999999999998,1.0,3.104999999999998
model,0.0141,fn1000,3.2,fit-spline,0,1.8000000000000007,4.6,1.8000000000000007,4.6
model,0.02,fn1000,4.4,fit-spline,0,2.8,6.305,2.8,6.305
model,0.03,fn1000,5.600000000000001,fit-spline,0,3.599999999999999,7.504999999999998,3.599999999999999,7.504999999999998
model,0.04,fn1000,6.4,fit-spline,0,4.295,8.904999999999998,4.295,8.904999999999998
model,0.05,fn1000,7.8,fit-spline,0,5.79,10.504999999999999,5.79,10.504999999999999
model,0.1,fn1000,11.0,fit-spline,0,8.495000000000001,13.904999999999998,8.495000000000001,13.904999999999998
model,0.2,fn1000,14.0,fit-spline,0,11.19,17.705,11.19,17.705
