sens,metric_name,metric_value,model_name,m,q025,q975,ci_low,ci_high
0.99,thr,1.1695242406945399,fit,0,1.1695242406945399,2.4201348544461854,1.1695242406945399,2.4201348544461854
0.95,thr,4.540007206183187,fit,0,2.4197265226724465,6.131347351792072,2.4197265226724465,6.131347351792072
0.9,thr,5.990740144782592,fit,0,4.540535867449472,9.213198299845743,4.540535867449472,9.213198299845743
0.85,thr,8.273743614478617,fit,0,5.748715259344225,10.197716747977726,5.748715259344225,10.197716747977726
0.813953488372093,thr,10.049466677939073,fit,0,10.093579210998994,10.093579210998994,10.093579210998994,10.093579210998994
0.8,thr,10.09775130855618,fit,0,7.623239256427814,18.10681150405252,7.623239256427814,18.10681150405252
0.5,thr,42.29157178214598,fit,0,31.794739340980332,56.288664496525094,31.794739340980332,56.288664496525094
0.99,spec,0.28652828652828655,fit,0,0.27614536141835483,0.43401350333052013,0.27614536141835483,0.43401350333052013
0.95,spec,0.5814000814000814,fit,0,0.43424262241731815,0.6564638858160227,0.43424262241731815,0.6564638858160227
0.9,spec,0.6501831501831502,fit,0,0.5772374695634201,0.7495416855044839,0.5772374695634201,0.7495416855044839
0.85,spec,0.7214082214082214,fit,0,0.6386688288176964,0.7730150651465798,0.6386688288176964,0.7730150651465798
0.813953488372093,spec,0.7610907610907611,fit,0,0.752950752950753,0.752950752950753,0.752950752950753,0.752950752950753
0.8,spec,0.7619047619047619,fit,0,0.7052168194605551,0.8573027116057611,0.7052168194605551,0.8573027116057611
0.5,spec,0.9369149369149369,fit,0,0.9100390068540657,0.9588784045224463,0.9100390068540657,0.9588784045224463
0.99,ppv,0.023708348880856777,fit,0,0.019303221218101616,0.032865356741470154,0.019303221218101616,0.032865356741470154
0.95,ppv,0.038200776172441206,fit,0,0.025897460204809594,0.05061702709336,0.025897460204809594,0.05061702709336
0.9,ppv,0.04308617234468938,fit,0,0.030914018682052135,0.06334554813046293,0.030914018682052135,0.06334554813046293
0.85,ppv,0.0506899660217738,fit,0,0.03500638153755776,0.06626938197227324,0.03500638153755776,0.06626938197227324
0.813953488372093,ppv,0.05627009646302251,fit,0,0.05451713395638629,0.05451713395638629,0.05451713395638629,0.05451713395638629
0.8,ppv,0.055537617048756864,fit,0,0.04183349550957903,0.08767851290158313,0.04183349550957903,0.08767851290158313
0.5,ppv,0.12181303116147309,fit,0,0.08455982002493631,0.18126074139120618,0.08455982002493631,0.18126074139120618
0.99,npv,0.9993895773888108,fit,0,0.9992856743197356,0.9996174105617653,0.9992856743197356,0.9996174105617653
0.95,npv,0.9984971865935064,fit,0,0.9977412542485786,0.9988155289291244,0.9977412542485786,0.9988155289291244
0.9,npv,0.997315520039955,fit,0,0.9965809318243208,0.9978857706185186,0.9965809318243208,0.9978857706185186
0.85,npv,0.9963742657185418,fit,0,0.9952322854449771,0.9972180846445599,0.9952322854449771,0.9972180846445599
0.813953488372093,npv,0.9957401490947817,fit,0,0.9956942949407965,0.9956942949407965,0.9956942949407965,0.9956942949407965
0.8,npv,0.995426991385728,fit,0,0.9942150739206601,0.9964870067156377,0.9942150739206601,0.9964870067156377
0.5,npv,0.9907467183128901,fit,0,0.9886847699610523,0.9927773586026898,0.9886847699610523,0.9927773586026898
0.99,tp,85.14,fit,0,67.32,103.99949999999998,67.32,103.99949999999998
0.95,tp,81.7,fit,0,64.6,99.79749999999997,64.6,99.79749999999997
0.9,tp,77.4,fit,0,61.2,94.54499999999999,61.2,94.54499999999999
0.85,tp,73.1,fit,0,57.8,89.29249999999998,57.8,89.29249999999998
0.813953488372093,tp,70.0,fit,0,70.0,70.0,70.0,70.0
0.8,tp,68.8,fit,0,54.400000000000006,84.03999999999999,54.400000000000006,84.03999999999999
0.5,tp,43.0,fit,0,34.0,52.52499999999999,34.0,52.52499999999999
0.99,fp,3506.0,fit,0,2773.9,3568.0,2773.9,3568.0
0.95,fp,2057.0,fit,0,1683.4,2780.7,1683.4,2780.7
0.9,fp,1719.0,fit,0,1229.425,2078.325,1229.425,2078.325
0.85,fp,1369.0,fit,0,1114.95,1774.9749999999992,1114.95,1774.9749999999992
0.813953488372093,fp,1174.0,fit,0,1214.0,1214.0,1214.0,1214.0
0.8,fp,1170.0,fit,0,701.125,1446.4499999999998,701.125,1446.4499999999998
0.5,fp,310.0,fit,0,201.95,441.04999999999995,201.95,441.04999999999995
0.99,tn,1408.0,fit,0,1359.75,2126.5499999999997,1359.75,2126.5499999999997
0.95,tn,2857.0,fit,0,2134.275,3216.775,2134.275,3216.775
0.9,tn,3195.0,fit,0,2837.725,3679.725,2837.725,3679.725
0.85,tn,3545.0,fit,0,3134.525,3797.05,3134.525,3797.05
0.813953488372093,tn,3740.0,fit,0,3700.0,3700.0,3700.0,3700.0
0.8,tn,3744.0,fit,0,3469.925,4211.325,3469.925,4211.325
0.5,tn,4604.0,fit,0,4462.475,4710.525,4462.475,4710.525
0.99,fn,0.8599999999999994,fit,0,0.6800000000000068,1.050500000000004,0.6800000000000068,1.050500000000004
0.95,fn,4.299999999999997,fit,0,3.4000000000000057,5.252500000000007,3.4000000000000057,5.252500000000007
0.9,fn,8.599999999999994,fit,0,6.799999999999997,10.504999999999992,6.799999999999997,10.504999999999992
0.85,fn,12.900000000000006,fit,0,10.200000000000003,15.757500000000004,10.200000000000003,15.757500000000004
0.813953488372093,fn,16.0,fit,0,16.0,16.0,16.0,16.0
0.8,fn,17.200000000000003,fit,0,13.599999999999994,21.00999999999999,13.599999999999994,21.00999999999999
0.5,fn,43.0,fit,0,34.0,52.52499999999999,34.0,52.52499999999999
0.99,interp,1.0,fit,0,1.0,1.0,1.0,1.0
0.95,interp,1.0,fit,0,0.0,1.0,0.0,1.0
0.9,interp,1.0,fit,0,0.0,1.0,0.0,1.0
0.85,interp,1.0,fit,0,0.0,1.0,0.0,1.0
0.813953488372093,interp,0.0,fit,0,0.0,0.0,0.0,0.0
0.8,interp,1.0,fit,0,0.0,1.0,0.0,1.0
0.5,interp,0.0,fit,0,0.0,1.0,0.0,1.0
0.99,pp,3591.14,fit,0,2872.447,3639.4515,2872.447,3639.4515
0.95,pp,2138.7,fit,0,1778.2337499999999,2861.4737499999997,1778.2337499999999,2861.4737499999997
0.9,pp,1796.4,fit,0,1311.205,2153.8799999999997,1311.205,2153.8799999999997
0.85,pp,1442.1,fit,0,1189.75,1851.6862499999993,1189.75,1851.6862499999993
0.813953488372093,pp,1244.0,fit,0,1284.0,1284.0,1284.0,1284.0
0.8,pp,1238.8,fit,0,770.325,1514.8199999999997,770.325,1514.8199999999997
0.5,pp,353.0,fit,0,247.2375,488.525,247.2375,488.525
0.99,pn,1408.86,fit,0,1360.5484999999999,2127.553,1360.5484999999999,2127.553
0.95,pn,2861.3,fit,0,2138.52625,3221.76625,2138.52625,3221.76625
0.9,pn,3203.6,fit,0,2846.12,3688.795,2846.12,3688.795
0.85,pn,3557.9,fit,0,3148.31375,3810.25,3148.31375,3810.25
0.813953488372093,pn,3756.0,fit,0,3716.0,3716.0,3716.0,3716.0
0.8,pn,3761.2,fit,0,3485.18,4229.674999999999,3485.18,4229.674999999999
0.5,pn,4647.0,fit,0,4511.475,4752.7625,4511.475,4752.7625
0.99,pp_per_cancer,42.179234202490015,fit,0,30.4281569465393,51.817553120266446,30.4281569465393,51.817553120266446
0.95,pp_per_cancer,26.177478580171357,fit,0,19.76471000240941,38.645595918510445,19.76471000240941,38.645595918510445
0.9,pp_per_cancer,23.209302325581394,fit,0,15.822968628755127,32.354983660130706,15.822968628755127,32.354983660130706
0.85,pp_per_cancer,19.72777017783858,fit,0,15.090509229951127,28.56628003314001,15.090509229951127,28.56628003314001
0.813953488372093,pp_per_cancer,17.771428571428572,fit,0,18.34285714285714,18.34285714285714,18.34285714285714,18.34285714285714
0.8,pp_per_cancer,18.00581395348837,fit,0,11.407421965991148,23.904296875,11.407421965991148,23.904296875
0.5,pp_per_cancer,8.209302325581396,fit,0,5.516914852997328,11.826704545454543,5.516914852997328,11.826704545454543
0.99,pp1000,718.2280000000001,fit,0,574.4894,727.8902999999999,574.4894,727.8902999999999
0.95,pp1000,427.73999999999995,fit,0,355.64675,572.29475,355.64675,572.29475
0.9,pp1000,359.28000000000003,fit,0,262.241,430.7759999999999,262.241,430.7759999999999
0.85,pp1000,288.41999999999996,fit,0,237.95,370.33724999999987,237.95,370.33724999999987
0.813953488372093,pp1000,248.79999999999998,fit,0,256.79999999999995,256.79999999999995,256.79999999999995,256.79999999999995
0.8,pp1000,247.76,fit,0,154.06500000000003,302.96399999999994,154.06500000000003,302.96399999999994
0.5,pp1000,70.6,fit,0,49.4475,97.705,49.4475,97.705
0.99,pn1000,281.77200000000005,fit,0,272.1097,425.51059999999995,272.1097,425.51059999999995
0.95,pn1000,572.26,fit,0,427.70525000000004,644.35325,427.70525000000004,644.35325
0.9,pn1000,640.7199999999999,fit,0,569.224,737.759,569.224,737.759
0.85,pn1000,711.58,fit,0,629.6627500000001,762.05,629.6627500000001,762.05
0.813953488372093,pn1000,751.1999999999999,fit,0,743.1999999999999,743.1999999999999,743.1999999999999,743.1999999999999
0.8,pn1000,752.2399999999999,fit,0,697.036,845.9349999999998,697.036,845.9349999999998
0.5,pn1000,929.4,fit,0,902.295,950.5525,902.295,950.5525
0.99,tp1000,17.028000000000006,fit,0,13.463999999999999,20.799899999999994,13.463999999999999,20.799899999999994
0.95,tp1000,16.34,fit,0,12.92,19.959499999999995,12.92,19.959499999999995
0.9,tp1000,15.48,fit,0,12.24,18.908999999999995,12.24,18.908999999999995
0.85,tp1000,14.62,fit,0,11.559999999999999,17.858499999999996,11.559999999999999,17.858499999999996
0.813953488372093,tp1000,14.0,fit,0,14.0,14.0,14.0,14.0
0.8,tp1000,13.76,fit,0,10.88,16.808,10.88,16.808
0.5,tp1000,8.6,fit,0,6.8,10.504999999999999,6.8,10.504999999999999
0.99,fp1000,701.2000000000002,fit,0,554.78,713.6,554.78,713.6
0.95,fp1000,411.4,fit,0,336.68,556.14,336.68,556.14
0.9,fp1000,343.8,fit,0,245.88500000000002,415.66499999999996,245.88500000000002,415.66499999999996
0.85,fp1000,273.8,fit,0,222.99,354.99499999999983,222.99,354.99499999999983
0.813953488372093,fp1000,234.8,fit,0,242.79999999999998,242.79999999999998,242.79999999999998,242.79999999999998
0.8,fp1000,234.0,fit,0,140.22500000000002,289.28999999999996,140.22500000000002,289.28999999999996
0.5,fp1000,62.0,fit,0,40.39,88.21,40.39,88.21
0.99,tn1000,281.6000000000001,fit,0,271.95,425.30999999999995,271.95,425.30999999999995
0.95,tn1000,571.4,fit,0,426.855,643.355,426.855,643.355
0.9,tn1000,639.0,fit,0,567.545,735.9449999999999,567.545,735.9449999999999
0.85,tn1000,709.0,fit,0,626.905,759.41,626.905,759.41
0.813953488372093,tn1000,748.0,fit,0,740.0,740.0,740.0,740.0
0.8,tn1000,748.8000000000001,fit,0,693.985,842.265,693.985,842.265
0.5,tn1000,920.8,fit,0,892.4949999999999,942.105,892.4949999999999,942.105
0.99,fn1000,0.17199999999999993,fit,0,0.13600000000000134,0.2101000000000008,0.13600000000000134,0.2101000000000008
0.95,fn1000,0.8599999999999994,fit,0,0.6800000000000012,1.0505000000000013,0.6800000000000012,1.0505000000000013
0.9,fn1000,1.7199999999999989,fit,0,1.3599999999999994,2.1009999999999986,1.3599999999999994,2.1009999999999986
0.85,fn1000,2.580000000000001,fit,0,2.0400000000000005,3.151500000000001,2.0400000000000005,3.151500000000001
0.813953488372093,fn1000,3.2,fit,0,3.2,3.2,3.2,3.2
0.8,fn1000,3.440000000000001,fit,0,2.719999999999999,4.201999999999998,2.719999999999999,4.201999999999998
0.5,fn1000,8.6,fit,0,6.8,10.504999999999999,6.8,10.504999999999999
0.99,max_sens,0.9883720930232558,fit,0,0.959110576923077,0.9900519801980198,0.959110576923077,0.9900519801980198
0.95,max_sens,0.9883720930232558,fit,0,0.959110576923077,0.9900519801980198,0.959110576923077,0.9900519801980198
0.9,max_sens,0.9883720930232558,fit,0,0.959110576923077,0.9900519801980198,0.959110576923077,0.9900519801980198
0.85,max_sens,0.9883720930232558,fit,0,0.959110576923077,0.9900519801980198,0.959110576923077,0.9900519801980198
0.813953488372093,max_sens,0.9883720930232558,fit,0,0.9883720930232558,0.9883720930232558,0.9883720930232558,0.9883720930232558
0.8,max_sens,0.9883720930232558,fit,0,0.959110576923077,0.9900519801980198,0.959110576923077,0.9900519801980198
0.5,max_sens,0.9883720930232558,fit,0,0.959110576923077,0.9900519801980198,0.959110576923077,0.9900519801980198
0.99,thr,0.00166239082342305,fit-age-sex-bloods,0,0.00166239082342305,0.0065655865797758,0.00166239082342305,0.0065655865797758
0.95,thr,0.0065655865797758,fit-age-sex-bloods,0,0.00254933572805575,0.0108642519364084,0.00254933572805575,0.0108642519364084
0.9,thr,0.00863480922489875,fit-age-sex-bloods,0,0.006568131059217248,0.015227451035937093,0.006568131059217248,0.015227451035937093
0.85,thr,0.01306422529200945,fit-age-sex-bloods,0,0.008637974298923563,0.017798282199647228,0.008637974298923563,0.017798282199647228
0.813953488372093,thr,0.0156370992223173,fit-age-sex-bloods,0,0.0155973354957476,0.0155973354957476,0.0155973354957476,0.0155973354957476
0.8,thr,0.0170933033744467,fit-age-sex-bloods,0,0.012658933447498251,0.025989555669450798,0.012658933447498251,0.025989555669450798
0.5,thr,0.0664719306324933,fit-age-sex-bloods,0,0.05293957860608506,0.09200548796957152,0.05293957860608506,0.09200548796957152
0.99,spec,0.2496947496947497,fit-age-sex-bloods,0,0.2433534035105327,0.6326516338654129,0.2433534035105327,0.6326516338654129
0.95,spec,0.6363451363451363,fit-age-sex-bloods,0,0.36999089138314456,0.7542032782469322,0.36999089138314456,0.7542032782469322
0.9,spec,0.6984126984126984,fit-age-sex-bloods,0,0.6350448802678363,0.808779668750958,0.6350448802678363,0.808779668750958
0.85,spec,0.7796092796092796,fit-age-sex-bloods,0,0.6966717628510485,0.836517993101348,0.6966717628510485,0.836517993101348
0.813953488372093,spec,0.8103378103378104,fit-age-sex-bloods,0,0.8066748066748066,0.8066748066748066,0.8066748066748066,0.8066748066748066
0.8,spec,0.8272283272283272,fit-age-sex-bloods,0,0.7706904144705805,0.8827828652435615,0.7706904144705805,0.8827828652435615
0.5,spec,0.9586894586894587,fit-age-sex-bloods,0,0.9399411724795412,0.9736775880606094,0.9399411724795412,0.9736775880606094
0.99,ppv,0.02257074233724093,fit-age-sex-bloods,0,0.01922233557840708,0.049597350822652174,0.01922233557840708,0.049597350822652174
0.95,ppv,0.043720233317279394,fit-age-sex-bloods,0,0.02249783518738781,0.06560867966007869,0.02249783518738781,0.06560867966007869
0.9,ppv,0.049634474797999234,fit-age-sex-bloods,0,0.038925321620162344,0.08142547994189002,0.038925321620162344,0.08142547994189002
0.85,ppv,0.06322982440965315,fit-age-sex-bloods,0,0.04465396816839004,0.08746916218597035,0.04465396816839004,0.08746916218597035
0.813953488372093,ppv,0.06986027944111776,fit-age-sex-bloods,0,0.06862745098039216,0.06862745098039216,0.06862745098039216,0.06862745098039216
0.8,ppv,0.07496186533013728,fit-age-sex-bloods,0,0.05249610840472591,0.11288031696194958,0.05249610840472591,0.11288031696194958
0.5,ppv,0.17479674796747968,fit-age-sex-bloods,0,0.11989910813823858,0.2743320693547918,0.11989910813823858,0.2743320693547918
0.99,npv,0.9992995944163016,fit-age-sex-bloods,0,0.9991842528410162,0.9996915969716795,0.9991842528410162,0.9996915969716795
0.95,npv,0.9986267684348353,fit-age-sex-bloods,0,0.9973526665049945,0.9988370205928384,0.9973526665049945,0.9988370205928384
0.9,npv,0.9975004359704703,fit-age-sex-bloods,0,0.9968523182821911,0.9981187276914852,0.9968523182821911,0.9981187276914852
0.85,npv,0.9966440334035744,fit-age-sex-bloods,0,0.995931080541412,0.997424991691748,0.995931080541412,0.997424991691748
0.813953488372093,npv,0.9959979989994997,fit-age-sex-bloods,0,0.9959798994974874,0.9959798994974874,0.9959798994974874,0.9959798994974874
0.8,npv,0.9957865856645927,fit-age-sex-bloods,0,0.9947224811293277,0.9967908316582159,0.9947224811293277,0.9967908316582159
0.5,npv,0.9909549852755575,fit-age-sex-bloods,0,0.9888480539597304,0.9928779675428026,0.9888480539597304,0.9928779675428026
0.99,tp,85.14,fit-age-sex-bloods,0,67.32,103.99949999999998,67.32,103.99949999999998
0.95,tp,81.7,fit-age-sex-bloods,0,64.6,99.79749999999997,64.6,99.79749999999997
0.9,tp,77.4,fit-age-sex-bloods,0,61.2,94.54499999999999,61.2,94.54499999999999
0.85,tp,73.1,fit-age-sex-bloods,0,57.8,89.29249999999998,57.8,89.29249999999998
0.813953488372093,tp,70.0,fit-age-sex-bloods,0,70.0,70.0,70.0,70.0
0.8,tp,68.8,fit-age-sex-bloods,0,54.400000000000006,84.03999999999999,54.400000000000006,84.03999999999999
0.5,tp,43.0,fit-age-sex-bloods,0,34.0,52.52499999999999,34.0,52.52499999999999
0.99,fp,3687.0,fit-age-sex-bloods,0,1801.9,3725.2,1801.9,3725.2
0.95,fp,1787.0,fit-age-sex-bloods,0,1207.225,3103.0249999999996,1207.225,3103.0249999999996
0.9,fp,1482.0,fit-age-sex-bloods,0,938.2,1796.3,938.2,1796.3
0.85,fp,1083.0,fit-age-sex-bloods,0,803.65,1491.7499999999998,803.65,1491.7499999999998
0.813953488372093,fp,932.0,fit-age-sex-bloods,0,950.0,950.0,950.0,950.0
0.8,fp,849.0,fit-age-sex-bloods,0,575.8,1129.0,575.8,1129.0
0.5,fp,203.0,fit-age-sex-bloods,0,129.475,295.04999999999995,129.475,295.04999999999995
0.99,tn,1227.0,fit-age-sex-bloods,0,1194.8,3103.399999999999,1194.8,3103.399999999999
0.95,tn,3127.0,fit-age-sex-bloods,0,1819.025,3704.25,1819.025,3704.25
0.9,tn,3432.0,fit-age-sex-bloods,0,3125.725,3967.6,3125.725,3967.6
0.85,tn,3831.0,fit-age-sex-bloods,0,3426.2,4112.15,3426.2,4112.15
0.813953488372093,tn,3982.0,fit-age-sex-bloods,0,3964.0,3964.0,3964.0,3964.0
0.8,tn,4065.0,fit-age-sex-bloods,0,3794.475,4344.1,3794.475,4344.1
0.5,tn,4711.0,fit-age-sex-bloods,0,4605.85,4793.525,4605.85,4793.525
0.99,fn,0.8599999999999994,fit-age-sex-bloods,0,0.6800000000000068,1.050500000000004,0.6800000000000068,1.050500000000004
0.95,fn,4.299999999999997,fit-age-sex-bloods,0,3.4000000000000057,5.252500000000007,3.4000000000000057,5.252500000000007
0.9,fn,8.599999999999994,fit-age-sex-bloods,0,6.799999999999997,10.504999999999992,6.799999999999997,10.504999999999992
0.85,fn,12.900000000000006,fit-age-sex-bloods,0,10.200000000000003,15.757500000000004,10.200000000000003,15.757500000000004
0.813953488372093,fn,16.0,fit-age-sex-bloods,0,16.0,16.0,16.0,16.0
0.8,fn,17.200000000000003,fit-age-sex-bloods,0,13.599999999999994,21.00999999999999,13.599999999999994,21.00999999999999
0.5,fn,43.0,fit-age-sex-bloods,0,34.0,52.52499999999999,34.0,52.52499999999999
0.99,interp,1.0,fit-age-sex-bloods,0,1.0,1.0,1.0,1.0
0.95,interp,1.0,fit-age-sex-bloods,0,1.0,1.0,1.0,1.0
0.9,interp,1.0,fit-age-sex-bloods,0,1.0,1.0,1.0,1.0
0.85,interp,1.0,fit-age-sex-bloods,0,0.4750000000000001,1.0,0.4750000000000001,1.0
0.813953488372093,interp,0.0,fit-age-sex-bloods,0,0.0,0.0,0.0,0.0
0.8,interp,1.0,fit-age-sex-bloods,0,0.0,1.0,0.0,1.0
0.5,interp,0.0,fit-age-sex-bloods,0,0.0,1.0,0.0,1.0
0.99,pp,3772.14,fit-age-sex-bloods,0,1895.653,3804.265,1895.653,3804.265
0.95,pp,1868.7,fit-age-sex-bloods,0,1291.32375,3176.7925,1291.32375,3176.7925
0.9,pp,1559.4,fit-age-sex-bloods,0,1022.56,1866.4774999999997,1022.56,1866.4774999999997
0.85,pp,1156.1,fit-age-sex-bloods,0,875.22,1561.4924999999996,875.22,1561.4924999999996
0.813953488372093,pp,1002.0,fit-age-sex-bloods,0,1020.0,1020.0,1020.0,1020.0
0.8,pp,917.8,fit-age-sex-bloods,0,640.9250000000001,1190.22,640.9250000000001,1190.22
0.5,pp,246.0,fit-age-sex-bloods,0,168.7375,343.88749999999993,168.7375,343.88749999999993
0.99,pn,1227.86,fit-age-sex-bloods,0,1195.735,3104.3469999999993,1195.735,3104.3469999999993
0.95,pn,3131.3,fit-age-sex-bloods,0,1823.2075,3708.67625,1823.2075,3708.67625
0.9,pn,3440.6,fit-age-sex-bloods,0,3133.5225,3977.4399999999996,3133.5225,3977.4399999999996
0.85,pn,3843.9,fit-age-sex-bloods,0,3438.5075,4124.78,3438.5075,4124.78
0.813953488372093,pn,3998.0,fit-age-sex-bloods,0,3980.0,3980.0,3980.0,3980.0
0.8,pn,4082.2,fit-age-sex-bloods,0,3809.7799999999997,4359.075,3809.7799999999997,4359.075
0.5,pn,4754.0,fit-age-sex-bloods,0,4656.1125,4831.2625,4656.1125,4831.2625
0.99,pp_per_cancer,44.305144467935165,fit-age-sex-bloods,0,20.19139104921728,52.045165267700455,20.19139104921728,52.045165267700455
0.95,pp_per_cancer,22.872705018359852,fit-age-sex-bloods,0,15.241932874373767,44.45046439628483,15.241932874373767,44.45046439628483
0.9,pp_per_cancer,20.147286821705425,fit-age-sex-bloods,0,12.293109143298896,25.695377280265333,12.293109143298896,25.695377280265333
0.85,pp_per_cancer,15.81532147742818,fit-age-sex-bloods,0,11.433737024221454,22.39451925348453,11.433737024221454,22.39451925348453
0.813953488372093,pp_per_cancer,14.314285714285715,fit-age-sex-bloods,0,14.57142857142857,14.57142857142857,14.57142857142857,14.57142857142857
0.8,pp_per_cancer,13.340116279069768,fit-age-sex-bloods,0,8.861702127659575,19.053409090909085,8.861702127659575,19.053409090909085
0.5,pp_per_cancer,5.720930232558139,fit-age-sex-bloods,0,3.6513152804642166,8.34601393188854,3.6513152804642166,8.34601393188854
0.99,pp1000,754.4280000000001,fit-age-sex-bloods,0,379.13059999999996,760.8530000000001,379.13059999999996,760.8530000000001
0.95,pp1000,373.74,fit-age-sex-bloods,0,258.26475,635.3584999999999,258.26475,635.3584999999999
0.9,pp1000,311.88,fit-age-sex-bloods,0,204.512,373.29549999999995,204.512,373.29549999999995
0.85,pp1000,231.21999999999997,fit-age-sex-bloods,0,175.044,312.29849999999993,175.044,312.29849999999993
0.813953488372093,pp1000,200.4,fit-age-sex-bloods,0,204.0,204.0,204.0,204.0
0.8,pp1000,183.56,fit-age-sex-bloods,0,128.185,238.04399999999998,128.185,238.04399999999998
0.5,pp1000,49.2,fit-age-sex-bloods,0,33.7475,68.77749999999999,33.7475,68.77749999999999
0.99,pn1000,245.572,fit-age-sex-bloods,0,239.14700000000002,620.8693999999998,239.14700000000002,620.8693999999998
0.95,pn1000,626.26,fit-age-sex-bloods,0,364.6415,741.73525,364.6415,741.73525
0.9,pn1000,688.12,fit-age-sex-bloods,0,626.7044999999999,795.4879999999999,626.7044999999999,795.4879999999999
0.85,pn1000,768.78,fit-age-sex-bloods,0,687.7015,824.9559999999999,687.7015,824.9559999999999
0.813953488372093,pn1000,799.6,fit-age-sex-bloods,0,796.0,796.0,796.0,796.0
0.8,pn1000,816.4399999999999,fit-age-sex-bloods,0,761.956,871.8149999999999,761.956,871.8149999999999
0.5,pn1000,950.8,fit-age-sex-bloods,0,931.2225,966.2525,931.2225,966.2525
0.99,tp1000,17.028000000000006,fit-age-sex-bloods,0,13.463999999999999,20.799899999999994,13.463999999999999,20.799899999999994
0.95,tp1000,16.34,fit-age-sex-bloods,0,12.92,19.959499999999995,12.92,19.959499999999995
0.9,tp1000,15.48,fit-age-sex-bloods,0,12.24,18.908999999999995,12.24,18.908999999999995
0.85,tp1000,14.62,fit-age-sex-bloods,0,11.559999999999999,17.858499999999996,11.559999999999999,17.858499999999996
0.813953488372093,tp1000,14.0,fit-age-sex-bloods,0,14.0,14.0,14.0,14.0
0.8,tp1000,13.76,fit-age-sex-bloods,0,10.88,16.808,10.88,16.808
0.5,tp1000,8.6,fit-age-sex-bloods,0,6.8,10.504999999999999,6.8,10.504999999999999
0.99,fp1000,737.4000000000002,fit-age-sex-bloods,0,360.38,745.04,360.38,745.04
0.95,fp1000,357.4,fit-age-sex-bloods,0,241.44500000000002,620.605,241.44500000000002,620.605
0.9,fp1000,296.4,fit-age-sex-bloods,0,187.64,359.26,187.64,359.26
0.85,fp1000,216.6,fit-age-sex-bloods,0,160.73,298.35,160.73,298.35
0.813953488372093,fp1000,186.4,fit-age-sex-bloods,0,190.0,190.0,190.0,190.0
0.8,fp1000,169.8,fit-age-sex-bloods,0,115.16,225.8,115.16,225.8
0.5,fp1000,40.599999999999994,fit-age-sex-bloods,0,25.895,59.01,25.895,59.01
0.99,tn1000,245.40000000000003,fit-age-sex-bloods,0,238.96000000000004,620.6799999999998,238.96000000000004,620.6799999999998
0.95,tn1000,625.4,fit-age-sex-bloods,0,363.805,740.85,363.805,740.85
0.9,tn1000,686.4,fit-age-sex-bloods,0,625.145,793.52,625.145,793.52
0.85,tn1000,766.2,fit-age-sex-bloods,0,685.24,822.43,685.24,822.43
0.813953488372093,tn1000,796.4,fit-age-sex-bloods,0,792.8,792.8,792.8,792.8
0.8,tn1000,813.0,fit-age-sex-bloods,0,758.895,868.8199999999999,758.895,868.8199999999999
0.5,tn1000,942.2,fit-age-sex-bloods,0,921.17,958.705,921.17,958.705
0.99,fn1000,0.17199999999999993,fit-age-sex-bloods,0,0.13600000000000134,0.2101000000000008,0.13600000000000134,0.2101000000000008
0.95,fn1000,0.8599999999999994,fit-age-sex-bloods,0,0.6800000000000012,1.0505000000000013,0.6800000000000012,1.0505000000000013
0.9,fn1000,1.7199999999999989,fit-age-sex-bloods,0,1.3599999999999994,2.1009999999999986,1.3599999999999994,2.1009999999999986
0.85,fn1000,2.580000000000001,fit-age-sex-bloods,0,2.0400000000000005,3.151500000000001,2.0400000000000005,3.151500000000001
0.813953488372093,fn1000,3.2,fit-age-sex-bloods,0,3.2,3.2,3.2,3.2
0.8,fn1000,3.440000000000001,fit-age-sex-bloods,0,2.719999999999999,4.201999999999998,2.719999999999999,4.201999999999998
0.5,fn1000,8.6,fit-age-sex-bloods,0,6.8,10.504999999999999,6.8,10.504999999999999
0.99,max_sens,0.9883720930232558,fit-age-sex-bloods,0,0.9494850187265917,0.9900519801980198,0.9494850187265917,0.9900519801980198
0.95,max_sens,0.9883720930232558,fit-age-sex-bloods,0,0.9494850187265917,0.9900519801980198,0.9494850187265917,0.9900519801980198
0.9,max_sens,0.9883720930232558,fit-age-sex-bloods,0,0.9494850187265917,0.9900519801980198,0.9494850187265917,0.9900519801980198
0.85,max_sens,0.9883720930232558,fit-age-sex-bloods,0,0.9494850187265917,0.9900519801980198,0.9494850187265917,0.9900519801980198
0.813953488372093,max_sens,0.9883720930232558,fit-age-sex-bloods,0,0.9883720930232558,0.9883720930232558,0.9883720930232558,0.9883720930232558
0.8,max_sens,0.9883720930232558,fit-age-sex-bloods,0,0.9494850187265917,0.9900519801980198,0.9494850187265917,0.9900519801980198
0.5,max_sens,0.9883720930232558,fit-age-sex-bloods,0,0.9494850187265917,0.9900519801980198,0.9494850187265917,0.9900519801980198
0.99,thr,0.00238950512470275,fit-age-sex,0,0.00238950512470275,0.00345354411353175,0.00238950512470275,0.00345354411353175
0.95,thr,0.00629360721705235,fit-age-sex,0,0.0031622461736751997,0.00775089740704861,0.0031622461736751997,0.00775089740704861
0.9,thr,0.00772680687400625,fit-age-sex,0,0.00629360721705235,0.011242214542641536,0.00629360721705235,0.011242214542641536
0.85,thr,0.01002043219324125,fit-age-sex,0,0.007731185414395836,0.014134953700423804,0.007731185414395836,0.014134953700423804
0.813953488372093,thr,0.0114119431915385,fit-age-sex,0,,,,
0.8,thr,0.01333719805188045,fit-age-sex,0,0.00934350989740095,0.022834412798504296,0.00934350989740095,0.022834412798504296
0.5,thr,0.052572035910393,fit-age-sex,0,0.0375886657672255,0.061639172045920496,0.0375886657672255,0.061639172045920496
0.99,spec,0.3091168091168091,fit-age-sex,0,0.2979717217412808,0.42717044349415917,0.2979717217412808,0.42717044349415917
0.95,spec,0.6025641025641025,fit-age-sex,0,0.3988613343898712,0.6619138705785346,0.3988613343898712,0.6619138705785346
0.9,spec,0.6566951566951567,fit-age-sex,0,0.6015297208004646,0.7455349996239827,0.6015297208004646,0.7455349996239827
0.85,spec,0.7189662189662189,fit-age-sex,0,0.6478547190153859,0.7919319677163307,0.6478547190153859,0.7919319677163307
0.813953488372093,spec,0.7466422466422467,fit-age-sex,0,,,,
0.8,spec,0.7765567765567766,fit-age-sex,0,0.7029194958324863,0.8646320414753429,0.7029194958324863,0.8646320414753429
0.5,spec,0.9434269434269434,fit-age-sex,0,0.9112020193462365,0.954656947628519,0.9112020193462365,0.954656947628519
0.99,ppv,0.02446453303602729,fit-age-sex,0,0.01987599631556118,0.034345367313399086,0.01987599631556118,0.034345367313399086
0.95,ppv,0.0401533395586573,fit-age-sex,0,0.025284899462770127,0.051070910957373046,0.025284899462770127,0.051070910957373046
0.9,ppv,0.043867603717977786,fit-age-sex,0,0.03292081797039366,0.06193217208856426,0.03292081797039366,0.06193217208856426
0.85,ppv,0.05027164569149302,fit-age-sex,0,0.03533245276558658,0.07109229432321072,0.03533245276558658,0.07109229432321072
0.813953488372093,ppv,0.053231939163498096,fit-age-sex,0,,,,
0.8,ppv,0.058964689749742887,fit-age-sex,0,0.042451888688436,0.09697575720566676,0.042451888688436,0.09697575720566676
0.5,ppv,0.13395638629283488,fit-age-sex,0,0.0863809985885674,0.18196868734520577,0.0863809985885674,0.18196868734520577
0.99,npv,0.9994341584093273,fit-age-sex,0,0.9993398387222244,0.9996271701850659,0.9993398387222244,0.9996271701850659
0.95,npv,0.9985498937712879,fit-age-sex,0,0.9975944099476199,0.9988025384186273,0.9975944099476199,0.9988025384186273
0.9,npv,0.9973420694770676,fit-age-sex,0,0.9965534241185025,0.997884097672865,0.9965534241185025,0.997884097672865
0.85,npv,0.9963619955441495,fit-age-sex,0,0.9952137153720092,0.9972022090605587,0.9952137153720092,0.9972022090605587
0.813953488372093,npv,0.9956580732700135,fit-age-sex,0,,,,
0.8,npv,0.9955128874047794,fit-age-sex,0,0.9941673478699989,0.9965491005649303,0.9941673478699989,0.9965491005649303
0.5,npv,0.9908100021372088,fit-age-sex,0,0.9887469310338959,0.9928142313270729,0.9887469310338959,0.9928142313270729
0.99,tp,85.14,fit-age-sex,0,67.32,103.99949999999998,67.32,103.99949999999998
0.95,tp,81.7,fit-age-sex,0,64.6,99.79749999999997,64.6,99.79749999999997
0.9,tp,77.4,fit-age-sex,0,61.2,94.54499999999999,61.2,94.54499999999999
0.85,tp,73.1,fit-age-sex,0,57.8,89.29249999999998,57.8,89.29249999999998
0.813953488372093,tp,70.0,fit-age-sex,0,,,,
0.8,tp,68.8,fit-age-sex,0,54.400000000000006,84.03999999999999,54.400000000000006,84.03999999999999
0.5,tp,43.0,fit-age-sex,0,34.0,52.52499999999999,34.0,52.52499999999999
0.99,fp,3395.0,fit-age-sex,0,2813.275,3454.2,2813.275,3454.2
0.95,fp,1953.0,fit-age-sex,0,1658.325,2949.725,1658.325,2949.725
0.9,fp,1687.0,fit-age-sex,0,1247.075,1959.1499999999999,1247.075,1959.1499999999999
0.85,fp,1381.0,fit-age-sex,0,1023.5,1730.3999999999999,1023.5,1730.3999999999999
0.813953488372093,fp,1245.0,fit-age-sex,0,,,,
0.8,fp,1098.0,fit-age-sex,0,665.9,1458.625,665.9,1458.625
0.5,fp,278.0,fit-age-sex,0,223.325,435.7749999999999,223.325,435.7749999999999
0.99,tn,1519.0,fit-age-sex,0,1465.85,2100.775,1465.85,2100.775
0.95,tn,2961.0,fit-age-sex,0,1957.175,3248.825,1957.175,3248.825
0.9,tn,3227.0,fit-age-sex,0,2957.475,3653.7499999999995,2957.475,3653.7499999999995
0.85,tn,3533.0,fit-age-sex,0,3179.95,3899.1,3179.95,3899.1
0.813953488372093,tn,3669.0,fit-age-sex,0,,,,
0.8,tn,3816.0,fit-age-sex,0,3453.275,4249.625,3453.275,4249.625
0.5,tn,4636.0,fit-age-sex,0,4471.375,4702.675,4471.375,4702.675
0.99,fn,0.8599999999999994,fit-age-sex,0,0.6800000000000068,1.050500000000004,0.6800000000000068,1.050500000000004
0.95,fn,4.299999999999997,fit-age-sex,0,3.4000000000000057,5.252500000000007,3.4000000000000057,5.252500000000007
0.9,fn,8.599999999999994,fit-age-sex,0,6.799999999999997,10.504999999999992,6.799999999999997,10.504999999999992
0.85,fn,12.900000000000006,fit-age-sex,0,10.200000000000003,15.757500000000004,10.200000000000003,15.757500000000004
0.813953488372093,fn,16.0,fit-age-sex,0,,,,
0.8,fn,17.200000000000003,fit-age-sex,0,13.599999999999994,21.00999999999999,13.599999999999994,21.00999999999999
0.5,fn,43.0,fit-age-sex,0,34.0,52.52499999999999,34.0,52.52499999999999
0.99,interp,1.0,fit-age-sex,0,1.0,1.0,1.0,1.0
0.95,interp,1.0,fit-age-sex,0,0.0,1.0,0.0,1.0
0.9,interp,1.0,fit-age-sex,0,0.0,1.0,0.0,1.0
0.85,interp,1.0,fit-age-sex,0,1.0,1.0,1.0,1.0
0.813953488372093,interp,0.0,fit-age-sex,0,,,,
0.8,interp,1.0,fit-age-sex,0,0.0,1.0,0.0,1.0
0.5,interp,0.0,fit-age-sex,0,0.0,1.0,0.0,1.0
0.99,pp,3480.14,fit-age-sex,0,2898.413,3533.3715,2898.413,3533.3715
0.95,pp,2034.7,fit-age-sex,0,1746.8587499999999,3038.1699999999996,1746.8587499999999,3038.1699999999996
0.9,pp,1764.4,fit-age-sex,0,1336.3325,2034.1575,1336.3325,2034.1575
0.85,pp,1454.1,fit-age-sex,0,1089.4325000000001,1806.3174999999999,1089.4325000000001,1806.3174999999999
0.813953488372093,pp,1315.0,fit-age-sex,0,,,,
0.8,pp,1166.8,fit-age-sex,0,732.115,1530.105,732.115,1530.105
0.5,pp,321.0,fit-age-sex,0,260.7375,482.075,260.7375,482.075
0.99,pn,1519.86,fit-age-sex,0,1466.6285,2101.587,1466.6285,2101.587
0.95,pn,2965.3,fit-age-sex,0,1961.83,3253.14125,1961.83,3253.14125
0.9,pn,3235.6,fit-age-sex,0,2965.8424999999997,3663.6675,2965.8424999999997,3663.6675
0.85,pn,3545.9,fit-age-sex,0,3193.6825,3910.5675,3193.6825,3910.5675
0.813953488372093,pn,3685.0,fit-age-sex,0,,,,
0.8,pn,3833.2,fit-age-sex,0,3469.895,4267.884999999999,3469.895,4267.884999999999
0.5,pn,4679.0,fit-age-sex,0,4517.925,4739.2625,4517.925,4739.2625
0.99,pp_per_cancer,40.87549917782476,fit-age-sex,0,29.116009148084622,50.322931050354406,29.116009148084622,50.322931050354406
0.95,pp_per_cancer,24.90452876376989,fit-age-sex,0,19.581638847552693,39.57272783056908,19.581638847552693,39.57272783056908
0.9,pp_per_cancer,22.795865633074932,fit-age-sex,0,16.155168742680722,30.377842216698884,16.155168742680722,30.377842216698884
0.85,pp_per_cancer,19.891928864569085,fit-age-sex,0,14.06630221845714,28.309769587317216,14.06630221845714,28.309769587317216
0.813953488372093,pp_per_cancer,18.78571428571429,fit-age-sex,0,,,,
0.8,pp_per_cancer,16.959302325581394,fit-age-sex,0,10.332843137254903,23.55608164983165,10.332843137254903,23.55608164983165
0.5,pp_per_cancer,7.465116279069768,fit-age-sex,0,5.495855614973262,11.576654846335696,5.495855614973262,11.576654846335696
0.99,pp1000,696.0280000000001,fit-age-sex,0,579.6826,706.6742999999999,579.6826,706.6742999999999
0.95,pp1000,406.94,fit-age-sex,0,349.37174999999996,607.634,349.37174999999996,607.634
0.9,pp1000,352.88000000000005,fit-age-sex,0,267.2665,406.8315,267.2665,406.8315
0.85,pp1000,290.82,fit-age-sex,0,217.8865,361.26349999999996,217.8865,361.26349999999996
0.813953488372093,pp1000,263.0,fit-age-sex,0,,,,
0.8,pp1000,233.35999999999999,fit-age-sex,0,146.423,306.02099999999996,146.423,306.02099999999996
0.5,pp1000,64.19999999999999,fit-age-sex,0,52.1475,96.41499999999999,52.1475,96.41499999999999
0.99,pn1000,303.97200000000004,fit-age-sex,0,293.3257,420.31739999999996,293.3257,420.31739999999996
0.95,pn1000,593.0600000000001,fit-age-sex,0,392.366,650.62825,392.366,650.62825
0.9,pn1000,647.12,fit-age-sex,0,593.1685,732.7334999999999,593.1685,732.7334999999999
0.85,pn1000,709.1800000000001,fit-age-sex,0,638.7365,782.1135,638.7365,782.1135
0.813953488372093,pn1000,737.0,fit-age-sex,0,,,,
0.8,pn1000,766.64,fit-age-sex,0,693.979,853.577,693.979,853.577
0.5,pn1000,935.8,fit-age-sex,0,903.585,947.8525,903.585,947.8525
0.99,tp1000,17.028000000000006,fit-age-sex,0,13.463999999999999,20.799899999999994,13.463999999999999,20.799899999999994
0.95,tp1000,16.34,fit-age-sex,0,12.92,19.959499999999995,12.92,19.959499999999995
0.9,tp1000,15.48,fit-age-sex,0,12.24,18.908999999999995,12.24,18.908999999999995
0.85,tp1000,14.62,fit-age-sex,0,11.559999999999999,17.858499999999996,11.559999999999999,17.858499999999996
0.813953488372093,tp1000,14.0,fit-age-sex,0,,,,
0.8,tp1000,13.76,fit-age-sex,0,10.88,16.808,10.88,16.808
0.5,tp1000,8.6,fit-age-sex,0,6.8,10.504999999999999,6.8,10.504999999999999
0.99,fp1000,679.0000000000001,fit-age-sex,0,562.655,690.8399999999999,562.655,690.8399999999999
0.95,fp1000,390.6,fit-age-sex,0,331.66499999999996,589.9449999999999,331.66499999999996,589.9449999999999
0.9,fp1000,337.4,fit-age-sex,0,249.415,391.83,249.415,391.83
0.85,fp1000,276.2,fit-age-sex,0,204.70000000000002,346.08,204.70000000000002,346.08
0.813953488372093,fp1000,249.0,fit-age-sex,0,,,,
0.8,fp1000,219.6,fit-age-sex,0,133.18,291.72499999999997,133.18,291.72499999999997
0.5,fp1000,55.599999999999994,fit-age-sex,0,44.665000000000006,87.15499999999999,44.665000000000006,87.15499999999999
0.99,tn1000,303.80000000000007,fit-age-sex,0,293.17,420.15500000000003,293.17,420.15500000000003
0.95,tn1000,592.1999999999999,fit-age-sex,0,391.43499999999995,649.765,391.43499999999995,649.765
0.9,tn1000,645.4,fit-age-sex,0,591.495,730.75,591.495,730.75
0.85,tn1000,706.6,fit-age-sex,0,635.99,779.82,635.99,779.82
0.813953488372093,tn1000,733.8,fit-age-sex,0,,,,
0.8,tn1000,763.2,fit-age-sex,0,690.655,849.9250000000001,690.655,849.9250000000001
0.5,tn1000,927.2,fit-age-sex,0,894.2750000000001,940.535,894.2750000000001,940.535
0.99,fn1000,0.17199999999999993,fit-age-sex,0,0.13600000000000134,0.2101000000000008,0.13600000000000134,0.2101000000000008
0.95,fn1000,0.8599999999999994,fit-age-sex,0,0.6800000000000012,1.0505000000000013,0.6800000000000012,1.0505000000000013
0.9,fn1000,1.7199999999999989,fit-age-sex,0,1.3599999999999994,2.1009999999999986,1.3599999999999994,2.1009999999999986
0.85,fn1000,2.580000000000001,fit-age-sex,0,2.0400000000000005,3.151500000000001,2.0400000000000005,3.151500000000001
0.813953488372093,fn1000,3.2,fit-age-sex,0,,,,
0.8,fn1000,3.440000000000001,fit-age-sex,0,2.719999999999999,4.201999999999998,2.719999999999999,4.201999999999998
0.5,fn1000,8.6,fit-age-sex,0,6.8,10.504999999999999,6.8,10.504999999999999
0.99,max_sens,0.9883720930232558,fit-age-sex,0,0.9593304843304843,0.9900519801980198,0.9593304843304843,0.9900519801980198
0.95,max_sens,0.9883720930232558,fit-age-sex,0,0.9593304843304843,0.9900519801980198,0.9593304843304843,0.9900519801980198
0.9,max_sens,0.9883720930232558,fit-age-sex,0,0.9593304843304843,0.9900519801980198,0.9593304843304843,0.9900519801980198
0.85,max_sens,0.9883720930232558,fit-age-sex,0,0.9593304843304843,0.9900519801980198,0.9593304843304843,0.9900519801980198
0.813953488372093,max_sens,0.9883720930232558,fit-age-sex,0,,,,
0.8,max_sens,0.9883720930232558,fit-age-sex,0,0.9593304843304843,0.9900519801980198,0.9593304843304843,0.9900519801980198
0.5,max_sens,0.9883720930232558,fit-age-sex,0,0.9593304843304843,0.9900519801980198,0.9593304843304843,0.9900519801980198
0.99,thr,0.001941001940993537,fit-spline,0,0.001941001940993537,0.0033910162409332336,0.001941001940993537,0.0033910162409332336
0.95,thr,0.0061173404500961875,fit-spline,0,0.00339052031092503,0.008324987861548306,0.00339052031092503,0.008324987861548306
0.9,thr,0.008124996825324811,fit-spline,0,0.006118053507184534,0.012884431226393675,0.006118053507184534,0.012884431226393675
0.85,thr,0.01146015886525317,fit-spline,0,0.007784523498100516,0.014404586013200622,0.007784523498100516,0.014404586013200622
0.813953488372093,thr,0.014174284406657026,fit-spline,0,0.014242799524688331,0.014242799524688331,0.014242799524688331,0.014242799524688331
0.8,thr,0.014249280173804297,fit-spline,0,0.010490608971251574,0.026653215439762987,0.010490608971251574,0.026653215439762987
0.5,thr,0.06057849724917461,fit-spline,0,0.04662229518499484,0.07747751703645335,0.04662229518499484,0.07747751703645335
0.99,spec,0.28652828652828655,fit-spline,0,0.27614536141835483,0.43401350333052013,0.27614536141835483,0.43401350333052013
0.95,spec,0.5814000814000814,fit-spline,0,0.43424262241731815,0.6564638858160227,0.43424262241731815,0.6564638858160227
0.9,spec,0.6501831501831502,fit-spline,0,0.5772374695634201,0.7495416855044839,0.5772374695634201,0.7495416855044839
0.85,spec,0.7214082214082214,fit-spline,0,0.6386688288176964,0.7730150651465798,0.6386688288176964,0.7730150651465798
0.813953488372093,spec,0.7610907610907611,fit-spline,0,0.752950752950753,0.752950752950753,0.752950752950753,0.752950752950753
0.8,spec,0.7619047619047619,fit-spline,0,0.7052168194605551,0.8573027116057611,0.7052168194605551,0.8573027116057611
0.5,spec,0.9369149369149369,fit-spline,0,0.9100390068540657,0.9588784045224463,0.9100390068540657,0.9588784045224463
0.99,ppv,0.023708348880856777,fit-spline,0,0.019303221218101616,0.032865356741470154,0.019303221218101616,0.032865356741470154
0.95,ppv,0.038200776172441206,fit-spline,0,0.025897460204809594,0.05061702709336,0.025897460204809594,0.05061702709336
0.9,ppv,0.04308617234468938,fit-spline,0,0.030914018682052135,0.06334554813046293,0.030914018682052135,0.06334554813046293
0.85,ppv,0.0506899660217738,fit-spline,0,0.03500638153755776,0.06626938197227324,0.03500638153755776,0.06626938197227324
0.813953488372093,ppv,0.05627009646302251,fit-spline,0,0.05451713395638629,0.05451713395638629,0.05451713395638629,0.05451713395638629
0.8,ppv,0.055537617048756864,fit-spline,0,0.04183349550957903,0.08767851290158313,0.04183349550957903,0.08767851290158313
0.5,ppv,0.12181303116147309,fit-spline,0,0.08455982002493631,0.18126074139120618,0.08455982002493631,0.18126074139120618
0.99,npv,0.9993895773888108,fit-spline,0,0.9992856743197356,0.9996174105617653,0.9992856743197356,0.9996174105617653
0.95,npv,0.9984971865935064,fit-spline,0,0.9977412542485786,0.9988155289291244,0.9977412542485786,0.9988155289291244
0.9,npv,0.997315520039955,fit-spline,0,0.9965809318243208,0.9978857706185186,0.9965809318243208,0.9978857706185186
0.85,npv,0.9963742657185418,fit-spline,0,0.9952322854449771,0.9972180846445599,0.9952322854449771,0.9972180846445599
0.813953488372093,npv,0.9957401490947817,fit-spline,0,0.9956942949407965,0.9956942949407965,0.9956942949407965,0.9956942949407965
0.8,npv,0.995426991385728,fit-spline,0,0.9942150739206601,0.9964870067156377,0.9942150739206601,0.9964870067156377
0.5,npv,0.9907467183128901,fit-spline,0,0.9886847699610523,0.9927773586026898,0.9886847699610523,0.9927773586026898
0.99,tp,85.14,fit-spline,0,67.32,103.99949999999998,67.32,103.99949999999998
0.95,tp,81.7,fit-spline,0,64.6,99.79749999999997,64.6,99.79749999999997
0.9,tp,77.4,fit-spline,0,61.2,94.54499999999999,61.2,94.54499999999999
0.85,tp,73.1,fit-spline,0,57.8,89.29249999999998,57.8,89.29249999999998
0.813953488372093,tp,70.0,fit-spline,0,70.0,70.0,70.0,70.0
0.8,tp,68.8,fit-spline,0,54.400000000000006,84.03999999999999,54.400000000000006,84.03999999999999
0.5,tp,43.0,fit-spline,0,34.0,52.52499999999999,34.0,52.52499999999999
0.99,fp,3506.0,fit-spline,0,2773.9,3568.0,2773.9,3568.0
0.95,fp,2057.0,fit-spline,0,1683.4,2780.7,1683.4,2780.7
0.9,fp,1719.0,fit-spline,0,1229.425,2078.325,1229.425,2078.325
0.85,fp,1369.0,fit-spline,0,1114.95,1774.9749999999992,1114.95,1774.9749999999992
0.813953488372093,fp,1174.0,fit-spline,0,1214.0,1214.0,1214.0,1214.0
0.8,fp,1170.0,fit-spline,0,701.125,1446.4499999999998,701.125,1446.4499999999998
0.5,fp,310.0,fit-spline,0,201.95,441.04999999999995,201.95,441.04999999999995
0.99,tn,1408.0,fit-spline,0,1359.75,2126.5499999999997,1359.75,2126.5499999999997
0.95,tn,2857.0,fit-spline,0,2134.275,3216.775,2134.275,3216.775
0.9,tn,3195.0,fit-spline,0,2837.725,3679.725,2837.725,3679.725
0.85,tn,3545.0,fit-spline,0,3134.525,3797.05,3134.525,3797.05
0.813953488372093,tn,3740.0,fit-spline,0,3700.0,3700.0,3700.0,3700.0
0.8,tn,3744.0,fit-spline,0,3469.925,4211.325,3469.925,4211.325
0.5,tn,4604.0,fit-spline,0,4462.475,4710.525,4462.475,4710.525
0.99,fn,0.8599999999999994,fit-spline,0,0.6800000000000068,1.050500000000004,0.6800000000000068,1.050500000000004
0.95,fn,4.299999999999997,fit-spline,0,3.4000000000000057,5.252500000000007,3.4000000000000057,5.252500000000007
0.9,fn,8.599999999999994,fit-spline,0,6.799999999999997,10.504999999999992,6.799999999999997,10.504999999999992
0.85,fn,12.900000000000006,fit-spline,0,10.200000000000003,15.757500000000004,10.200000000000003,15.757500000000004
0.813953488372093,fn,16.0,fit-spline,0,16.0,16.0,16.0,16.0
0.8,fn,17.200000000000003,fit-spline,0,13.599999999999994,21.00999999999999,13.599999999999994,21.00999999999999
0.5,fn,43.0,fit-spline,0,34.0,52.52499999999999,34.0,52.52499999999999
0.99,interp,1.0,fit-spline,0,1.0,1.0,1.0,1.0
0.95,interp,1.0,fit-spline,0,0.0,1.0,0.0,1.0
0.9,interp,1.0,fit-spline,0,0.0,1.0,0.0,1.0
0.85,interp,1.0,fit-spline,0,0.0,1.0,0.0,1.0
0.813953488372093,interp,0.0,fit-spline,0,0.0,0.0,0.0,0.0
0.8,interp,1.0,fit-spline,0,0.0,1.0,0.0,1.0
0.5,interp,0.0,fit-spline,0,0.0,1.0,0.0,1.0
0.99,pp,3591.14,fit-spline,0,2872.447,3639.4515,2872.447,3639.4515
0.95,pp,2138.7,fit-spline,0,1778.2337499999999,2861.4737499999997,1778.2337499999999,2861.4737499999997
0.9,pp,1796.4,fit-spline,0,1311.205,2153.8799999999997,1311.205,2153.8799999999997
0.85,pp,1442.1,fit-spline,0,1189.75,1851.6862499999993,1189.75,1851.6862499999993
0.813953488372093,pp,1244.0,fit-spline,0,1284.0,1284.0,1284.0,1284.0
0.8,pp,1238.8,fit-spline,0,770.325,1514.8199999999997,770.325,1514.8199999999997
0.5,pp,353.0,fit-spline,0,247.2375,488.525,247.2375,488.525
0.99,pn,1408.86,fit-spline,0,1360.5484999999999,2127.553,1360.5484999999999,2127.553
0.95,pn,2861.3,fit-spline,0,2138.52625,3221.76625,2138.52625,3221.76625
0.9,pn,3203.6,fit-spline,0,2846.12,3688.795,2846.12,3688.795
0.85,pn,3557.9,fit-spline,0,3148.31375,3810.25,3148.31375,3810.25
0.813953488372093,pn,3756.0,fit-spline,0,3716.0,3716.0,3716.0,3716.0
0.8,pn,3761.2,fit-spline,0,3485.18,4229.674999999999,3485.18,4229.674999999999
0.5,pn,4647.0,fit-spline,0,4511.475,4752.7625,4511.475,4752.7625
0.99,pp_per_cancer,42.179234202490015,fit-spline,0,30.4281569465393,51.817553120266446,30.4281569465393,51.817553120266446
0.95,pp_per_cancer,26.177478580171357,fit-spline,0,19.76471000240941,38.645595918510445,19.76471000240941,38.645595918510445
0.9,pp_per_cancer,23.209302325581394,fit-spline,0,15.822968628755127,32.354983660130706,15.822968628755127,32.354983660130706
0.85,pp_per_cancer,19.72777017783858,fit-spline,0,15.090509229951127,28.56628003314001,15.090509229951127,28.56628003314001
0.813953488372093,pp_per_cancer,17.771428571428572,fit-spline,0,18.34285714285714,18.34285714285714,18.34285714285714,18.34285714285714
0.8,pp_per_cancer,18.00581395348837,fit-spline,0,11.407421965991148,23.904296875,11.407421965991148,23.904296875
0.5,pp_per_cancer,8.209302325581396,fit-spline,0,5.516914852997328,11.826704545454543,5.516914852997328,11.826704545454543
0.99,pp1000,718.2280000000001,fit-spline,0,574.4894,727.8902999999999,574.4894,727.8902999999999
0.95,pp1000,427.73999999999995,fit-spline,0,355.64675,572.29475,355.64675,572.29475
0.9,pp1000,359.28000000000003,fit-spline,0,262.241,430.7759999999999,262.241,430.7759999999999
0.85,pp1000,288.41999999999996,fit-spline,0,237.95,370.33724999999987,237.95,370.33724999999987
0.813953488372093,pp1000,248.79999999999998,fit-spline,0,256.79999999999995,256.79999999999995,256.79999999999995,256.79999999999995
0.8,pp1000,247.76,fit-spline,0,154.06500000000003,302.96399999999994,154.06500000000003,302.96399999999994
0.5,pp1000,70.6,fit-spline,0,49.4475,97.705,49.4475,97.705
0.99,pn1000,281.77200000000005,fit-spline,0,272.1097,425.51059999999995,272.1097,425.51059999999995
0.95,pn1000,572.26,fit-spline,0,427.70525000000004,644.35325,427.70525000000004,644.35325
0.9,pn1000,640.7199999999999,fit-spline,0,569.224,737.759,569.224,737.759
0.85,pn1000,711.58,fit-spline,0,629.6627500000001,762.05,629.6627500000001,762.05
0.813953488372093,pn1000,751.1999999999999,fit-spline,0,743.1999999999999,743.1999999999999,743.1999999999999,743.1999999999999
0.8,pn1000,752.2399999999999,fit-spline,0,697.036,845.9349999999998,697.036,845.9349999999998
0.5,pn1000,929.4,fit-spline,0,902.295,950.5525,902.295,950.5525
0.99,tp1000,17.028000000000006,fit-spline,0,13.463999999999999,20.799899999999994,13.463999999999999,20.799899999999994
0.95,tp1000,16.34,fit-spline,0,12.92,19.959499999999995,12.92,19.959499999999995
0.9,tp1000,15.48,fit-spline,0,12.24,18.908999999999995,12.24,18.908999999999995
0.85,tp1000,14.62,fit-spline,0,11.559999999999999,17.858499999999996,11.559999999999999,17.858499999999996
0.813953488372093,tp1000,14.0,fit-spline,0,14.0,14.0,14.0,14.0
0.8,tp1000,13.76,fit-spline,0,10.88,16.808,10.88,16.808
0.5,tp1000,8.6,fit-spline,0,6.8,10.504999999999999,6.8,10.504999999999999
0.99,fp1000,701.2000000000002,fit-spline,0,554.78,713.6,554.78,713.6
0.95,fp1000,411.4,fit-spline,0,336.68,556.14,336.68,556.14
0.9,fp1000,343.8,fit-spline,0,245.88500000000002,415.66499999999996,245.88500000000002,415.66499999999996
0.85,fp1000,273.8,fit-spline,0,222.99,354.99499999999983,222.99,354.99499999999983
0.813953488372093,fp1000,234.8,fit-spline,0,242.79999999999998,242.79999999999998,242.79999999999998,242.79999999999998
0.8,fp1000,234.0,fit-spline,0,140.22500000000002,289.28999999999996,140.22500000000002,289.28999999999996
0.5,fp1000,62.0,fit-spline,0,40.39,88.21,40.39,88.21
0.99,tn1000,281.6000000000001,fit-spline,0,271.95,425.30999999999995,271.95,425.30999999999995
0.95,tn1000,571.4,fit-spline,0,426.855,643.355,426.855,643.355
0.9,tn1000,639.0,fit-spline,0,567.545,735.9449999999999,567.545,735.9449999999999
0.85,tn1000,709.0,fit-spline,0,626.905,759.41,626.905,759.41
0.813953488372093,tn1000,748.0,fit-spline,0,740.0,740.0,740.0,740.0
0.8,tn1000,748.8000000000001,fit-spline,0,693.985,842.265,693.985,842.265
0.5,tn1000,920.8,fit-spline,0,892.4949999999999,942.105,892.4949999999999,942.105
0.99,fn1000,0.17199999999999993,fit-spline,0,0.13600000000000134,0.2101000000000008,0.13600000000000134,0.2101000000000008
0.95,fn1000,0.8599999999999994,fit-spline,0,0.6800000000000012,1.0505000000000013,0.6800000000000012,1.0505000000000013
0.9,fn1000,1.7199999999999989,fit-spline,0,1.3599999999999994,2.1009999999999986,1.3599999999999994,2.1009999999999986
0.85,fn1000,2.580000000000001,fit-spline,0,2.0400000000000005,3.151500000000001,2.0400000000000005,3.151500000000001
0.813953488372093,fn1000,3.2,fit-spline,0,3.2,3.2,3.2,3.2
0.8,fn1000,3.440000000000001,fit-spline,0,2.719999999999999,4.201999999999998,2.719999999999999,4.201999999999998
0.5,fn1000,8.6,fit-spline,0,6.8,10.504999999999999,6.8,10.504999999999999
0.99,max_sens,0.9883720930232558,fit-spline,0,0.959110576923077,0.9900519801980198,0.959110576923077,0.9900519801980198
0.95,max_sens,0.9883720930232558,fit-spline,0,0.959110576923077,0.9900519801980198,0.959110576923077,0.9900519801980198
0.9,max_sens,0.9883720930232558,fit-spline,0,0.959110576923077,0.9900519801980198,0.959110576923077,0.9900519801980198
0.85,max_sens,0.9883720930232558,fit-spline,0,0.959110576923077,0.9900519801980198,0.959110576923077,0.9900519801980198
0.813953488372093,max_sens,0.9883720930232558,fit-spline,0,0.9883720930232558,0.9883720930232558,0.9883720930232558,0.9883720930232558
0.8,max_sens,0.9883720930232558,fit-spline,0,0.959110576923077,0.9900519801980198,0.959110576923077,0.9900519801980198
0.5,max_sens,0.9883720930232558,fit-spline,0,0.959110576923077,0.9900519801980198,0.959110576923077,0.9900519801980198
