thr,metric_name,metric_value,model_name,m,q025,q975,ci_low,ci_high
0.005,sens,0.9534883720930233,fit-age-sex-bloods,0,0.9085423197492163,0.9900519801980198,0.9085423197492163,0.9900519801980198
0.01,sens,0.8953488372093024,fit-age-sex-bloods,0,0.8381024096385543,0.9548135852911134,0.8381024096385543,0.9548135852911134
0.0141,sens,0.8488372093023255,fit-age-sex-bloods,0,0.7736395646606914,0.9145643132481234,0.7736395646606914,0.9145643132481234
0.02,sens,0.7674418604651163,fit-age-sex-bloods,0,0.6928930260047281,0.8351788963007883,0.6928930260047281,0.8351788963007883
0.03,sens,0.6976744186046512,fit-age-sex-bloods,0,0.6097626511419615,0.7812744484431231,0.6097626511419615,0.7812744484431231
0.04,sens,0.6395348837209303,fit-age-sex-bloods,0,0.5563488491706313,0.736543674698795,0.5563488491706313,0.736543674698795
0.05,sens,0.6046511627906976,fit-age-sex-bloods,0,0.5143461221122112,0.6845595126522961,0.5143461221122112,0.6845595126522961
0.1,sens,0.4186046511627907,fit-age-sex-bloods,0,0.3255,0.4894552139037433,0.3255,0.4894552139037433
0.2,sens,0.23255813953488372,fit-age-sex-bloods,0,0.1413563829787234,0.33019801980198016,0.1413563829787234,0.33019801980198016
0.005,spec,0.5651200651200651,fit-age-sex-bloods,0,0.5529627228525121,0.5773526023424408,0.5529627228525121,0.5773526023424408
0.01,spec,0.7313797313797313,fit-age-sex-bloods,0,0.7215271584845647,0.7426085565994123,0.7215271584845647,0.7426085565994123
0.0141,spec,0.7928367928367929,fit-age-sex-bloods,0,0.7815553758088601,0.8032575158717199,0.7815553758088601,0.8032575158717199
0.02,spec,0.8534798534798534,fit-age-sex-bloods,0,0.8422867612109184,0.8635052989609217,0.8422867612109184,0.8635052989609217
0.03,spec,0.8980463980463981,fit-age-sex-bloods,0,0.8891258848975482,0.9066006346136637,0.8891258848975482,0.9066006346136637
0.04,spec,0.9240944240944241,fit-age-sex-bloods,0,0.9157874889672366,0.9301697349308288,0.9157874889672366,0.9301697349308288
0.05,spec,0.9407814407814408,fit-age-sex-bloods,0,0.9331674149164635,0.9463508653238684,0.9331674149164635,0.9463508653238684
0.1,spec,0.9765974765974766,fit-age-sex-bloods,0,0.9725446301098453,0.9811159121260353,0.9725446301098453,0.9811159121260353
0.2,spec,0.9949124949124949,fit-age-sex-bloods,0,0.9928855816923305,0.9970555329536208,0.9928855816923305,0.9970555329536208
0.005,ppv,0.036953582694907616,fit-age-sex-bloods,0,0.02853347913267909,0.045740877278747163,0.02853347913267909,0.045740877278747163
0.01,ppv,0.05511811023622047,fit-age-sex-bloods,0,0.04370520783564262,0.0664010309102391,0.04370520783564262,0.0664010309102391
0.0141,ppv,0.06691109074243813,fit-age-sex-bloods,0,0.053617244740203,0.0823338265505178,0.053617244740203,0.0823338265505178
0.02,ppv,0.08396946564885496,fit-age-sex-bloods,0,0.06635535789919525,0.10310732655014258,0.06635535789919525,0.10310732655014258
0.03,ppv,0.10695187165775401,fit-age-sex-bloods,0,0.08272922865978179,0.13413704534718937,0.08272922865978179,0.13413704534718937
0.04,ppv,0.12850467289719625,fit-age-sex-bloods,0,0.09982142857142857,0.15981623179745938,0.09982142857142857,0.15981623179745938
0.05,ppv,0.15160349854227406,fit-age-sex-bloods,0,0.11872656339550344,0.18368190165272394,0.11872656339550344,0.18368190165272394
0.1,ppv,0.23841059602649006,fit-age-sex-bloods,0,0.18181818181818182,0.3011771537162162,0.18181818181818182,0.3011771537162162
0.2,ppv,0.4444444444444444,fit-age-sex-bloods,0,0.2922014260249554,0.5876641651031894,0.2922014260249554,0.5876641651031894
0.005,npv,0.998561668464581,fit-age-sex-bloods,0,0.9970961203371147,0.9996434919537044,0.9970961203371147,0.9996434919537044
0.01,npv,0.9975020815986678,fit-age-sex-bloods,0,0.9960959286112661,0.9988865408035011,0.9960959286112661,0.9988865408035011
0.0141,npv,0.9966743412637503,fit-age-sex-bloods,0,0.9949015956100598,0.9980873015083128,0.9949015956100598,0.9980873015083128
0.02,npv,0.9952539155196962,fit-age-sex-bloods,0,0.9933585533120922,0.9969195392217074,0.9933585533120922,0.9969195392217074
0.03,npv,0.9941428249605767,fit-age-sex-bloods,0,0.991841861032812,0.9961547594196848,0.991841861032812,0.9961547594196848
0.04,npv,0.9932195975503062,fit-age-sex-bloods,0,0.9903247206724163,0.9952966135670434,0.9903247206724163,0.9952966135670434
0.05,npv,0.9926991625509985,fit-age-sex-bloods,0,0.9898535764463524,0.9948572023716532,0.9898535764463524,0.9948572023716532
0.1,npv,0.989688595586719,fit-age-sex-bloods,0,0.986562285935244,0.9922756139978788,0.986562285935244,0.9922756139978788
0.2,npv,0.9866801210898083,fit-age-sex-bloods,0,0.9835259563600249,0.98932170707863,0.9835259563600249,0.98932170707863
0.005,tp,82.0,fit-age-sex-bloods,0,63.0,102.09999999999997,63.0,102.09999999999997
0.01,tp,77.0,fit-age-sex-bloods,0,60.475,95.09999999999997,60.475,95.09999999999997
0.0141,tp,73.0,fit-age-sex-bloods,0,58.0,91.52499999999999,58.0,91.52499999999999
0.02,tp,66.0,fit-age-sex-bloods,0,51.475,81.52499999999999,51.475,81.52499999999999
0.03,tp,60.0,fit-age-sex-bloods,0,47.0,77.0,47.0,77.0
0.04,tp,55.0,fit-age-sex-bloods,0,43.475,70.52499999999999,43.475,70.52499999999999
0.05,tp,52.0,fit-age-sex-bloods,0,41.475,65.52499999999999,41.475,65.52499999999999
0.1,tp,36.0,fit-age-sex-bloods,0,26.475,46.04999999999998,26.475,46.04999999999998
0.2,tp,20.0,fit-age-sex-bloods,0,11.0,30.049999999999983,11.0,30.049999999999983
0.005,fp,2137.0,fit-age-sex-bloods,0,2074.8,2199.6749999999997,2074.8,2199.6749999999997
0.01,fp,1320.0,fit-age-sex-bloods,0,1263.325,1370.0,1263.325,1370.0
0.0141,fp,1018.0,fit-age-sex-bloods,0,967.95,1073.625,967.95,1073.625
0.02,fp,720.0,fit-age-sex-bloods,0,671.275,775.525,671.275,775.525
0.03,fp,501.0,fit-age-sex-bloods,0,458.9,544.525,458.9,544.525
0.04,fp,373.0,fit-age-sex-bloods,0,343.0,414.575,343.0,414.575
0.05,fp,291.0,fit-age-sex-bloods,0,263.475,328.15,263.475,328.15
0.1,fp,115.0,fit-age-sex-bloods,0,92.9,134.575,92.9,134.575
0.2,fp,25.0,fit-age-sex-bloods,0,14.475,35.0,14.475,35.0
0.005,tn,2777.0,fit-age-sex-bloods,0,2713.95,2837.0,2713.95,2837.0
0.01,tn,3594.0,fit-age-sex-bloods,0,3542.475,3649.525,3542.475,3649.525
0.0141,tn,3896.0,fit-age-sex-bloods,0,3836.225,3948.525,3836.225,3948.525
0.02,tn,4194.0,fit-age-sex-bloods,0,4142.9,4246.15,4142.9,4246.15
0.03,tn,4413.0,fit-age-sex-bloods,0,4359.85,4450.15,4359.85,4450.15
0.04,tn,4541.0,fit-age-sex-bloods,0,4493.275,4570.0,4493.275,4570.0
0.05,tn,4623.0,fit-age-sex-bloods,0,4577.425,4658.1,4577.425,4658.1
0.1,tn,4799.0,fit-age-sex-bloods,0,4767.0,4830.05,4767.0,4830.05
0.2,tn,4889.0,fit-age-sex-bloods,0,4865.9,4912.05,4865.9,4912.05
0.005,fn,4.0,fit-age-sex-bloods,0,1.0,8.0,1.0,8.0
0.01,fn,9.0,fit-age-sex-bloods,0,4.0,14.0,4.0,14.0
0.0141,fn,13.0,fit-age-sex-bloods,0,7.475,20.0,7.475,20.0
0.02,fn,20.0,fit-age-sex-bloods,0,13.0,28.0,13.0,28.0
0.03,fn,26.0,fit-age-sex-bloods,0,17.0,36.04999999999998,17.0,36.04999999999998
0.04,fn,31.0,fit-age-sex-bloods,0,21.475,44.0,21.475,44.0
0.05,fn,34.0,fit-age-sex-bloods,0,24.0,47.04999999999998,24.0,47.04999999999998
0.1,fn,50.0,fit-age-sex-bloods,0,37.475,65.04999999999998,37.475,65.04999999999998
0.2,fn,66.0,fit-age-sex-bloods,0,53.0,81.52499999999999,53.0,81.52499999999999
0.005,pp,2219.0,fit-age-sex-bloods,0,2160.475,2284.0,2160.475,2284.0
0.01,pp,1397.0,fit-age-sex-bloods,0,1342.9,1449.0,1342.9,1449.0
0.0141,pp,1091.0,fit-age-sex-bloods,0,1036.0,1151.725,1036.0,1151.725
0.02,pp,786.0,fit-age-sex-bloods,0,733.0,836.05,733.0,836.05
0.03,pp,561.0,fit-age-sex-bloods,0,521.375,611.0999999999999,521.375,611.0999999999999
0.04,pp,428.0,fit-age-sex-bloods,0,396.8,468.04999999999995,396.8,468.04999999999995
0.05,pp,343.0,fit-age-sex-bloods,0,313.0,378.575,313.0,378.575
0.1,pp,151.0,fit-age-sex-bloods,0,124.95,173.04999999999998,124.95,173.04999999999998
0.2,pp,45.0,fit-age-sex-bloods,0,33.0,59.099999999999966,33.0,59.099999999999966
0.005,pn,2781.0,fit-age-sex-bloods,0,2716.0,2839.525,2716.0,2839.525
0.01,pn,3603.0,fit-age-sex-bloods,0,3551.0,3657.1,3551.0,3657.1
0.0141,pn,3909.0,fit-age-sex-bloods,0,3848.275,3964.0,3848.275,3964.0
0.02,pn,4214.0,fit-age-sex-bloods,0,4163.95,4267.0,4163.95,4267.0
0.03,pn,4439.0,fit-age-sex-bloods,0,4388.9,4478.625,4388.9,4478.625
0.04,pn,4572.0,fit-age-sex-bloods,0,4531.95,4603.2,4531.95,4603.2
0.05,pn,4657.0,fit-age-sex-bloods,0,4621.425,4687.0,4621.425,4687.0
0.1,pn,4849.0,fit-age-sex-bloods,0,4826.95,4875.05,4826.95,4875.05
0.2,pn,4955.0,fit-age-sex-bloods,0,4940.9,4967.0,4940.9,4967.0
0.005,pp_per_cancer,27.0609756097561,fit-age-sex-bloods,0,21.869343434343435,35.04765004960317,21.869343434343435,35.04765004960317
0.01,pp_per_cancer,18.142857142857142,fit-age-sex-bloods,0,15.065408491298081,22.881249999999998,15.065408491298081,22.881249999999998
0.0141,pp_per_cancer,14.945205479452055,fit-age-sex-bloods,0,12.145801481127567,18.650759789596727,12.145801481127567,18.650759789596727
0.02,pp_per_cancer,11.909090909090908,fit-age-sex-bloods,0,9.698660042155979,15.070673076923075,9.698660042155979,15.070673076923075
0.03,pp_per_cancer,9.35,fit-age-sex-bloods,0,7.457027782344238,12.093223404255316,7.457027782344238,12.093223404255316
0.04,pp_per_cancer,7.781818181818183,fit-age-sex-bloods,0,6.257242686890574,10.02383720930232,6.257242686890574,10.02383720930232
0.05,pp_per_cancer,6.596153846153846,fit-age-sex-bloods,0,5.444203629032258,8.422749709639954,5.444203629032258,8.422749709639954
0.1,pp_per_cancer,4.194444444444445,fit-age-sex-bloods,0,3.3208041958041954,5.5,3.3208041958041954,5.5
0.2,pp_per_cancer,2.25,fit-age-sex-bloods,0,1.7016757246376812,3.439062499999996,1.7016757246376812,3.439062499999996
0.005,pp1000,443.79999999999995,fit-age-sex-bloods,0,432.09499999999997,456.8,432.09499999999997,456.8
0.01,pp1000,279.4,fit-age-sex-bloods,0,268.58,289.8,268.58,289.8
0.0141,pp1000,218.20000000000002,fit-age-sex-bloods,0,207.2,230.34499999999997,207.2,230.34499999999997
0.02,pp1000,157.20000000000002,fit-age-sex-bloods,0,146.6,167.21,146.6,167.21
0.03,pp1000,112.19999999999999,fit-age-sex-bloods,0,104.275,122.22,104.275,122.22
0.04,pp1000,85.6,fit-age-sex-bloods,0,79.36,93.60999999999999,79.36,93.60999999999999
0.05,pp1000,68.6,fit-age-sex-bloods,0,62.6,75.71499999999999,62.6,75.71499999999999
0.1,pp1000,30.200000000000003,fit-age-sex-bloods,0,24.99,34.60999999999999,24.99,34.60999999999999
0.2,pp1000,9.0,fit-age-sex-bloods,0,6.6,11.819999999999993,6.6,11.819999999999993
0.005,pn1000,556.2,fit-age-sex-bloods,0,543.2,567.905,543.2,567.905
0.01,pn1000,720.6,fit-age-sex-bloods,0,710.2,731.42,710.2,731.42
0.0141,pn1000,781.8000000000001,fit-age-sex-bloods,0,769.655,792.8,769.655,792.8
0.02,pn1000,842.8,fit-age-sex-bloods,0,832.79,853.4000000000001,832.79,853.4000000000001
0.03,pn1000,887.8000000000001,fit-age-sex-bloods,0,877.78,895.725,877.78,895.725
0.04,pn1000,914.4,fit-age-sex-bloods,0,906.39,920.64,906.39,920.64
0.05,pn1000,931.4,fit-age-sex-bloods,0,924.285,937.4,924.285,937.4
0.1,pn1000,969.8,fit-age-sex-bloods,0,965.39,975.01,965.39,975.01
0.2,pn1000,991.0,fit-age-sex-bloods,0,988.18,993.4,988.18,993.4
0.005,tp1000,16.400000000000002,fit-age-sex-bloods,0,12.6,20.419999999999995,12.6,20.419999999999995
0.01,tp1000,15.4,fit-age-sex-bloods,0,12.095,19.019999999999992,12.095,19.019999999999992
0.0141,tp1000,14.6,fit-age-sex-bloods,0,11.6,18.304999999999996,11.6,18.304999999999996
0.02,tp1000,13.2,fit-age-sex-bloods,0,10.295,16.305,10.295,16.305
0.03,tp1000,12.0,fit-age-sex-bloods,0,9.4,15.4,9.4,15.4
0.04,tp1000,11.0,fit-age-sex-bloods,0,8.695,14.104999999999999,8.695,14.104999999999999
0.05,tp1000,10.4,fit-age-sex-bloods,0,8.295,13.104999999999999,8.295,13.104999999999999
0.1,tp1000,7.2,fit-age-sex-bloods,0,5.295,9.209999999999997,5.295,9.209999999999997
0.2,tp1000,4.0,fit-age-sex-bloods,0,2.2,6.009999999999996,2.2,6.009999999999996
0.005,fp1000,427.4,fit-age-sex-bloods,0,414.96,439.93499999999995,414.96,439.93499999999995
0.01,fp1000,264.0,fit-age-sex-bloods,0,252.665,274.0,252.665,274.0
0.0141,fp1000,203.6,fit-age-sex-bloods,0,193.59,214.72499999999997,193.59,214.72499999999997
0.02,fp1000,144.0,fit-age-sex-bloods,0,134.255,155.10500000000002,134.255,155.10500000000002
0.03,fp1000,100.2,fit-age-sex-bloods,0,91.78,108.905,91.78,108.905
0.04,fp1000,74.6,fit-age-sex-bloods,0,68.6,82.915,68.6,82.915
0.05,fp1000,58.2,fit-age-sex-bloods,0,52.695,65.62999999999998,52.695,65.62999999999998
0.1,fp1000,23.0,fit-age-sex-bloods,0,18.58,26.914999999999992,18.58,26.914999999999992
0.2,fp1000,5.0,fit-age-sex-bloods,0,2.895,7.0,2.895,7.0
0.005,tn1000,555.4,fit-age-sex-bloods,0,542.79,567.4,542.79,567.4
0.01,tn1000,718.8,fit-age-sex-bloods,0,708.495,729.905,708.495,729.905
0.0141,tn1000,779.2,fit-age-sex-bloods,0,767.245,789.705,767.245,789.705
0.02,tn1000,838.8,fit-age-sex-bloods,0,828.58,849.23,828.58,849.23
0.03,tn1000,882.6,fit-age-sex-bloods,0,871.97,890.03,871.97,890.03
0.04,tn1000,908.2,fit-age-sex-bloods,0,898.655,914.0,898.655,914.0
0.05,tn1000,924.6,fit-age-sex-bloods,0,915.485,931.62,915.485,931.62
0.1,tn1000,959.8,fit-age-sex-bloods,0,953.4,966.01,953.4,966.01
0.2,tn1000,977.8,fit-age-sex-bloods,0,973.18,982.41,973.18,982.41
0.005,fn1000,0.8,fit-age-sex-bloods,0,0.2,1.6,0.2,1.6
0.01,fn1000,1.8,fit-age-sex-bloods,0,0.8,2.8,0.8,2.8
0.0141,fn1000,2.6,fit-age-sex-bloods,0,1.495,4.0,1.495,4.0
0.02,fn1000,4.0,fit-age-sex-bloods,0,2.6,5.6,2.6,5.6
0.03,fn1000,5.2,fit-age-sex-bloods,0,3.4,7.209999999999996,3.4,7.209999999999996
0.04,fn1000,6.2,fit-age-sex-bloods,0,4.295,8.8,4.295,8.8
0.05,fn1000,6.8,fit-age-sex-bloods,0,4.8,9.409999999999997,4.8,9.409999999999997
0.1,fn1000,10.0,fit-age-sex-bloods,0,7.495,13.009999999999996,7.495,13.009999999999996
0.2,fn1000,13.2,fit-age-sex-bloods,0,10.6,16.305,10.6,16.305
0.005,sens,0.9651162790697675,fit-age-sex,0,0.9414477441462021,0.9890157004830917,0.9414477441462021,0.9890157004830917
0.01,sens,0.8604651162790697,fit-age-sex,0,0.7923491379310345,0.9246348143639683,0.7923491379310345,0.9246348143639683
0.0141,sens,0.7790697674418605,fit-age-sex,0,0.7005459770114942,0.8542021708257252,0.7005459770114942,0.8542021708257252
0.02,sens,0.7209302325581395,fit-age-sex,0,0.6378789893617022,0.8083008658008658,0.6378789893617022,0.8083008658008658
0.03,sens,0.627906976744186,fit-age-sex,0,0.5384224186307519,0.7223015774437958,0.5384224186307519,0.7223015774437958
0.04,sens,0.5697674418604651,fit-age-sex,0,0.4823529411764706,0.6558680290297936,0.4823529411764706,0.6558680290297936
0.05,sens,0.5232558139534884,fit-age-sex,0,0.4232638888888889,0.6108845811051693,0.4232638888888889,0.6108845811051693
0.1,sens,0.3488372093023256,fit-age-sex,0,0.26860119047619047,0.43059845559845555,0.26860119047619047,0.43059845559845555
0.2,sens,0.16279069767441862,fit-age-sex,0,0.07610873169383807,0.23491536553334302,0.07610873169383807,0.23491536553334302
0.005,spec,0.5370370370370371,fit-age-sex,0,0.5240000509476258,0.5498360157297272,0.5240000509476258,0.5498360157297272
0.01,spec,0.7189662189662189,fit-age-sex,0,0.7040421382604252,0.7303593241042345,0.7040421382604252,0.7303593241042345
0.0141,spec,0.7885632885632886,fit-age-sex,0,0.7777302750633369,0.7996140921436188,0.7777302750633369,0.7996140921436188
0.02,spec,0.846967846967847,fit-age-sex,0,0.8372953786935369,0.8558575290182637,0.8372953786935369,0.8558575290182637
0.03,spec,0.894993894993895,fit-age-sex,0,0.8857463363911466,0.9035218092587408,0.8857463363911466,0.9035218092587408
0.04,spec,0.9216524216524217,fit-age-sex,0,0.913656455128749,0.9282385366877105,0.913656455128749,0.9282385366877105
0.05,spec,0.9393569393569393,fit-age-sex,0,0.9329580098441905,0.9451029131412881,0.9329580098441905,0.9451029131412881
0.1,spec,0.9753764753764754,fit-age-sex,0,0.9702424750864348,0.9790647016449561,0.9702424750864348,0.9790647016449561
0.2,spec,0.9920634920634921,fit-age-sex,0,0.989002156140341,0.9948222485954226,0.989002156140341,0.9948222485954226
0.005,ppv,0.035199321458863446,fit-age-sex,0,0.027966614730447127,0.043023314810087906,0.027966614730447127,0.043023314810087906
0.01,ppv,0.05085910652920962,fit-age-sex,0,0.040759997466323215,0.06193483065200829,0.040759997466323215,0.06193483065200829
0.0141,ppv,0.06057866184448463,fit-age-sex,0,0.04866667026131131,0.07549166633548637,0.04866667026131131,0.07549166633548637
0.02,ppv,0.07616707616707617,fit-age-sex,0,0.06090467956778911,0.0954403813905552,0.06090467956778911,0.0954403813905552
0.03,ppv,0.09473684210526316,fit-age-sex,0,0.07848143349663178,0.12276609888684495,0.07848143349663178,0.12276609888684495
0.04,ppv,0.11290322580645161,fit-age-sex,0,0.08755226752652383,0.1410100920229803,0.08755226752652383,0.1410100920229803
0.05,ppv,0.13119533527696792,fit-age-sex,0,0.10188455913338787,0.16257847879785917,0.10188455913338787,0.16257847879785917
0.1,ppv,0.1986754966887417,fit-age-sex,0,0.13756781193490056,0.25913627511728776,0.13756781193490056,0.25913627511728776
0.2,ppv,0.2641509433962264,fit-age-sex,0,0.14242919389978215,0.3803378648540581,0.14242919389978215,0.3803378648540581
0.005,npv,0.9988644965934897,fit-age-sex,0,0.9980684772139465,0.9996273760060879,0.9980684772139465,0.9996273760060879
0.01,npv,0.9966149506346967,fit-age-sex,0,0.9946453272151139,0.9980235851117571,0.9946453272151139,0.9980235851117571
0.0141,npv,0.995120698510529,fit-age-sex,0,0.9931108477359682,0.9969327063571933,0.9931108477359682,0.9969327063571933
0.02,npv,0.9942666029622551,fit-age-sex,0,0.9919801620865999,0.9964217546660905,0.9919801620865999,0.9964217546660905
0.03,npv,0.9927765237020316,fit-age-sex,0,0.9898652101790255,0.9951754858077121,0.9898652101790255,0.9951754858077121
0.04,npv,0.9918966272448533,fit-age-sex,0,0.9888766236989419,0.9945343177514945,0.9888766236989419,0.9945343177514945
0.05,npv,0.9911960489585571,fit-age-sex,0,0.9881557061747867,0.9933897982346728,0.9881557061747867,0.9933897982346728
0.1,npv,0.9884512270571252,fit-age-sex,0,0.9856321916883898,0.9911477265684697,0.9856321916883898,0.9911477265684697
0.2,npv,0.9854457246816253,fit-age-sex,0,0.9818087170089216,0.9884713326285679,0.9818087170089216,0.9884713326285679
0.005,tp,83.0,fit-age-sex,0,64.95,102.04999999999998,64.95,102.04999999999998
0.01,tp,74.0,fit-age-sex,0,57.475,92.52499999999999,57.475,92.52499999999999
0.0141,tp,67.0,fit-age-sex,0,52.475,84.52499999999999,52.475,84.52499999999999
0.02,tp,62.0,fit-age-sex,0,48.425,80.0,48.425,80.0
0.03,tp,54.0,fit-age-sex,0,43.0,71.04999999999998,43.0,71.04999999999998
0.04,tp,49.0,fit-age-sex,0,37.95,62.52499999999999,37.95,62.52499999999999
0.05,tp,45.0,fit-age-sex,0,33.475,57.52499999999999,33.475,57.52499999999999
0.1,tp,30.0,fit-age-sex,0,20.475,40.52499999999999,20.475,40.52499999999999
0.2,tp,14.0,fit-age-sex,0,6.0,21.0,6.0,21.0
0.005,fp,2275.0,fit-age-sex,0,2212.425,2337.525,2212.425,2337.525
0.01,fp,1381.0,fit-age-sex,0,1324.475,1453.0249999999999,1324.475,1453.0249999999999
0.0141,fp,1039.0,fit-age-sex,0,984.0,1093.05,984.0,1093.05
0.02,fp,752.0,fit-age-sex,0,708.425,799.2499999999999,708.425,799.2499999999999
0.03,fp,516.0,fit-age-sex,0,474.475,562.525,474.475,562.525
0.04,fp,385.0,fit-age-sex,0,353.425,423.575,353.425,423.575
0.05,fp,298.0,fit-age-sex,0,269.95,329.575,269.95,329.575
0.1,fp,121.0,fit-age-sex,0,102.95,146.04999999999998,102.95,146.04999999999998
0.2,fp,39.0,fit-age-sex,0,25.475,54.04999999999998,25.475,54.04999999999998
0.005,tn,2639.0,fit-age-sex,0,2569.475,2700.525,2569.475,2700.525
0.01,tn,3533.0,fit-age-sex,0,3460.6,3591.1,3460.6,3591.1
0.0141,tn,3875.0,fit-age-sex,0,3820.0,3930.1,3820.0,3930.1
0.02,tn,4162.0,fit-age-sex,0,4103.475,4206.525,4103.475,4206.525
0.03,tn,4398.0,fit-age-sex,0,4345.0,4443.525,4345.0,4443.525
0.04,tn,4529.0,fit-age-sex,0,4486.425,4570.525,4486.425,4570.525
0.05,tn,4616.0,fit-age-sex,0,4575.475,4651.1,4575.475,4651.1
0.1,tn,4793.0,fit-age-sex,0,4758.325,4820.575,4758.325,4820.575
0.2,tn,4875.0,fit-age-sex,0,4852.0,4897.05,4852.0,4897.05
0.005,fn,3.0,fit-age-sex,0,1.0,5.0,1.0,5.0
0.01,fn,12.0,fit-age-sex,0,7.0,19.049999999999983,7.0,19.049999999999983
0.0141,fn,19.0,fit-age-sex,0,12.0,26.52499999999999,12.0,26.52499999999999
0.02,fn,24.0,fit-age-sex,0,15.0,33.52499999999999,15.0,33.52499999999999
0.03,fn,32.0,fit-age-sex,0,21.475,44.52499999999999,21.475,44.52499999999999
0.04,fn,37.0,fit-age-sex,0,25.0,50.52499999999999,25.0,50.52499999999999
0.05,fn,41.0,fit-age-sex,0,31.0,55.0,31.0,55.0
0.1,fn,56.0,fit-age-sex,0,42.95,69.52499999999999,42.95,69.52499999999999
0.2,fn,72.0,fit-age-sex,0,57.0,90.0,57.0,90.0
0.005,pp,2358.0,fit-age-sex,0,2296.0,2428.0,2296.0,2428.0
0.01,pp,1455.0,fit-age-sex,0,1395.0,1529.8749999999998,1395.0,1529.8749999999998
0.0141,pp,1106.0,fit-age-sex,0,1049.475,1159.525,1049.475,1159.525
0.02,pp,814.0,fit-age-sex,0,768.475,867.7249999999999,768.475,867.7249999999999
0.03,pp,570.0,fit-age-sex,0,524.375,616.7249999999999,524.375,616.7249999999999
0.04,pp,434.0,fit-age-sex,0,395.95,477.09999999999997,395.95,477.09999999999997
0.05,pp,343.0,fit-age-sex,0,310.95,374.09999999999997,310.95,374.09999999999997
0.1,pp,151.0,fit-age-sex,0,128.95,179.04999999999998,128.95,179.04999999999998
0.2,pp,53.0,fit-age-sex,0,36.95,69.0,36.95,69.0
0.005,pn,2642.0,fit-age-sex,0,2572.0,2704.0,2572.0,2704.0
0.01,pn,3545.0,fit-age-sex,0,3470.125,3605.0,3470.125,3605.0
0.0141,pn,3894.0,fit-age-sex,0,3840.475,3950.525,3840.475,3950.525
0.02,pn,4186.0,fit-age-sex,0,4132.275,4231.525,4132.275,4231.525
0.03,pn,4430.0,fit-age-sex,0,4383.275,4475.625,4383.275,4475.625
0.04,pn,4566.0,fit-age-sex,0,4522.9,4604.05,4522.9,4604.05
0.05,pn,4657.0,fit-age-sex,0,4625.9,4689.05,4625.9,4689.05
0.1,pn,4849.0,fit-age-sex,0,4820.95,4871.05,4820.95,4871.05
0.2,pn,4947.0,fit-age-sex,0,4931.0,4963.05,4931.0,4963.05
0.005,pp_per_cancer,28.409638554216865,fit-age-sex,0,23.245445544554457,35.75738919041158,23.245445544554457,35.75738919041158
0.01,pp_per_cancer,19.66216216216216,fit-age-sex,0,16.146003787878787,24.53419540229885,16.146003787878787,24.53419540229885
0.0141,pp_per_cancer,16.507462686567166,fit-age-sex,0,13.248271495071194,20.548135504201678,13.248271495071194,20.548135504201678
0.02,pp_per_cancer,13.129032258064516,fit-age-sex,0,10.477931519699812,16.41964705882353,10.477931519699812,16.41964705882353
0.03,pp_per_cancer,10.555555555555555,fit-age-sex,0,8.145748532289629,12.741898382204246,8.145748532289629,12.741898382204246
0.04,pp_per_cancer,8.857142857142858,fit-age-sex,0,7.092607526881721,11.425101626016255,7.092607526881721,11.425101626016255
0.05,pp_per_cancer,7.622222222222223,fit-age-sex,0,6.151608187134502,9.817666931637516,6.151608187134502,9.817666931637516
0.1,pp_per_cancer,5.033333333333333,fit-age-sex,0,3.8589815425181277,7.270113636363635,3.8589815425181277,7.270113636363635
0.2,pp_per_cancer,3.7857142857142856,fit-age-sex,0,2.6327083333333334,7.031249999999995,2.6327083333333334,7.031249999999995
0.005,pp1000,471.6,fit-age-sex,0,459.2,485.59999999999997,459.2,485.59999999999997
0.01,pp1000,291.0,fit-age-sex,0,279.0,305.97499999999997,279.0,305.97499999999997
0.0141,pp1000,221.20000000000002,fit-age-sex,0,209.89499999999998,231.905,209.89499999999998,231.905
0.02,pp1000,162.8,fit-age-sex,0,153.695,173.545,153.695,173.545
0.03,pp1000,114.0,fit-age-sex,0,104.875,123.34499999999998,104.875,123.34499999999998
0.04,pp1000,86.8,fit-age-sex,0,79.19,95.41999999999999,79.19,95.41999999999999
0.05,pp1000,68.6,fit-age-sex,0,62.19,74.82,62.19,74.82
0.1,pp1000,30.200000000000003,fit-age-sex,0,25.79,35.809999999999995,25.79,35.809999999999995
0.2,pp1000,10.6,fit-age-sex,0,7.39,13.799999999999999,7.39,13.799999999999999
0.005,pn1000,528.4,fit-age-sex,0,514.4,540.8,514.4,540.8
0.01,pn1000,709.0,fit-age-sex,0,694.025,721.0,694.025,721.0
0.0141,pn1000,778.8000000000001,fit-age-sex,0,768.095,790.105,768.095,790.105
0.02,pn1000,837.2,fit-age-sex,0,826.455,846.3050000000001,826.455,846.3050000000001
0.03,pn1000,886.0,fit-age-sex,0,876.6550000000001,895.1249999999999,876.6550000000001,895.1249999999999
0.04,pn1000,913.2,fit-age-sex,0,904.58,920.8100000000001,904.58,920.8100000000001
0.05,pn1000,931.4,fit-age-sex,0,925.18,937.8100000000001,925.18,937.8100000000001
0.1,pn1000,969.8,fit-age-sex,0,964.19,974.21,964.19,974.21
0.2,pn1000,989.4,fit-age-sex,0,986.1999999999999,992.61,986.1999999999999,992.61
0.005,tp1000,16.6,fit-age-sex,0,12.99,20.409999999999997,12.99,20.409999999999997
0.01,tp1000,14.8,fit-age-sex,0,11.495,18.504999999999995,11.495,18.504999999999995
0.0141,tp1000,13.4,fit-age-sex,0,10.495,16.904999999999998,10.495,16.904999999999998
0.02,tp1000,12.4,fit-age-sex,0,9.685,16.0,9.685,16.0
0.03,tp1000,10.8,fit-age-sex,0,8.6,14.209999999999997,8.6,14.209999999999997
0.04,tp1000,9.799999999999999,fit-age-sex,0,7.59,12.504999999999999,7.59,12.504999999999999
0.05,tp1000,9.0,fit-age-sex,0,6.694999999999999,11.504999999999999,6.694999999999999,11.504999999999999
0.1,tp1000,6.0,fit-age-sex,0,4.095,8.104999999999999,4.095,8.104999999999999
0.2,tp1000,2.8,fit-age-sex,0,1.2,4.2,1.2,4.2
0.005,fp1000,455.0,fit-age-sex,0,442.485,467.505,442.485,467.505
0.01,fp1000,276.2,fit-age-sex,0,264.895,290.60499999999996,264.895,290.60499999999996
0.0141,fp1000,207.8,fit-age-sex,0,196.8,218.60999999999999,196.8,218.60999999999999
0.02,fp1000,150.4,fit-age-sex,0,141.685,159.85,141.685,159.85
0.03,fp1000,103.2,fit-age-sex,0,94.895,112.50500000000001,94.895,112.50500000000001
0.04,fp1000,77.0,fit-age-sex,0,70.685,84.715,70.685,84.715
0.05,fp1000,59.6,fit-age-sex,0,53.989999999999995,65.91499999999999,53.989999999999995,65.91499999999999
0.1,fp1000,24.2,fit-age-sex,0,20.59,29.209999999999997,20.59,29.209999999999997
0.2,fp1000,7.8,fit-age-sex,0,5.095,10.809999999999997,5.095,10.809999999999997
0.005,tn1000,527.8000000000001,fit-age-sex,0,513.895,540.105,513.895,540.105
0.01,tn1000,706.6,fit-age-sex,0,692.12,718.22,692.12,718.22
0.0141,tn1000,775.0,fit-age-sex,0,764.0,786.02,764.0,786.02
0.02,tn1000,832.4,fit-age-sex,0,820.6949999999999,841.3050000000001,820.6949999999999,841.3050000000001
0.03,tn1000,879.6,fit-age-sex,0,869.0,888.705,869.0,888.705
0.04,tn1000,905.8000000000001,fit-age-sex,0,897.285,914.105,897.285,914.105
0.05,tn1000,923.2,fit-age-sex,0,915.095,930.22,915.095,930.22
0.1,tn1000,958.6,fit-age-sex,0,951.665,964.115,951.665,964.115
0.2,tn1000,975.0,fit-age-sex,0,970.4000000000001,979.41,970.4000000000001,979.41
0.005,fn1000,0.6,fit-age-sex,0,0.2,1.0,0.2,1.0
0.01,fn1000,2.4,fit-age-sex,0,1.4,3.8099999999999965,1.4,3.8099999999999965
0.0141,fn1000,3.8,fit-age-sex,0,2.4,5.304999999999999,2.4,5.304999999999999
0.02,fn1000,4.8,fit-age-sex,0,3.0,6.704999999999998,3.0,6.704999999999998
0.03,fn1000,6.4,fit-age-sex,0,4.295,8.905,4.295,8.905
0.04,fn1000,7.4,fit-age-sex,0,5.0,10.104999999999999,5.0,10.104999999999999
0.05,fn1000,8.200000000000001,fit-age-sex,0,6.2,11.0,6.2,11.0
0.1,fn1000,11.2,fit-age-sex,0,8.59,13.904999999999998,8.59,13.904999999999998
0.2,fn1000,14.4,fit-age-sex,0,11.4,18.0,11.4,18.0
0.005,sens,0.9651162790697675,fit-spline,0,0.9414477441462021,0.9890157004830917,0.9414477441462021,0.9890157004830917
0.01,sens,0.8837209302325582,fit-spline,0,0.8159989316239316,0.9423418423973363,0.8159989316239316,0.9423418423973363
0.0141,sens,0.813953488372093,fit-spline,0,0.7525265957446808,0.8845815645845967,0.7525265957446808,0.8845815645845967
0.02,sens,0.7441860465116279,fit-spline,0,0.6644791666666666,0.825,0.6644791666666666,0.825
0.03,sens,0.6744186046511628,fit-spline,0,0.5779255319148936,0.7485692771084337,0.5779255319148936,0.7485692771084337
0.04,sens,0.627906976744186,fit-spline,0,0.5384224186307519,0.7223015774437958,0.5384224186307519,0.7223015774437958
0.05,sens,0.5465116279069767,fit-spline,0,0.4559235976789168,0.6419786096256683,0.4559235976789168,0.6419786096256683
0.1,sens,0.36046511627906974,fit-spline,0,0.26860119047619047,0.43702305246422884,0.26860119047619047,0.43702305246422884
0.2,sens,0.18604651162790697,fit-spline,0,0.10366099417823556,0.2639957141202362,0.10366099417823556,0.2639957141202362
0.005,spec,0.5364265364265364,fit-spline,0,0.5227983630087958,0.5487762696914287,0.5227983630087958,0.5487762696914287
0.01,spec,0.6978021978021978,fit-spline,0,0.6831938898714671,0.7112881521292052,0.6831938898714671,0.7112881521292052
0.0141,spec,0.7592592592592593,fit-spline,0,0.7473090661158392,0.7705543417812029,0.7473090661158392,0.7705543417812029
0.02,spec,0.8144078144078144,fit-spline,0,0.8035307993815249,0.8245114006514658,0.8035307993815249,0.8245114006514658
0.03,spec,0.8669108669108669,fit-spline,0,0.857224304510153,0.8754443331377871,0.857224304510153,0.8754443331377871
0.04,spec,0.9002849002849003,fit-spline,0,0.892279193029828,0.9080454333437701,0.892279193029828,0.9080454333437701
0.05,spec,0.9206349206349206,fit-spline,0,0.9128562703583062,0.9272063960364717,0.9128562703583062,0.9272063960364717
0.1,spec,0.9702889702889703,fit-spline,0,0.9653151565696174,0.9741840989410543,0.9653151565696174,0.9741840989410543
0.2,spec,0.9928774928774928,fit-spline,0,0.990336178161604,0.9951204888094455,0.990336178161604,0.9951204888094455
0.005,ppv,0.03515459551037696,fit-spline,0,0.0278768790818101,0.04292898693179071,0.0278768790818101,0.04292898693179071
0.01,ppv,0.04868673926969891,fit-spline,0,0.038259946144802215,0.06000029023855189,0.038259946144802215,0.06000029023855189
0.0141,ppv,0.055865921787709494,fit-spline,0,0.04490940461524043,0.06819984139571768,0.04490940461524043,0.06819984139571768
0.02,ppv,0.06557377049180328,fit-spline,0,0.05200687239552486,0.07936479842674532,0.05200687239552486,0.07936479842674532
0.03,ppv,0.08146067415730338,fit-spline,0,0.06568877551020408,0.1033800112287325,0.06568877551020408,0.1033800112287325
0.04,ppv,0.09926470588235294,fit-spline,0,0.08176547691066748,0.12853873723938197,0.08176547691066748,0.12853873723938197
0.05,ppv,0.10755148741418764,fit-spline,0,0.08516438624776679,0.13921312632321806,0.08516438624776679,0.13921312632321806
0.1,ppv,0.1751412429378531,fit-spline,0,0.12774622673539307,0.22752535565992782,0.12774622673539307,0.22752535565992782
0.2,ppv,0.3137254901960784,fit-spline,0,0.2,0.41705172413793096,0.2,0.41705172413793096
0.005,npv,0.9988632057597575,fit-spline,0,0.9980640009394106,0.999627567405313,0.9980640009394106,0.999627567405313
0.01,npv,0.997092177958709,fit-spline,0,0.9954925695716874,0.9985562266309551,0.9954925695716874,0.9985562266309551
0.0141,npv,0.9957299172671471,fit-spline,0,0.9938538664011768,0.9976010384868392,0.9938538664011768,0.9976010384868392
0.02,npv,0.9945328031809145,fit-spline,0,0.9921289308176101,0.9965395935730329,0.9921289308176101,0.9965395935730329
0.03,npv,0.9934701492537313,fit-spline,0,0.9912234425487495,0.9958033042764871,0.9912234425487495,0.9958033042764871
0.04,npv,0.992818671454219,fit-spline,0,0.9899415461846601,0.9952019117527046,0.9899415461846601,0.9952019117527046
0.05,npv,0.9914529914529915,fit-spline,0,0.9884653146598552,0.9937017188528561,0.9884653146598552,0.9937017188528561
0.1,npv,0.9885963093510264,fit-spline,0,0.9855595039355621,0.991200031931495,0.9855595039355621,0.991200031931495
0.2,npv,0.9858557284299858,fit-spline,0,0.9821163618861897,0.9887014608701311,0.9821163618861897,0.9887014608701311
0.005,tp,83.0,fit-spline,0,64.95,102.04999999999998,64.95,102.04999999999998
0.01,tp,76.0,fit-spline,0,58.475,96.09999999999997,58.475,96.09999999999997
0.0141,tp,70.0,fit-spline,0,55.0,87.04999999999998,55.0,87.04999999999998
0.02,tp,64.0,fit-spline,0,50.475,80.52499999999999,50.475,80.52499999999999
0.03,tp,58.0,fit-spline,0,45.0,75.04999999999998,45.0,75.04999999999998
0.04,tp,54.0,fit-spline,0,43.0,71.04999999999998,43.0,71.04999999999998
0.05,tp,47.0,fit-spline,0,36.0,63.0,36.0,63.0
0.1,tp,31.0,fit-spline,0,21.95,40.52499999999999,21.95,40.52499999999999
0.2,tp,16.0,fit-spline,0,8.475,24.52499999999999,8.475,24.52499999999999
0.005,fp,2278.0,fit-spline,0,2216.425,2342.05,2216.425,2342.05
0.01,fp,1485.0,fit-spline,0,1417.85,1558.3,1417.85,1558.3
0.0141,fp,1183.0,fit-spline,0,1128.0,1242.575,1128.0,1242.575
0.02,fp,912.0,fit-spline,0,862.0,966.5749999999999,862.0,966.5749999999999
0.03,fp,654.0,fit-spline,0,611.9,699.05,611.9,699.05
0.04,fp,490.0,fit-spline,0,452.95,529.0,452.95,529.0
0.05,fp,390.0,fit-spline,0,357.475,428.04999999999995,357.475,428.04999999999995
0.1,fp,146.0,fit-spline,0,126.95,170.14999999999995,126.95,170.14999999999995
0.2,fp,35.0,fit-spline,0,24.0,47.52499999999999,24.0,47.52499999999999
0.005,tn,2636.0,fit-spline,0,2564.325,2697.525,2564.325,2697.525
0.01,tn,3429.0,fit-spline,0,3361.125,3493.575,3361.125,3493.575
0.0141,tn,3731.0,fit-spline,0,3674.325,3788.15,3674.325,3788.15
0.02,tn,4002.0,fit-spline,0,3942.95,4050.525,3942.95,4050.525
0.03,tn,4260.0,fit-spline,0,4207.475,4304.1,4207.475,4304.1
0.04,tn,4424.0,fit-spline,0,4375.475,4465.0,4375.475,4465.0
0.05,tn,4524.0,fit-spline,0,4480.425,4565.525,4480.425,4565.525
0.1,tn,4768.0,fit-spline,0,4735.425,4797.525,4735.425,4797.525
0.2,tn,4879.0,fit-spline,0,4858.425,4898.05,4858.425,4898.05
0.005,fn,3.0,fit-spline,0,1.0,5.0,1.0,5.0
0.01,fn,10.0,fit-spline,0,5.0,15.524999999999991,5.0,15.524999999999991
0.0141,fn,16.0,fit-spline,0,9.0,23.0,9.0,23.0
0.02,fn,22.0,fit-spline,0,14.0,31.52499999999999,14.0,31.52499999999999
0.03,fn,28.0,fit-spline,0,18.0,37.52499999999999,18.0,37.52499999999999
0.04,fn,32.0,fit-spline,0,21.475,44.52499999999999,21.475,44.52499999999999
0.05,fn,39.0,fit-spline,0,28.95,52.52499999999999,28.95,52.52499999999999
0.1,fn,55.0,fit-spline,0,42.475,69.52499999999999,42.475,69.52499999999999
0.2,fn,70.0,fit-spline,0,55.95,88.52499999999999,55.95,88.52499999999999
0.005,pp,2361.0,fit-spline,0,2299.475,2433.2,2299.475,2433.2
0.01,pp,1561.0,fit-spline,0,1496.425,1631.8249999999998,1496.425,1631.8249999999998
0.0141,pp,1253.0,fit-spline,0,1195.75,1308.7749999999999,1195.75,1308.7749999999999
0.02,pp,976.0,fit-spline,0,928.95,1027.625,928.95,1027.625
0.03,pp,712.0,fit-spline,0,668.95,765.15,668.95,765.15
0.04,pp,544.0,fit-spline,0,504.0,588.8749999999999,504.0,588.8749999999999
0.05,pp,437.0,fit-spline,0,400.0,479.09999999999997,400.0,479.09999999999997
0.1,pp,177.0,fit-spline,0,154.0,201.52499999999998,154.0,201.52499999999998
0.2,pp,51.0,fit-spline,0,36.95,64.0,36.95,64.0
0.005,pn,2639.0,fit-spline,0,2566.8,2700.525,2566.8,2700.525
0.01,pn,3439.0,fit-spline,0,3368.175,3503.575,3368.175,3503.575
0.0141,pn,3747.0,fit-spline,0,3691.225,3804.25,3691.225,3804.25
0.02,pn,4024.0,fit-spline,0,3972.375,4071.05,3972.375,4071.05
0.03,pn,4288.0,fit-spline,0,4234.85,4331.05,4234.85,4331.05
0.04,pn,4456.0,fit-spline,0,4411.125,4496.0,4411.125,4496.0
0.05,pn,4563.0,fit-spline,0,4520.9,4600.0,4520.9,4600.0
0.1,pn,4823.0,fit-spline,0,4798.475,4846.0,4798.475,4846.0
0.2,pn,4949.0,fit-spline,0,4936.0,4963.05,4936.0,4963.05
0.005,pp_per_cancer,28.44578313253012,fit-spline,0,23.294489795918366,35.87223011363636,23.294489795918366,35.87223011363636
0.01,pp_per_cancer,20.539473684210527,fit-spline,0,16.66923076923077,26.151724137931026,16.66923076923077,26.151724137931026
0.0141,pp_per_cancer,17.900000000000002,fit-spline,0,14.66279069767442,22.267079124579123,14.66279069767442,22.267079124579123
0.02,pp_per_cancer,15.25,fit-spline,0,12.6009375,19.22830188679245,12.6009375,19.22830188679245
0.03,pp_per_cancer,12.275862068965516,fit-spline,0,9.675591151792526,15.223333333333334,9.675591151792526,15.223333333333334
0.04,pp_per_cancer,10.074074074074074,fit-spline,0,7.780029761904762,12.230119047619048,7.780029761904762,12.230119047619048
0.05,pp_per_cancer,9.297872340425531,fit-spline,0,7.184088541666666,11.742117117117116,7.184088541666666,11.742117117117116
0.1,pp_per_cancer,5.709677419354839,fit-spline,0,4.395296052631579,7.8282608695652165,4.395296052631579,7.8282608695652165
0.2,pp_per_cancer,3.1875,fit-spline,0,2.3979166666666667,5.0,2.3979166666666667,5.0
0.005,pp1000,472.2,fit-spline,0,459.895,486.64,459.895,486.64
0.01,pp1000,312.2,fit-spline,0,299.28499999999997,326.365,299.28499999999997,326.365
0.0141,pp1000,250.6,fit-spline,0,239.14999999999998,261.755,239.14999999999998,261.755
0.02,pp1000,195.20000000000002,fit-spline,0,185.79,205.52499999999998,185.79,205.52499999999998
0.03,pp1000,142.4,fit-spline,0,133.79,153.03,133.79,153.03
0.04,pp1000,108.8,fit-spline,0,100.8,117.77499999999998,100.8,117.77499999999998
0.05,pp1000,87.4,fit-spline,0,80.0,95.82,80.0,95.82
0.1,pp1000,35.4,fit-spline,0,30.8,40.305,30.8,40.305
0.2,pp1000,10.200000000000001,fit-spline,0,7.39,12.8,7.39,12.8
0.005,pn1000,527.8000000000001,fit-spline,0,513.36,540.105,513.36,540.105
0.01,pn1000,687.8,fit-spline,0,673.635,700.715,673.635,700.715
0.0141,pn1000,749.4,fit-spline,0,738.245,760.85,738.245,760.85
0.02,pn1000,804.8,fit-spline,0,794.475,814.21,794.475,814.21
0.03,pn1000,857.6,fit-spline,0,846.97,866.21,846.97,866.21
0.04,pn1000,891.2,fit-spline,0,882.225,899.2,882.225,899.2
0.05,pn1000,912.6,fit-spline,0,904.18,920.0,904.18,920.0
0.1,pn1000,964.6,fit-spline,0,959.6949999999999,969.1999999999999,959.6949999999999,969.1999999999999
0.2,pn1000,989.8000000000001,fit-spline,0,987.1999999999999,992.61,987.1999999999999,992.61
0.005,tp1000,16.6,fit-spline,0,12.99,20.409999999999997,12.99,20.409999999999997
0.01,tp1000,15.2,fit-spline,0,11.694999999999999,19.21999999999999,11.694999999999999,19.21999999999999
0.0141,tp1000,14.0,fit-spline,0,11.0,17.409999999999997,11.0,17.409999999999997
0.02,tp1000,12.8,fit-spline,0,10.095,16.104999999999997,10.095,16.104999999999997
0.03,tp1000,11.6,fit-spline,0,9.0,15.009999999999996,9.0,15.009999999999996
0.04,tp1000,10.8,fit-spline,0,8.6,14.209999999999997,8.6,14.209999999999997
0.05,tp1000,9.4,fit-spline,0,7.2,12.6,7.2,12.6
0.1,tp1000,6.2,fit-spline,0,4.39,8.104999999999999,4.39,8.104999999999999
0.2,tp1000,3.2,fit-spline,0,1.695,4.9049999999999985,1.695,4.9049999999999985
0.005,fp1000,455.6,fit-spline,0,443.285,468.41,443.285,468.41
0.01,fp1000,297.0,fit-spline,0,283.57,311.66,283.57,311.66
0.0141,fp1000,236.6,fit-spline,0,225.6,248.515,225.6,248.515
0.02,fp1000,182.4,fit-spline,0,172.4,193.315,172.4,193.315
0.03,fp1000,130.8,fit-spline,0,122.38000000000001,139.81,122.38000000000001,139.81
0.04,fp1000,98.0,fit-spline,0,90.59,105.80000000000001,90.59,105.80000000000001
0.05,fp1000,78.0,fit-spline,0,71.495,85.61,71.495,85.61
0.1,fp1000,29.2,fit-spline,0,25.39,34.02999999999999,25.39,34.02999999999999
0.2,fp1000,7.0,fit-spline,0,4.8,9.504999999999999,4.8,9.504999999999999
0.005,tn1000,527.2,fit-spline,0,512.865,539.505,512.865,539.505
0.01,tn1000,685.8,fit-spline,0,672.2249999999999,698.715,672.2249999999999,698.715
0.0141,tn1000,746.1999999999999,fit-spline,0,734.865,757.63,734.865,757.63
0.02,tn1000,800.4,fit-spline,0,788.5899999999999,810.105,788.5899999999999,810.105
0.03,tn1000,852.0,fit-spline,0,841.495,860.82,841.495,860.82
0.04,tn1000,884.8000000000001,fit-spline,0,875.0949999999999,893.0,875.0949999999999,893.0
0.05,tn1000,904.8000000000001,fit-spline,0,896.085,913.105,896.085,913.105
0.1,tn1000,953.6,fit-spline,0,947.0849999999999,959.505,947.0849999999999,959.505
0.2,tn1000,975.8,fit-spline,0,971.6850000000001,979.61,971.6850000000001,979.61
0.005,fn1000,0.6,fit-spline,0,0.2,1.0,0.2,1.0
0.01,fn1000,2.0,fit-spline,0,1.0,3.104999999999998,1.0,3.104999999999998
0.0141,fn1000,3.2,fit-spline,0,1.8,4.6,1.8,4.6
0.02,fn1000,4.4,fit-spline,0,2.8,6.304999999999999,2.8,6.304999999999999
0.03,fn1000,5.6,fit-spline,0,3.6,7.504999999999998,3.6,7.504999999999998
0.04,fn1000,6.4,fit-spline,0,4.295,8.905,4.295,8.905
0.05,fn1000,7.8,fit-spline,0,5.79,10.504999999999999,5.79,10.504999999999999
0.1,fn1000,11.0,fit-spline,0,8.495,13.904999999999998,8.495,13.904999999999998
0.2,fn1000,14.0,fit-spline,0,11.19,17.705,11.19,17.705
