fpr,metric_name,metric_value,model_name,m,q025,q975,ci_low,ci_high
0.0,tpr,0.0,fit,0,0.0,0.0377569099929128,0.0,0.0377569099929128
0.01,tpr,0.22093023255813954,fit,0,0.13484258492129247,0.309473587674248,0.13484258492129247,0.309473587674248
0.02,tpr,0.29069767441860467,fit,0,0.20633333333333334,0.3876944971537002,0.20633333333333334,0.3876944971537002
0.03,tpr,0.37209302325581395,fit,0,0.26230374396135264,0.44836278586278583,0.26230374396135264,0.44836278586278583
0.04,tpr,0.4186046511627907,fit,0,0.3112990196078431,0.4897997496871089,0.3112990196078431,0.4897997496871089
0.05,tpr,0.46511627906976744,fit,0,0.3648936170212766,0.5307259073842303,0.3648936170212766,0.5307259073842303
0.06,tpr,0.47674418604651164,fit,0,0.36917105263157896,0.5500339548092358,0.36917105263157896,0.5500339548092358
0.07,tpr,0.5,fit,0,0.4144791666666667,0.5766878342245989,0.4144791666666667,0.5766878342245989
0.08,tpr,0.5465116279069767,fit,0,0.4511309523809524,0.6483323226197696,0.4511309523809524,0.6483323226197696
0.09,tpr,0.6162790697674418,fit,0,0.49676637876553614,0.6967613636363635,0.49676637876553614,0.6967613636363635
0.1,tpr,0.627906976744186,fit,0,0.5384224186307519,0.7223015774437958,0.5384224186307519,0.7223015774437958
0.11,tpr,0.627906976744186,fit,0,0.5394886363636363,0.7223015774437958,0.5394886363636363,0.7223015774437958
0.12,tpr,0.6511627906976745,fit,0,0.55497799779978,0.7405429943767573,0.55497799779978,0.7405429943767573
0.13,tpr,0.6744186046511628,fit,0,0.589918946301925,0.7639204545454545,0.589918946301925,0.7639204545454545
0.14,tpr,0.7093023255813954,fit,0,0.617686170212766,0.793051278618289,0.617686170212766,0.793051278618289
0.15,tpr,0.7209302325581395,fit,0,0.6391752577319587,0.8102453102453102,0.6391752577319587,0.8102453102453102
0.16,tpr,0.7209302325581395,fit,0,0.648301499032882,0.8181818181818182,0.648301499032882,0.8181818181818182
0.17,tpr,0.7325581395348837,fit,0,0.6536326658322904,0.8181818181818182,0.6536326658322904,0.8181818181818182
0.18,tpr,0.7441860465116279,fit,0,0.6629432624113475,0.825,0.6629432624113475,0.825
0.19,tpr,0.7441860465116279,fit,0,0.6644791666666666,0.825,0.6644791666666666,0.825
0.2,tpr,0.7441860465116279,fit,0,0.6644791666666666,0.8303977272727273,0.6644791666666666,0.8303977272727273
0.21,tpr,0.7558139534883721,fit,0,0.6644791666666666,0.8303977272727273,0.6644791666666666,0.8303977272727273
0.22,tpr,0.7558139534883721,fit,0,0.6644791666666666,0.8333346065699007,0.6644791666666666,0.8333346065699007
0.23,tpr,0.7674418604651163,fit,0,0.6751255910165485,0.8522727272727273,0.6751255910165485,0.8522727272727273
0.24,tpr,0.813953488372093,fit,0,0.722828939520458,0.8914418543740178,0.722828939520458,0.8914418543740178
0.25,tpr,0.8255813953488372,fit,0,0.7628472222222222,0.895582171012735,0.7628472222222222,0.895582171012735
0.26,tpr,0.8372093023255814,fit,0,0.7753722794959909,0.9058823529411765,0.7753722794959909,0.9058823529411765
0.27,tpr,0.8372093023255814,fit,0,0.7753722794959909,0.9107186459489456,0.7753722794959909,0.9107186459489456
0.28,tpr,0.8604651162790697,fit,0,0.7810591792228391,0.9286628259551243,0.7810591792228391,0.9286628259551243
0.29,tpr,0.8604651162790697,fit,0,0.7947115384615384,0.9389920506769346,0.7947115384615384,0.9389920506769346
0.3,tpr,0.8837209302325582,fit,0,0.8096266968325792,0.9423418423973363,0.8096266968325792,0.9423418423973363
0.31,tpr,0.8837209302325582,fit,0,0.8159989316239316,0.9423418423973363,0.8159989316239316,0.9423418423973363
0.32,tpr,0.8837209302325582,fit,0,0.8159989316239316,0.9423418423973363,0.8159989316239316,0.9423418423973363
0.33,tpr,0.8837209302325582,fit,0,0.8159989316239316,0.9439465408805031,0.8159989316239316,0.9439465408805031
0.34,tpr,0.8953488372093024,fit,0,0.8217532051282052,0.9453853046594982,0.8217532051282052,0.9453853046594982
0.35,tpr,0.9069767441860465,fit,0,0.8270358499525166,0.9528884572697003,0.8270358499525166,0.9528884572697003
0.36,tpr,0.9069767441860465,fit,0,0.8469907407407408,0.9528884572697003,0.8469907407407408,0.9528884572697003
0.37,tpr,0.9069767441860465,fit,0,0.8469907407407408,0.9563082437275986,0.8469907407407408,0.9563082437275986
0.38,tpr,0.9186046511627907,fit,0,0.8619152227722773,0.961038961038961,0.8619152227722773,0.961038961038961
0.39,tpr,0.9302325581395349,fit,0,0.8796000788022065,0.9668713343108505,0.8796000788022065,0.9668713343108505
0.4,tpr,0.9302325581395349,fit,0,0.8796000788022065,0.9768875502008032,0.8796000788022065,0.9768875502008032
0.41,tpr,0.9418604651162791,fit,0,0.8888888888888888,0.9833880037488284,0.8888888888888888,0.9833880037488284
0.42,tpr,0.9534883720930233,fit,0,0.901058681185723,0.9888295880149813,0.901058681185723,0.9888295880149813
0.43,tpr,0.9651162790697675,fit,0,0.9233674463937622,0.9888295880149813,0.9233674463937622,0.9888295880149813
0.44,tpr,0.9651162790697675,fit,0,0.9379679144385027,0.9890157004830917,0.9379679144385027,0.9890157004830917
0.45,tpr,0.9651162790697675,fit,0,0.9414477441462021,0.9890157004830917,0.9414477441462021,0.9890157004830917
0.46,tpr,0.9651162790697675,fit,0,0.9414477441462021,0.9890157004830917,0.9414477441462021,0.9890157004830917
0.47,tpr,0.9651162790697675,fit,0,0.9414477441462021,0.9890157004830917,0.9414477441462021,0.9890157004830917
0.48,tpr,0.9651162790697675,fit,0,0.9414477441462021,0.9890157004830917,0.9414477441462021,0.9890157004830917
0.49,tpr,0.9651162790697675,fit,0,0.9414477441462021,0.9890157004830917,0.9414477441462021,0.9890157004830917
0.5,tpr,0.9651162790697675,fit,0,0.9414477441462021,0.9890157004830917,0.9414477441462021,0.9890157004830917
0.51,tpr,0.9651162790697675,fit,0,0.9414477441462021,0.9890157004830917,0.9414477441462021,0.9890157004830917
0.52,tpr,0.9651162790697675,fit,0,0.9414477441462021,0.9890157004830917,0.9414477441462021,0.9890157004830917
0.53,tpr,0.9651162790697675,fit,0,0.9414477441462021,0.9890157004830917,0.9414477441462021,0.9890157004830917
0.54,tpr,0.9651162790697675,fit,0,0.9414477441462021,0.9890157004830917,0.9414477441462021,0.9890157004830917
0.55,tpr,0.9651162790697675,fit,0,0.9414477441462021,0.9890157004830917,0.9414477441462021,0.9890157004830917
0.56,tpr,0.9651162790697675,fit,0,0.9428389498432602,0.989480101984259,0.9428389498432602,0.989480101984259
0.57,tpr,0.9767441860465116,fit,0,0.9526470588235294,0.9958695652173912,0.9526470588235294,0.9958695652173912
0.58,tpr,0.9767441860465116,fit,0,0.9537032085561498,1.0,0.9537032085561498,1.0
0.59,tpr,0.9767441860465116,fit,0,0.9537032085561498,1.0,0.9537032085561498,1.0
0.6,tpr,0.9767441860465116,fit,0,0.9537032085561498,1.0,0.9537032085561498,1.0
0.61,tpr,0.9767441860465116,fit,0,0.9537032085561498,1.0,0.9537032085561498,1.0
0.62,tpr,0.9883720930232558,fit,0,0.9559591144149968,1.0,0.9559591144149968,1.0
0.63,tpr,0.9883720930232558,fit,0,0.960158371040724,1.0,0.960158371040724,1.0
0.64,tpr,0.9883720930232558,fit,0,0.960158371040724,1.0,0.960158371040724,1.0
0.65,tpr,0.9883720930232558,fit,0,0.960158371040724,1.0,0.960158371040724,1.0
0.66,tpr,0.9883720930232558,fit,0,0.960158371040724,1.0,0.960158371040724,1.0
0.67,tpr,0.9883720930232558,fit,0,0.960158371040724,1.0,0.960158371040724,1.0
0.68,tpr,0.9883720930232558,fit,0,0.960158371040724,1.0,0.960158371040724,1.0
0.69,tpr,0.9883720930232558,fit,0,0.960158371040724,1.0,0.960158371040724,1.0
0.7,tpr,0.9883720930232558,fit,0,0.960158371040724,1.0,0.960158371040724,1.0
0.71,tpr,0.9883720930232558,fit,0,0.9685160427807487,1.0,0.9685160427807487,1.0
0.72,tpr,1.0,fit,0,0.9854635416666667,1.0,0.9854635416666667,1.0
0.73,tpr,1.0,fit,0,1.0,1.0,1.0,1.0
0.74,tpr,1.0,fit,0,1.0,1.0,1.0,1.0
0.75,tpr,1.0,fit,0,1.0,1.0,1.0,1.0
0.76,tpr,1.0,fit,0,1.0,1.0,1.0,1.0
0.77,tpr,1.0,fit,0,1.0,1.0,1.0,1.0
0.78,tpr,1.0,fit,0,1.0,1.0,1.0,1.0
0.79,tpr,1.0,fit,0,1.0,1.0,1.0,1.0
0.8,tpr,1.0,fit,0,1.0,1.0,1.0,1.0
0.81,tpr,1.0,fit,0,1.0,1.0,1.0,1.0
0.82,tpr,1.0,fit,0,1.0,1.0,1.0,1.0
0.83,tpr,1.0,fit,0,1.0,1.0,1.0,1.0
0.84,tpr,1.0,fit,0,1.0,1.0,1.0,1.0
0.85,tpr,1.0,fit,0,1.0,1.0,1.0,1.0
0.86,tpr,1.0,fit,0,1.0,1.0,1.0,1.0
0.87,tpr,1.0,fit,0,1.0,1.0,1.0,1.0
0.88,tpr,1.0,fit,0,1.0,1.0,1.0,1.0
0.89,tpr,1.0,fit,0,1.0,1.0,1.0,1.0
0.9,tpr,1.0,fit,0,1.0,1.0,1.0,1.0
0.91,tpr,1.0,fit,0,1.0,1.0,1.0,1.0
0.92,tpr,1.0,fit,0,1.0,1.0,1.0,1.0
0.93,tpr,1.0,fit,0,1.0,1.0,1.0,1.0
0.94,tpr,1.0,fit,0,1.0,1.0,1.0,1.0
0.95,tpr,1.0,fit,0,1.0,1.0,1.0,1.0
0.96,tpr,1.0,fit,0,1.0,1.0,1.0,1.0
0.97,tpr,1.0,fit,0,1.0,1.0,1.0,1.0
0.98,tpr,1.0,fit,0,1.0,1.0,1.0,1.0
0.99,tpr,1.0,fit,0,1.0,1.0,1.0,1.0
1.0,tpr,1.0,fit,0,1.0,1.0,1.0,1.0
0.0,thr,inf,fit,0,699.1463532165842,,699.1463532165842,
0.01,thr,168.6079366843847,fit,0,136.19312048122723,203.5013702158908,136.19312048122723,203.5013702158908
0.02,thr,104.64323089586262,fit,0,91.85792665699972,117.67342595557841,91.85792665699972,117.67342595557841
0.03,thr,76.92664788097696,fit,0,68.81627325324838,88.18749176481802,68.81627325324838,88.18749176481802
0.04,thr,59.45990156495816,fit,0,55.76247903911897,69.53633653000264,55.76247903911897,69.53633653000264
0.05,thr,50.37217372556249,fit,0,46.785183351398935,56.06349136302857,46.785183351398935,56.06349136302857
0.06,thr,44.1633840314575,fit,0,40.968013355027736,47.43214890787799,40.968013355027736,47.43214890787799
0.07,thr,40.669665210600655,fit,0,36.03995101897407,42.59911136389431,36.03995101897407,42.59911136389431
0.08,thr,34.492560666409275,fit,0,31.337591292713434,37.66105381261224,31.337591292713434,37.66105381261224
0.09,thr,29.907539882788775,fit,0,27.576371333577356,32.87887590715607,27.576371333577356,32.87887590715607
0.1,thr,27.42268530568641,fit,0,25.14721497886509,29.617340922336457,25.14721497886509,29.617340922336457
0.11,thr,25.513991199538943,fit,0,22.901187015500035,26.72880045599749,22.901187015500035,26.72880045599749
0.12,thr,22.69196444631089,fit,0,21.025667175132188,24.133210895835013,21.025667175132188,24.133210895835013
0.13,thr,20.71442357189359,fit,0,19.403617343983775,22.360233619344296,19.403617343983775,22.360233619344296
0.14,thr,18.654218734998402,fit,0,18.068952547195593,20.77119837529712,18.068952547195593,20.77119837529712
0.15,thr,17.491820408779464,fit,0,16.578465433926056,18.960385290021943,16.578465433926056,18.960385290021943
0.16,thr,16.886639110926932,fit,0,15.254481876849821,18.010079795051407,15.254481876849821,18.010079795051407
0.17,thr,15.441626830821626,fit,0,14.398493333823673,16.422330798761404,14.398493333823673,16.422330798761404
0.18,thr,14.051432521295693,fit,0,13.282124921536333,15.191384219659374,13.282124921536333,15.191384219659374
0.19,thr,13.50271056904035,fit,0,12.712856090807712,14.330585889316126,12.712856090807712,14.330585889316126
0.2,thr,12.953988616785004,fit,0,12.080566631513504,13.462619715760468,12.080566631513504,13.462619715760468
0.21,thr,11.830957018948384,fit,0,11.316737165522566,12.798313935822959,11.316737165522566,12.798313935822959
0.22,thr,11.264024091592683,fit,0,10.55143227983934,12.191802988069625,10.55143227983934,12.191802988069625
0.23,thr,10.4439231523531,fit,0,9.95744066931436,11.534048129513339,9.95744066931436,11.534048129513339
0.24,thr,10.029668479688402,fit,0,9.344811460978734,10.65808183210818,9.344811460978734,10.65808183210818
0.25,thr,9.600050747789982,fit,0,8.883314012674814,10.09619206832685,8.883314012674814,10.09619206832685
0.26,thr,8.965029321215052,fit,0,8.613837786606997,9.631085059378574,8.613837786606997,9.631085059378574
0.27,thr,8.725980396082898,fit,0,8.0555265826009,9.093408408875206,8.0555265826009,9.093408408875206
0.28,thr,8.051844343319987,fit,0,7.633134155026163,8.702858373062089,7.633134155026163,8.702858373062089
0.29,thr,7.838581519821099,fit,0,7.267084342429165,8.23775014028713,7.267084342429165,8.23775014028713
0.3,thr,7.271909215312539,fit,0,7.004092427819223,7.802177297754101,7.004092427819223,7.802177297754101
0.31,thr,7.019491599759499,fit,0,6.682895440820519,7.497209745705149,6.682895440820519,7.497209745705149
0.32,thr,6.7670739842064584,fit,0,6.435700057504689,7.215141813096671,6.435700057504689,7.215141813096671
0.33,thr,6.5146563686534185,fit,0,6.166680727101793,6.913922860621402,6.166680727101793,6.913922860621402
0.34,thr,6.124433504733957,fit,0,5.881621806637172,6.6320015697169135,5.881621806637172,6.6320015697169135
0.35,thr,5.8723895399714205,fit,0,5.672049209529727,6.329251885611801,5.672049209529727,6.329251885611801
0.36,thr,5.757277760487501,fit,0,5.445847385418147,6.152509629935226,5.445847385418147,6.152509629935226
0.37,thr,5.642165981003581,fit,0,5.23508127501597,5.871486268607047,5.23508127501597,5.871486268607047
0.38,thr,5.418496947186141,fit,0,5.051112968686354,5.648621498283639,5.051112968686354,5.648621498283639
0.39,thr,5.139549041363718,fit,0,4.89968494906776,5.399119136089068,4.89968494906776,5.399119136089068
0.4,thr,4.970727835743809,fit,0,4.659074554286907,5.1971629997389,4.659074554286907,5.1971629997389
0.41,thr,4.670425714197973,fit,0,4.43672423614155,5.007241155027759,4.43672423614155,5.007241155027759
0.42,thr,4.4634794790380745,fit,0,4.18920634831696,4.835310559079275,4.18920634831696,4.835310559079275
0.43,thr,4.255048694166154,fit,0,4.006027192596454,4.5810946306517755,4.006027192596454,4.5810946306517755
0.44,thr,4.124093994290408,fit,0,3.850414260381439,4.336867180206261,3.850414260381439,4.336867180206261
0.45,thr,3.99313929441466,fit,0,3.7123494924006626,4.118313415539601,3.7123494924006626,4.118313415539601
0.46,thr,3.862184594538913,fit,0,3.5416048544157066,3.943501020205001,3.5416048544157066,3.943501020205001
0.47,thr,3.7312298946631657,fit,0,3.397977865384473,3.7636606927330276,3.397977865384473,3.7636606927330276
0.48,thr,3.600275194787418,fit,0,3.27722743996678,3.6566364475862185,3.27722743996678,3.6566364475862185
0.49,thr,3.469320494911671,fit,0,3.1186601255538107,3.4979731871264215,3.1186601255538107,3.4979731871264215
0.5,thr,3.338365795035924,fit,0,3.0175686360067315,3.36946522081695,3.0175686360067315,3.36946522081695
0.51,thr,3.2074110951601766,fit,0,2.8999521560048858,3.2216551108056013,2.8999521560048858,3.2216551108056013
0.52,thr,3.0764563952844295,fit,0,2.7923551086544696,3.075750949786704,2.7923551086544696,3.075750949786704
0.53,thr,2.945501695408682,fit,0,2.6918767719232624,2.9781723790794232,2.6918767719232624,2.9781723790794232
0.54,thr,2.8145469955329347,fit,0,2.537410325947901,2.834104095601616,2.537410325947901,2.834104095601616
0.55,thr,2.6835922956571876,fit,0,2.458375091421045,2.725756240980961,2.458375091421045,2.725756240980961
0.56,thr,2.55263759578144,fit,0,2.3371165447492874,2.587849571911589,2.3371165447492874,2.587849571911589
0.57,thr,2.3332262107569117,fit,0,2.209501404459651,2.474341695710267,2.209501404459651,2.474341695710267
0.58,thr,2.248682272074624,fit,0,2.1164852659508107,2.3879292747512335,2.1164852659508107,2.3879292747512335
0.59,thr,2.1641383333923354,fit,0,2.0287383123854443,2.260326471045041,2.0287383123854443,2.260326471045041
0.6,thr,2.079594394710047,fit,0,1.9320186028367807,2.173535993916224,1.9320186028367807,2.173535993916224
0.61,thr,1.9950504560277587,fit,0,1.8515612240311388,2.090877530522012,1.8515612240311388,2.090877530522012
0.62,thr,1.842151711498232,fit,0,1.7749461720106503,1.9911934787308163,1.7749461720106503,1.9911934787308163
0.63,thr,1.774917901017956,fit,0,1.707038875737408,1.8902068680025463,1.707038875737408,1.8902068680025463
0.64,thr,1.7076840905376804,fit,0,1.6246576582732366,1.7961702223864957,1.6246576582732366,1.7961702223864957
0.65,thr,1.6404502800574048,fit,0,1.534040855223621,1.7311746015291107,1.534040855223621,1.7311746015291107
0.66,thr,1.5732164695771291,fit,0,1.4669036801605333,1.6551914723243384,1.4669036801605333,1.6551914723243384
0.67,thr,1.5059826590968535,fit,0,1.4030936640384493,1.5766914339642732,1.4030936640384493,1.5766914339642732
0.68,thr,1.4387488486165776,fit,0,1.3113819604018346,1.5063833755374623,1.3113819604018346,1.5063833755374623
0.69,thr,1.371515038136302,fit,0,1.2432624685947933,1.4325369234884286,1.2432624685947933,1.4325369234884286
0.7,thr,1.3042812276560263,fit,0,1.1737668116401212,1.3541836827687233,1.1737668116401212,1.3541836827687233
0.71,thr,1.2370474171757504,fit,0,1.116224411802103,1.2859813800889113,1.116224411802103,1.2859813800889113
0.72,thr,1.1291095856050781,fit,0,1.0656397665815445,1.1991142599779552,1.0656397665815445,1.1991142599779552
0.73,thr,1.0889842965165515,fit,0,1.014304348535186,1.1240865433778089,1.014304348535186,1.1240865433778089
0.74,thr,1.0488590074280248,fit,0,0.9570563901060348,1.0761742216644075,0.9570563901060348,1.0761742216644075
0.75,thr,1.0087337183394982,fit,0,0.9052014117542858,1.0258552544579318,0.9052014117542858,1.0258552544579318
0.76,thr,0.9686084292509716,fit,0,0.8670751356299544,0.9784623914269753,0.8670751356299544,0.9784623914269753
0.77,thr,0.928483140162445,fit,0,0.8055353278205645,0.9157408543080439,0.8055353278205645,0.9157408543080439
0.78,thr,0.8883578510739184,fit,0,0.7652792764002666,0.8625201892090497,0.7652792764002666,0.8625201892090497
0.79,thr,0.8482325619853918,fit,0,0.7277084878237912,0.807855089135487,0.7277084878237912,0.807855089135487
0.8,thr,0.8081072728968651,fit,0,0.6812268353770129,0.7673961451374641,0.6812268353770129,0.7673961451374641
0.81,thr,0.7679819838083385,fit,0,0.640364739692361,0.727853937652941,0.640364739692361,0.727853937652941
0.82,thr,0.727856694719812,fit,0,0.5952546587619187,0.6806332710104978,0.5952546587619187,0.6806332710104978
0.83,thr,0.6877314056312853,fit,0,0.5561147566656304,0.6339189266435793,0.5561147566656304,0.6339189266435793
0.84,thr,0.6476061165427587,fit,0,0.5216475976689158,0.5873035738435148,0.5216475976689158,0.5873035738435148
0.85,thr,0.607480827454232,fit,0,0.4874856851023291,0.5497067357364471,0.4874856851023291,0.5497067357364471
0.86,thr,0.5673555383657054,fit,0,0.44690642913444567,0.5143008861572453,0.44690642913444567,0.5143008861572453
0.87,thr,0.5272302492771788,fit,0,0.41438542609085877,0.4792571212309617,0.41438542609085877,0.4792571212309617
0.88,thr,0.4871049601886521,fit,0,0.37222939514284303,0.4331344682813392,0.37222939514284303,0.4331344682813392
0.89,thr,0.4469796711001255,fit,0,0.3338465503527168,0.39776649039494505,0.3338465503527168,0.39776649039494505
0.9,thr,0.40685438201159885,fit,0,0.3048596586207722,0.3537508291292226,0.3048596586207722,0.3537508291292226
0.91,thr,0.3667290929230722,fit,0,0.27322289603797667,0.32069478976302057,0.27322289603797667,0.32069478976302057
0.92,thr,0.3266038038345457,fit,0,0.24192844735905103,0.28558178124469374,0.24192844735905103,0.28558178124469374
0.93,thr,0.28647851474601904,fit,0,0.21324608473288015,0.2515999616940104,0.21324608473288015,0.2515999616940104
0.94,thr,0.2463532256574924,fit,0,0.1883770956254462,0.21590233828529126,0.1883770956254462,0.21590233828529126
0.95,thr,0.20622793656896576,fit,0,0.16027321256587135,0.19356104244088654,0.16027321256587135,0.19356104244088654
0.96,thr,0.16610264748043924,fit,0,0.13271495802379318,0.1579659511876599,0.13271495802379318,0.1579659511876599
0.97,thr,0.1259773583919126,fit,0,0.10588874809774122,0.12945349319641902,0.10588874809774122,0.12945349319641902
0.98,thr,0.08585206930338596,fit,0,0.07674938310743462,0.09560482447570169,0.07674938310743462,0.09560482447570169
0.99,thr,0.04572678021485932,fit,0,0.04748890929072198,0.06391396038314565,0.04748890929072198,0.06391396038314565
1.0,thr,0.0056014911263326,fit,0,0.0056014911263326,0.015332155735988,0.0056014911263326,0.015332155735988
0.0,tpr,0.03488372093023256,fit-age-sex-bloods,0,0.005397727272727274,0.10844609340899158,0.005397727272727274,0.10844609340899158
0.01,tpr,0.27906976744186046,fit-age-sex-bloods,0,0.1870279146141215,0.36348339160839144,0.1870279146141215,0.36348339160839144
0.02,tpr,0.37209302325581395,fit-age-sex-bloods,0,0.2604130434782609,0.47959949937421775,0.2604130434782609,0.47959949937421775
0.03,tpr,0.46511627906976744,fit-age-sex-bloods,0,0.3375,0.5310160427807487,0.3375,0.5310160427807487
0.04,tpr,0.4883720930232558,fit-age-sex-bloods,0,0.37071141709695926,0.5586420932009167,0.37071141709695926,0.5586420932009167
0.05,tpr,0.5465116279069767,fit-age-sex-bloods,0,0.4250138888888889,0.6305392156862745,0.4250138888888889,0.6305392156862745
0.06,tpr,0.6046511627906976,fit-age-sex-bloods,0,0.4974009900990099,0.6779957156245816,0.4974009900990099,0.6779957156245816
0.07,tpr,0.627906976744186,fit-age-sex-bloods,0,0.5143461221122112,0.7138257575757574,0.5143461221122112,0.7138257575757574
0.08,tpr,0.6511627906976745,fit-age-sex-bloods,0,0.5476136363636364,0.7545351861993427,0.5476136363636364,0.7545351861993427
0.09,tpr,0.6627906976744186,fit-age-sex-bloods,0,0.5620693069306931,0.7575081168831168,0.5620693069306931,0.7575081168831168
0.1,tpr,0.686046511627907,fit-age-sex-bloods,0,0.575,0.7785353535353535,0.575,0.7785353535353535
0.11,tpr,0.6976744186046512,fit-age-sex-bloods,0,0.6097626511419615,0.7812744484431231,0.6097626511419615,0.7812744484431231
0.12,tpr,0.7325581395348837,fit-age-sex-bloods,0,0.63075,0.8135148195876288,0.63075,0.8135148195876288
0.13,tpr,0.7674418604651163,fit-age-sex-bloods,0,0.6777715980719318,0.8351788963007883,0.6777715980719318,0.8351788963007883
0.14,tpr,0.7674418604651163,fit-age-sex-bloods,0,0.6928930260047281,0.8351788963007883,0.6928930260047281,0.8351788963007883
0.15,tpr,0.7674418604651163,fit-age-sex-bloods,0,0.6928930260047281,0.8351788963007883,0.6928930260047281,0.8351788963007883
0.16,tpr,0.7790697674418605,fit-age-sex-bloods,0,0.7059027777777778,0.8457111052907281,0.7059027777777778,0.8457111052907281
0.17,tpr,0.7906976744186046,fit-age-sex-bloods,0,0.7119984567901234,0.866761892932555,0.7119984567901234,0.866761892932555
0.18,tpr,0.8023255813953488,fit-age-sex-bloods,0,0.723132183908046,0.8791735949451279,0.723132183908046,0.8791735949451279
0.19,tpr,0.8255813953488372,fit-age-sex-bloods,0,0.7344662309368192,0.902437990248039,0.7344662309368192,0.902437990248039
0.2,tpr,0.8372093023255814,fit-age-sex-bloods,0,0.75,0.9122427101200685,0.75,0.9122427101200685
0.21,tpr,0.8488372093023255,fit-age-sex-bloods,0,0.7736395646606914,0.9145643132481234,0.7736395646606914,0.9145643132481234
0.22,tpr,0.8488372093023255,fit-age-sex-bloods,0,0.7844073275862069,0.9212597114317425,0.7844073275862069,0.9212597114317425
0.23,tpr,0.872093023255814,fit-age-sex-bloods,0,0.8025462962962964,0.9436188255246979,0.8025462962962964,0.9436188255246979
0.24,tpr,0.8837209302325582,fit-age-sex-bloods,0,0.8239166666666666,0.9436188255246979,0.8239166666666666,0.9436188255246979
0.25,tpr,0.8837209302325582,fit-age-sex-bloods,0,0.8322791164658635,0.9548135852911134,0.8322791164658635,0.9548135852911134
0.26,tpr,0.8953488372093024,fit-age-sex-bloods,0,0.8322791164658635,0.9548135852911134,0.8322791164658635,0.9548135852911134
0.27,tpr,0.8953488372093024,fit-age-sex-bloods,0,0.8381024096385543,0.9548135852911134,0.8381024096385543,0.9548135852911134
0.28,tpr,0.8953488372093024,fit-age-sex-bloods,0,0.8381024096385543,0.9548135852911134,0.8381024096385543,0.9548135852911134
0.29,tpr,0.8953488372093024,fit-age-sex-bloods,0,0.8381024096385543,0.9548135852911134,0.8381024096385543,0.9548135852911134
0.3,tpr,0.8953488372093024,fit-age-sex-bloods,0,0.8381024096385543,0.9625146438612933,0.8381024096385543,0.9625146438612933
0.31,tpr,0.9069767441860465,fit-age-sex-bloods,0,0.8622737068965517,0.9766049382716049,0.8622737068965517,0.9766049382716049
0.32,tpr,0.9302325581395349,fit-age-sex-bloods,0,0.8862176724137931,0.9780314009661836,0.8862176724137931,0.9780314009661836
0.33,tpr,0.9418604651162791,fit-age-sex-bloods,0,0.8881597222222222,0.9831924315619966,0.8881597222222222,0.9831924315619966
0.34,tpr,0.9418604651162791,fit-age-sex-bloods,0,0.8967925963488844,0.9833034647550776,0.8967925963488844,0.9833034647550776
0.35,tpr,0.9418604651162791,fit-age-sex-bloods,0,0.8967925963488844,0.9833034647550776,0.8967925963488844,0.9833034647550776
0.36,tpr,0.9418604651162791,fit-age-sex-bloods,0,0.8967925963488844,0.9894722222222222,0.8967925963488844,0.9894722222222222
0.37,tpr,0.9534883720930233,fit-age-sex-bloods,0,0.9005864197530864,0.9895869565217391,0.9005864197530864,0.9895869565217391
0.38,tpr,0.9534883720930233,fit-age-sex-bloods,0,0.9085423197492163,0.9900519801980198,0.9085423197492163,0.9900519801980198
0.39,tpr,0.9534883720930233,fit-age-sex-bloods,0,0.9085423197492163,0.9900519801980198,0.9085423197492163,0.9900519801980198
0.4,tpr,0.9534883720930233,fit-age-sex-bloods,0,0.9085423197492163,0.9900519801980198,0.9085423197492163,0.9900519801980198
0.41,tpr,0.9534883720930233,fit-age-sex-bloods,0,0.9085423197492163,0.9900519801980198,0.9085423197492163,0.9900519801980198
0.42,tpr,0.9534883720930233,fit-age-sex-bloods,0,0.9085423197492163,0.9900519801980198,0.9085423197492163,0.9900519801980198
0.43,tpr,0.9534883720930233,fit-age-sex-bloods,0,0.9085423197492163,0.9900519801980198,0.9085423197492163,0.9900519801980198
0.44,tpr,0.9534883720930233,fit-age-sex-bloods,0,0.9085423197492163,0.9900519801980198,0.9085423197492163,0.9900519801980198
0.45,tpr,0.9534883720930233,fit-age-sex-bloods,0,0.9085423197492163,0.9900519801980198,0.9085423197492163,0.9900519801980198
0.46,tpr,0.9534883720930233,fit-age-sex-bloods,0,0.9085423197492163,0.9900519801980198,0.9085423197492163,0.9900519801980198
0.47,tpr,0.9534883720930233,fit-age-sex-bloods,0,0.9085423197492163,0.9900519801980198,0.9085423197492163,0.9900519801980198
0.48,tpr,0.9534883720930233,fit-age-sex-bloods,0,0.9085423197492163,0.9900519801980198,0.9085423197492163,0.9900519801980198
0.49,tpr,0.9534883720930233,fit-age-sex-bloods,0,0.9085423197492163,0.9900519801980198,0.9085423197492163,0.9900519801980198
0.5,tpr,0.9651162790697675,fit-age-sex-bloods,0,0.9140425640502194,1.0,0.9140425640502194,1.0
0.51,tpr,0.9651162790697675,fit-age-sex-bloods,0,0.9277042079207921,1.0,0.9277042079207921,1.0
0.52,tpr,0.9651162790697675,fit-age-sex-bloods,0,0.9308552406964835,1.0,0.9308552406964835,1.0
0.53,tpr,0.9651162790697675,fit-age-sex-bloods,0,0.9308552406964835,1.0,0.9308552406964835,1.0
0.54,tpr,0.9651162790697675,fit-age-sex-bloods,0,0.9308552406964835,1.0,0.9308552406964835,1.0
0.55,tpr,0.9651162790697675,fit-age-sex-bloods,0,0.9308552406964835,1.0,0.9308552406964835,1.0
0.56,tpr,0.9651162790697675,fit-age-sex-bloods,0,0.9308552406964835,1.0,0.9308552406964835,1.0
0.57,tpr,0.9767441860465116,fit-age-sex-bloods,0,0.9321264367816092,1.0,0.9321264367816092,1.0
0.58,tpr,0.9767441860465116,fit-age-sex-bloods,0,0.9433226495726496,1.0,0.9433226495726496,1.0
0.59,tpr,0.9767441860465116,fit-age-sex-bloods,0,0.9447344322344322,1.0,0.9447344322344322,1.0
0.6,tpr,0.9767441860465116,fit-age-sex-bloods,0,0.9447344322344322,1.0,0.9447344322344322,1.0
0.61,tpr,0.9767441860465116,fit-age-sex-bloods,0,0.9447344322344322,1.0,0.9447344322344322,1.0
0.62,tpr,0.9767441860465116,fit-age-sex-bloods,0,0.9447344322344322,1.0,0.9447344322344322,1.0
0.63,tpr,0.9883720930232558,fit-age-sex-bloods,0,0.9492124212421242,1.0,0.9492124212421242,1.0
0.64,tpr,0.9883720930232558,fit-age-sex-bloods,0,0.9607014272855857,1.0,0.9607014272855857,1.0
0.65,tpr,0.9883720930232558,fit-age-sex-bloods,0,0.9607014272855857,1.0,0.9607014272855857,1.0
0.66,tpr,0.9883720930232558,fit-age-sex-bloods,0,0.9607014272855857,1.0,0.9607014272855857,1.0
0.67,tpr,0.9883720930232558,fit-age-sex-bloods,0,0.9607014272855857,1.0,0.9607014272855857,1.0
0.68,tpr,0.9883720930232558,fit-age-sex-bloods,0,0.9607014272855857,1.0,0.9607014272855857,1.0
0.69,tpr,0.9883720930232558,fit-age-sex-bloods,0,0.9607014272855857,1.0,0.9607014272855857,1.0
0.7,tpr,0.9883720930232558,fit-age-sex-bloods,0,0.9607014272855857,1.0,0.9607014272855857,1.0
0.71,tpr,0.9883720930232558,fit-age-sex-bloods,0,0.9607014272855857,1.0,0.9607014272855857,1.0
0.72,tpr,0.9883720930232558,fit-age-sex-bloods,0,0.9607014272855857,1.0,0.9607014272855857,1.0
0.73,tpr,0.9883720930232558,fit-age-sex-bloods,0,0.9607014272855857,1.0,0.9607014272855857,1.0
0.74,tpr,0.9883720930232558,fit-age-sex-bloods,0,0.961038961038961,1.0,0.961038961038961,1.0
0.75,tpr,0.9883720930232558,fit-age-sex-bloods,0,0.9736623376623377,1.0,0.9736623376623377,1.0
0.76,tpr,1.0,fit-age-sex-bloods,0,1.0,1.0,1.0,1.0
0.77,tpr,1.0,fit-age-sex-bloods,0,1.0,1.0,1.0,1.0
0.78,tpr,1.0,fit-age-sex-bloods,0,1.0,1.0,1.0,1.0
0.79,tpr,1.0,fit-age-sex-bloods,0,1.0,1.0,1.0,1.0
0.8,tpr,1.0,fit-age-sex-bloods,0,1.0,1.0,1.0,1.0
0.81,tpr,1.0,fit-age-sex-bloods,0,1.0,1.0,1.0,1.0
0.82,tpr,1.0,fit-age-sex-bloods,0,1.0,1.0,1.0,1.0
0.83,tpr,1.0,fit-age-sex-bloods,0,1.0,1.0,1.0,1.0
0.84,tpr,1.0,fit-age-sex-bloods,0,1.0,1.0,1.0,1.0
0.85,tpr,1.0,fit-age-sex-bloods,0,1.0,1.0,1.0,1.0
0.86,tpr,1.0,fit-age-sex-bloods,0,1.0,1.0,1.0,1.0
0.87,tpr,1.0,fit-age-sex-bloods,0,1.0,1.0,1.0,1.0
0.88,tpr,1.0,fit-age-sex-bloods,0,1.0,1.0,1.0,1.0
0.89,tpr,1.0,fit-age-sex-bloods,0,1.0,1.0,1.0,1.0
0.9,tpr,1.0,fit-age-sex-bloods,0,1.0,1.0,1.0,1.0
0.91,tpr,1.0,fit-age-sex-bloods,0,1.0,1.0,1.0,1.0
0.92,tpr,1.0,fit-age-sex-bloods,0,1.0,1.0,1.0,1.0
0.93,tpr,1.0,fit-age-sex-bloods,0,1.0,1.0,1.0,1.0
0.94,tpr,1.0,fit-age-sex-bloods,0,1.0,1.0,1.0,1.0
0.95,tpr,1.0,fit-age-sex-bloods,0,1.0,1.0,1.0,1.0
0.96,tpr,1.0,fit-age-sex-bloods,0,1.0,1.0,1.0,1.0
0.97,tpr,1.0,fit-age-sex-bloods,0,1.0,1.0,1.0,1.0
0.98,tpr,1.0,fit-age-sex-bloods,0,1.0,1.0,1.0,1.0
0.99,tpr,1.0,fit-age-sex-bloods,0,1.0,1.0,1.0,1.0
1.0,tpr,1.0,fit-age-sex-bloods,0,1.0,1.0,1.0,1.0
0.0,thr,0.5261246281144509,fit-age-sex-bloods,0,0.39556628165793684,,0.39556628165793684,
0.01,thr,0.15596251176939552,fit-age-sex-bloods,0,0.13630111846967366,0.17765501141720474,0.13630111846967366,0.17765501141720474
0.02,thr,0.10696346387723249,fit-age-sex-bloods,0,0.09809497306260702,0.12363972839359937,0.09809497306260702,0.12363972839359937
0.03,thr,0.0817027765445918,fit-age-sex-bloods,0,0.07797809128588053,0.09598571319274295,0.07797809128588053,0.09598571319274295
0.04,thr,0.06782601919847706,fit-age-sex-bloods,0,0.06215198871233427,0.07734974901864526,0.06215198871233427,0.07734974901864526
0.05,thr,0.05694529563939575,fit-age-sex-bloods,0,0.0525232082257692,0.06329448021341103,0.0525232082257692,0.06329448021341103
0.06,thr,0.04732132604728845,fit-age-sex-bloods,0,0.046788150753256104,0.05513132975058364,0.046788150753256104,0.05513132975058364
0.07,thr,0.041891087962196996,fit-age-sex-bloods,0,0.039631331245510416,0.04860069316445392,0.039631331245510416,0.04860069316445392
0.08,thr,0.0373091807382937,fit-age-sex-bloods,0,0.035460584519560495,0.041960550263157974,0.035460584519560495,0.041960550263157974
0.09,thr,0.03308410814282785,fit-age-sex-bloods,0,0.031621054970356804,0.03727874843357107,0.031621054970356804,0.03727874843357107
0.1,thr,0.030849561245603452,fit-age-sex-bloods,0,0.028689749278121103,0.03377231349780443,0.028689749278121103,0.03377231349780443
0.11,thr,0.02901384442617615,fit-age-sex-bloods,0,0.025684981812267537,0.03039059468421378,0.025684981812267537,0.03039059468421378
0.12,thr,0.02533944545078385,fit-age-sex-bloods,0,0.022802857933870546,0.027892014287857658,0.022802857933870546,0.027892014287857658
0.13,thr,0.02246411782245855,fit-age-sex-bloods,0,0.020979407684960767,0.02540556226116889,0.020979407684960767,0.02540556226116889
0.14,thr,0.021416943559350803,fit-age-sex-bloods,0,0.019707632004496847,0.022673658766559412,0.019707632004496847,0.022673658766559412
0.15,thr,0.02036976929624305,fit-age-sex-bloods,0,0.018334679586861902,0.021059116841770014,0.018334679586861902,0.021059116841770014
0.16,thr,0.018557904826307252,fit-age-sex-bloods,0,0.017311137382255197,0.01973097110060565,0.017311137382255197,0.01973097110060565
0.17,thr,0.017448275876898248,fit-age-sex-bloods,0,0.016147986428533316,0.018470122894828852,0.016147986428533316,0.018470122894828852
0.18,thr,0.01636725506379105,fit-age-sex-bloods,0,0.01533504422098955,0.017613873703524914,0.01533504422098955,0.017613873703524914
0.19,thr,0.0151967678721252,fit-age-sex-bloods,0,0.014612117957327343,0.016544662020750524,0.014612117957327343,0.016544662020750524
0.2,thr,0.014632746324043,fit-age-sex-bloods,0,0.013878847929072555,0.015807230068545234,0.013878847929072555,0.015807230068545234
0.21,thr,0.014007471658249466,fit-age-sex-bloods,0,0.013106988826678314,0.014834602815614873,0.013106988826678314,0.014834602815614873
0.22,thr,0.013543903609607734,fit-age-sex-bloods,0,0.012263805917393992,0.014037588823576704,0.012263805917393992,0.014037588823576704
0.23,thr,0.01239099066450295,fit-age-sex-bloods,0,0.011733567896626147,0.013172391522169967,0.011733567896626147,0.013172391522169967
0.24,thr,0.011716212014858233,fit-age-sex-bloods,0,0.011017874804565998,0.012350903922932243,0.011017874804565998,0.012350903922932243
0.25,thr,0.011292192510439766,fit-age-sex-bloods,0,0.01041206828421874,0.011733961107644686,0.01041206828421874,0.011733961107644686
0.26,thr,0.010489523446082066,fit-age-sex-bloods,0,0.009918912143901204,0.011107717707862255,0.009918912143901204,0.011107717707862255
0.27,thr,0.010118716025368632,fit-age-sex-bloods,0,0.00943658464758856,0.01045702741355276,0.00943658464758856,0.01045702741355276
0.28,thr,0.0097479086046552,fit-age-sex-bloods,0,0.0090134664286305,0.009967545496515798,0.0090134664286305,0.009967545496515798
0.29,thr,0.009377101183941767,fit-age-sex-bloods,0,0.008644655849370873,0.009501758572388996,0.008644655849370873,0.009501758572388996
0.3,thr,0.009006293763228333,fit-age-sex-bloods,0,0.008158964243258028,0.009110664009218748,0.008158964243258028,0.009110664009218748
0.31,thr,0.00842286087411415,fit-age-sex-bloods,0,0.00784854173955875,0.008757050900451589,0.00784854173955875,0.008757050900451589
0.32,thr,0.00785392760143505,fit-age-sex-bloods,0,0.00750217371748535,0.008343024890927026,0.00750217371748535,0.008343024890927026
0.33,thr,0.00739663008354292,fit-age-sex-bloods,0,0.007196086649385813,0.007948040092273493,0.007196086649385813,0.007948040092273493
0.34,thr,0.00719123460497934,fit-age-sex-bloods,0,0.0068685929764652045,0.007624549777213465,0.0068685929764652045,0.007624549777213465
0.35,thr,0.0069858391264157604,fit-age-sex-bloods,0,0.006587081331616041,0.00727938792755249,0.006587081331616041,0.00727938792755249
0.36,thr,0.00678044364785218,fit-age-sex-bloods,0,0.006387754611560554,0.007005899793483257,0.006387754611560554,0.007005899793483257
0.37,thr,0.006383250553681043,fit-age-sex-bloods,0,0.006126334900098199,0.006693895209034922,0.006126334900098199,0.006693895209034922
0.38,thr,0.006210376117099086,fit-age-sex-bloods,0,0.005928469617507626,0.00647809492077426,0.005928469617507626,0.00647809492077426
0.39,thr,0.0060375016805171286,fit-age-sex-bloods,0,0.005681904520593303,0.006238546345818205,0.005681904520593303,0.006238546345818205
0.4,thr,0.005864627243935171,fit-age-sex-bloods,0,0.005508340322565876,0.006025869769886177,0.005508340322565876,0.006025869769886177
0.41,thr,0.005691752807353214,fit-age-sex-bloods,0,0.005265207486212401,0.005802473611783164,0.005265207486212401,0.005802473611783164
0.42,thr,0.005518878370771257,fit-age-sex-bloods,0,0.0050347655579061285,0.005559127637928442,0.0050347655579061285,0.005559127637928442
0.43,thr,0.0053460039341893,fit-age-sex-bloods,0,0.004898322703394431,0.005354882985321556,0.004898322703394431,0.005354882985321556
0.44,thr,0.005173129497607343,fit-age-sex-bloods,0,0.0047560471401332,0.005108807536129946,0.0047560471401332,0.005108807536129946
0.45,thr,0.005000255061025386,fit-age-sex-bloods,0,0.004612609373456617,0.004953158005274769,0.004612609373456617,0.004953158005274769
0.46,thr,0.004827380624443428,fit-age-sex-bloods,0,0.00445387266371783,0.004811222254939549,0.00445387266371783,0.004811222254939549
0.47,thr,0.004654506187861471,fit-age-sex-bloods,0,0.004296093327595109,0.004674353441805391,0.004296093327595109,0.004674353441805391
0.48,thr,0.004481631751279514,fit-age-sex-bloods,0,0.004154881813896758,0.004526427489188093,0.004154881813896758,0.004526427489188093
0.49,thr,0.004308757314697557,fit-age-sex-bloods,0,0.004005215566487878,0.004387713412078031,0.004005215566487878,0.004387713412078031
0.5,thr,0.004013772080975325,fit-age-sex-bloods,0,0.0038602126083110075,0.00425825226743995,0.0038602126083110075,0.00425825226743995
0.51,thr,0.00389652507984625,fit-age-sex-bloods,0,0.003737327361287679,0.004120789277978695,0.003737327361287679,0.004120789277978695
0.52,thr,0.003779278078717175,fit-age-sex-bloods,0,0.0035975666588782913,0.003970917753052901,0.0035975666588782913,0.003970917753052901
0.53,thr,0.0036620310775881,fit-age-sex-bloods,0,0.0034863210864816527,0.003817112337102874,0.0034863210864816527,0.003817112337102874
0.54,thr,0.003544784076459025,fit-age-sex-bloods,0,0.003352338997461486,0.0037062366491476587,0.003352338997461486,0.0037062366491476587
0.55,thr,0.00342753707532995,fit-age-sex-bloods,0,0.0032273408164510673,0.0035651609031644885,0.0032273408164510673,0.0035651609031644885
0.56,thr,0.003310290074200875,fit-age-sex-bloods,0,0.0031320591772462276,0.0034382257820558424,0.0031320591772462276,0.0034382257820558424
0.57,thr,0.0031001486918207284,fit-age-sex-bloods,0,0.003010010266607021,0.0033156773761715886,0.003010010266607021,0.0033156773761715886
0.58,thr,0.003008414705703757,fit-age-sex-bloods,0,0.0028908669520191655,0.003202386061978291,0.0028908669520191655,0.003202386061978291
0.59,thr,0.0029166807195867856,fit-age-sex-bloods,0,0.0028129439333549064,0.0031110810647967065,0.0028129439333549064,0.0031110810647967065
0.6,thr,0.0028249467334698145,fit-age-sex-bloods,0,0.0027187067848881874,0.0030082365078077326,0.0027187067848881874,0.0030082365078077326
0.61,thr,0.002733212747352843,fit-age-sex-bloods,0,0.0026347690558700928,0.002888194602588872,0.0026347690558700928,0.002888194602588872
0.62,thr,0.0026414787612358713,fit-age-sex-bloods,0,0.002526350828915949,0.0028009114053233835,0.002526350828915949,0.0028009114053233835
0.63,thr,0.0024856415584154712,fit-age-sex-bloods,0,0.002430165406022955,0.002685329836066095,0.002430165406022955,0.002685329836066095
0.64,thr,0.002422356435838343,fit-age-sex-bloods,0,0.002346818503505126,0.0025863366691107575,0.002346818503505126,0.0025863366691107575
0.65,thr,0.002359071313261214,fit-age-sex-bloods,0,0.002253600593492164,0.0024886692843223562,0.002253600593492164,0.0024886692843223562
0.66,thr,0.002295786190684086,fit-age-sex-bloods,0,0.0021831957863544887,0.0023939581976865315,0.0021831957863544887,0.0023939581976865315
0.67,thr,0.002232501068106957,fit-age-sex-bloods,0,0.0021107535790367464,0.0023087440736335174,0.0021107535790367464,0.0023087440736335174
0.68,thr,0.0021692159455298284,fit-age-sex-bloods,0,0.002042549005264811,0.002207406944963951,0.002042549005264811,0.002207406944963951
0.69,thr,0.0021059308229527,fit-age-sex-bloods,0,0.001968424477954965,0.0021327899817832037,0.001968424477954965,0.0021327899817832037
0.7,thr,0.0020426457003755714,fit-age-sex-bloods,0,0.0019185150024838525,0.0020530025434932347,0.0019185150024838525,0.0020530025434932347
0.71,thr,0.001979360577798443,fit-age-sex-bloods,0,0.0018618522922102675,0.0019939456195874035,0.0018618522922102675,0.0019939456195874035
0.72,thr,0.0019160754552213144,fit-age-sex-bloods,0,0.0017892485812272124,0.0019299486440843975,0.0017892485812272124,0.0019299486440843975
0.73,thr,0.0018527903326441858,fit-age-sex-bloods,0,0.001718832717988645,0.0018704535629990888,0.001718832717988645,0.0018704535629990888
0.74,thr,0.0017895052100670573,fit-age-sex-bloods,0,0.0016594989718247812,0.001804811641199205,0.0016594989718247812,0.001804811641199205
0.75,thr,0.0017262200874899286,fit-age-sex-bloods,0,0.0015959667755503612,0.0017443026329133499,0.0015959667755503612,0.0017443026329133499
0.76,thr,0.0015978273109397661,fit-age-sex-bloods,0,0.0015222712789409688,0.0016717334891257188,0.0015222712789409688,0.0016717334891257188
0.77,thr,0.0015338079399462323,fit-age-sex-bloods,0,0.0014624904256044875,0.001605755424694275,0.0014624904256044875,0.001605755424694275
0.78,thr,0.0014697885689526984,fit-age-sex-bloods,0,0.0014166320910813863,0.0015473831107257888,0.0014166320910813863,0.0015473831107257888
0.79,thr,0.0014057691979591645,fit-age-sex-bloods,0,0.00136525361869208,0.0014773856341899687,0.00136525361869208,0.0014773856341899687
0.8,thr,0.0013417498269656307,fit-age-sex-bloods,0,0.0013172665940894698,0.0014177164807165849,0.0013172665940894698,0.0014177164807165849
0.81,thr,0.0012777304559720968,fit-age-sex-bloods,0,0.0012706167154313789,0.0013691374812479624,0.0012706167154313789,0.0013691374812479624
0.82,thr,0.001213711084978563,fit-age-sex-bloods,0,0.0011988786066650275,0.0013193714987219487,0.0011988786066650275,0.0013193714987219487
0.83,thr,0.001149691713985029,fit-age-sex-bloods,0,0.001144571684007625,0.0012721698939004763,0.001144571684007625,0.0012721698939004763
0.84,thr,0.0010856723429914952,fit-age-sex-bloods,0,0.0010780708065015125,0.0012006284890061062,0.0010780708065015125,0.0012006284890061062
0.85,thr,0.0010216529719979613,fit-age-sex-bloods,0,0.0010184251204413824,0.0011358940134763662,0.0010184251204413824,0.0011358940134763662
0.86,thr,0.0009576336010044274,fit-age-sex-bloods,0,0.0009739574886720712,0.0010716504624529526,0.0009739574886720712,0.0010716504624529526
0.87,thr,0.0008936142300108934,fit-age-sex-bloods,0,0.0009255365814500387,0.0010121614233931074,0.0009255365814500387,0.0010121614233931074
0.88,thr,0.0008295948590173595,fit-age-sex-bloods,0,0.0008796608895830225,0.00096183284162903,0.0008796608895830225,0.00096183284162903
0.89,thr,0.0007655754880238257,fit-age-sex-bloods,0,0.0008327528563863899,0.0009150109341765913,0.0008327528563863899,0.0009150109341765913
0.9,thr,0.0007015561170302918,fit-age-sex-bloods,0,0.0007866167932360688,0.0008640593194660137,0.0007866167932360688,0.0008640593194660137
0.91,thr,0.0006375367460367579,fit-age-sex-bloods,0,0.0007381353899813451,0.0008086100677695912,0.0007381353899813451,0.0008086100677695912
0.92,thr,0.0005735173750432241,fit-age-sex-bloods,0,0.00067821688580503,0.000764013396276975,0.00067821688580503,0.000764013396276975
0.93,thr,0.0005094980040496902,fit-age-sex-bloods,0,0.0006195306649392301,0.0006953556643723462,0.0006195306649392301,0.0006953556643723462
0.94,thr,0.00044547863305615634,fit-age-sex-bloods,0,0.0005667967238512125,0.00063909525593385,0.0005667967238512125,0.00063909525593385
0.95,thr,0.0003814592620626225,fit-age-sex-bloods,0,0.0004982796080127925,0.0005722301236493199,0.0004982796080127925,0.0005722301236493199
0.96,thr,0.0003174398910690886,fit-age-sex-bloods,0,0.0004390619866049025,0.0005052044993285812,0.0004390619866049025,0.0005052044993285812
0.97,thr,0.00025342052007555475,fit-age-sex-bloods,0,0.0003562465697462325,0.00043741633044823994,0.0003562465697462325,0.00043741633044823994
0.98,thr,0.00018940114908202088,fit-age-sex-bloods,0,0.00028976355417829875,0.00033339688807245375,0.00028976355417829875,0.00033339688807245375
0.99,thr,0.0001253817780884868,fit-age-sex-bloods,0,0.00020638437421897625,0.00026155694011118874,0.00020638437421897625,0.00026155694011118874
1.0,thr,6.136240709495287e-05,fit-age-sex-bloods,0,6.136240709495287e-05,7.787793290588607e-05,6.136240709495287e-05,7.787793290588607e-05
0.0,tpr,0.0,fit-age-sex,0,0.0,0.041032311062431465,0.0,0.041032311062431465
0.01,tpr,0.2441860465116279,fit-age-sex,0,0.12875167672702884,0.31025223061084417,0.12875167672702884,0.31025223061084417
0.02,tpr,0.32558139534883723,fit-age-sex,0,0.1721359649122807,0.43059845559845555,0.1721359649122807,0.43059845559845555
0.03,tpr,0.37209302325581395,fit-age-sex,0,0.27569444444444446,0.45070297349709093,0.27569444444444446,0.45070297349709093
0.04,tpr,0.3953488372093023,fit-age-sex,0,0.29334273182957393,0.4611802413273001,0.29334273182957393,0.4611802413273001
0.05,tpr,0.45348837209302323,fit-age-sex,0,0.34343055555555557,0.528574660633484,0.34343055555555557,0.528574660633484
0.06,tpr,0.5116279069767442,fit-age-sex,0,0.40909444228527014,0.5922202797202797,0.40909444228527014,0.5922202797202797
0.07,tpr,0.5348837209302325,fit-age-sex,0,0.44653614457831325,0.6306966343238326,0.44653614457831325,0.6306966343238326
0.08,tpr,0.5697674418604651,fit-age-sex,0,0.4702161587526577,0.6530208002540488,0.4702161587526577,0.6530208002540488
0.09,tpr,0.5930232558139535,fit-age-sex,0,0.5056840264282938,0.6759262796027502,0.5056840264282938,0.6759262796027502
0.1,tpr,0.6162790697674418,fit-age-sex,0,0.5122159090909091,0.7016406249999999,0.5122159090909091,0.7016406249999999
0.11,tpr,0.627906976744186,fit-age-sex,0,0.5399133663366337,0.7283734939759035,0.5399133663366337,0.7283734939759035
0.12,tpr,0.6744186046511628,fit-age-sex,0,0.5618191489361702,0.7607407407407406,0.5618191489361702,0.7607407407407406
0.13,tpr,0.6744186046511628,fit-age-sex,0,0.5924880952380952,0.777156862745098,0.5924880952380952,0.777156862745098
0.14,tpr,0.7209302325581395,fit-age-sex,0,0.6203612027869454,0.8062627131904241,0.6203612027869454,0.8062627131904241
0.15,tpr,0.7209302325581395,fit-age-sex,0,0.6378789893617022,0.8083008658008658,0.6378789893617022,0.8083008658008658
0.16,tpr,0.7325581395348837,fit-age-sex,0,0.640354938271605,0.8187568455640745,0.640354938271605,0.8187568455640745
0.17,tpr,0.7441860465116279,fit-age-sex,0,0.656816390858944,0.8303977272727273,0.656816390858944,0.8303977272727273
0.18,tpr,0.7558139534883721,fit-age-sex,0,0.6629432624113475,0.8303977272727273,0.6629432624113475,0.8303977272727273
0.19,tpr,0.7558139534883721,fit-age-sex,0,0.6644791666666666,0.8333346065699007,0.6644791666666666,0.8333346065699007
0.2,tpr,0.7558139534883721,fit-age-sex,0,0.6666666666666666,0.8453082919914954,0.6666666666666666,0.8453082919914954
0.21,tpr,0.7674418604651163,fit-age-sex,0,0.7024410774410774,0.8501605731225296,0.7024410774410774,0.8501605731225296
0.22,tpr,0.7906976744186046,fit-age-sex,0,0.7134878419452888,0.8708404802744425,0.7134878419452888,0.8708404802744425
0.23,tpr,0.8023255813953488,fit-age-sex,0,0.7277205882352941,0.8743228849665247,0.7277205882352941,0.8743228849665247
0.24,tpr,0.8023255813953488,fit-age-sex,0,0.7277205882352941,0.8743228849665247,0.7277205882352941,0.8743228849665247
0.25,tpr,0.8023255813953488,fit-age-sex,0,0.737437343358396,0.8762382075471699,0.737437343358396,0.8762382075471699
0.26,tpr,0.8372093023255814,fit-age-sex,0,0.7621874999999999,0.9057769145394007,0.7621874999999999,0.9057769145394007
0.27,tpr,0.8372093023255814,fit-age-sex,0,0.7676564495530013,0.9057769145394007,0.7676564495530013,0.9057769145394007
0.28,tpr,0.8488372093023255,fit-age-sex,0,0.7841442307692308,0.9246348143639683,0.7841442307692308,0.9246348143639683
0.29,tpr,0.8604651162790697,fit-age-sex,0,0.7908564814814815,0.9263607138898127,0.7908564814814815,0.9263607138898127
0.3,tpr,0.872093023255814,fit-age-sex,0,0.8096266968325792,0.9405031892274982,0.8096266968325792,0.9405031892274982
0.31,tpr,0.8837209302325582,fit-age-sex,0,0.8159989316239316,0.9423418423973363,0.8159989316239316,0.9423418423973363
0.32,tpr,0.8837209302325582,fit-age-sex,0,0.8159989316239316,0.9423418423973363,0.8159989316239316,0.9423418423973363
0.33,tpr,0.8837209302325582,fit-age-sex,0,0.8159989316239316,0.9436188255246979,0.8159989316239316,0.9436188255246979
0.34,tpr,0.8837209302325582,fit-age-sex,0,0.8217532051282052,0.9523442827915435,0.8217532051282052,0.9523442827915435
0.35,tpr,0.9069767441860465,fit-age-sex,0,0.8404932159882654,0.9591153470185728,0.8404932159882654,0.9591153470185728
0.36,tpr,0.9186046511627907,fit-age-sex,0,0.8619152227722773,0.9616821857387895,0.8619152227722773,0.9616821857387895
0.37,tpr,0.9186046511627907,fit-age-sex,0,0.8619152227722773,0.9630995680836554,0.8619152227722773,0.9630995680836554
0.38,tpr,0.9186046511627907,fit-age-sex,0,0.8619152227722773,0.9791739130434782,0.8619152227722773,0.9791739130434782
0.39,tpr,0.9418604651162791,fit-age-sex,0,0.8841862623762377,0.9846011235955056,0.8841862623762377,0.9846011235955056
0.4,tpr,0.9534883720930233,fit-age-sex,0,0.9057692307692308,0.9883782320292405,0.9057692307692308,0.9883782320292405
0.41,tpr,0.9534883720930233,fit-age-sex,0,0.9147727272727273,0.9883782320292405,0.9147727272727273,0.9883782320292405
0.42,tpr,0.9534883720930233,fit-age-sex,0,0.9147727272727273,0.9883782320292405,0.9147727272727273,0.9883782320292405
0.43,tpr,0.9534883720930233,fit-age-sex,0,0.9147727272727273,0.9883782320292405,0.9147727272727273,0.9883782320292405
0.44,tpr,0.9534883720930233,fit-age-sex,0,0.9147727272727273,0.9887033963227784,0.9147727272727273,0.9887033963227784
0.45,tpr,0.9651162790697675,fit-age-sex,0,0.9233674463937622,0.9888295880149813,0.9233674463937622,0.9888295880149813
0.46,tpr,0.9651162790697675,fit-age-sex,0,0.9379679144385027,0.9890157004830917,0.9379679144385027,0.9890157004830917
0.47,tpr,0.9651162790697675,fit-age-sex,0,0.9414477441462021,0.9890157004830917,0.9414477441462021,0.9890157004830917
0.48,tpr,0.9651162790697675,fit-age-sex,0,0.9414477441462021,0.9890157004830917,0.9414477441462021,0.9890157004830917
0.49,tpr,0.9651162790697675,fit-age-sex,0,0.9414477441462021,0.9890157004830917,0.9414477441462021,0.9890157004830917
0.5,tpr,0.9651162790697675,fit-age-sex,0,0.9414477441462021,0.9890157004830917,0.9414477441462021,0.9890157004830917
0.51,tpr,0.9651162790697675,fit-age-sex,0,0.9414477441462021,0.9890157004830917,0.9414477441462021,0.9890157004830917
0.52,tpr,0.9651162790697675,fit-age-sex,0,0.9414477441462021,0.9890157004830917,0.9414477441462021,0.9890157004830917
0.53,tpr,0.9651162790697675,fit-age-sex,0,0.9414477441462021,0.9890157004830917,0.9414477441462021,0.9890157004830917
0.54,tpr,0.9651162790697675,fit-age-sex,0,0.9414477441462021,0.9890157004830917,0.9414477441462021,0.9890157004830917
0.55,tpr,0.9651162790697675,fit-age-sex,0,0.9414477441462021,0.9890157004830917,0.9414477441462021,0.9890157004830917
0.56,tpr,0.9651162790697675,fit-age-sex,0,0.9414477441462021,0.9890157004830917,0.9414477441462021,0.9890157004830917
0.57,tpr,0.9651162790697675,fit-age-sex,0,0.9414477441462021,0.989247311827957,0.9414477441462021,0.989247311827957
0.58,tpr,0.9767441860465116,fit-age-sex,0,0.9430187459599224,1.0,0.9430187459599224,1.0
0.59,tpr,0.9767441860465116,fit-age-sex,0,0.9461538461538461,1.0,0.9461538461538461,1.0
0.6,tpr,0.9767441860465116,fit-age-sex,0,0.9510990638701268,1.0,0.9510990638701268,1.0
0.61,tpr,0.9883720930232558,fit-age-sex,0,0.9559591144149968,1.0,0.9559591144149968,1.0
0.62,tpr,0.9883720930232558,fit-age-sex,0,0.960158371040724,1.0,0.960158371040724,1.0
0.63,tpr,0.9883720930232558,fit-age-sex,0,0.960158371040724,1.0,0.960158371040724,1.0
0.64,tpr,0.9883720930232558,fit-age-sex,0,0.960158371040724,1.0,0.960158371040724,1.0
0.65,tpr,0.9883720930232558,fit-age-sex,0,0.960158371040724,1.0,0.960158371040724,1.0
0.66,tpr,0.9883720930232558,fit-age-sex,0,0.960158371040724,1.0,0.960158371040724,1.0
0.67,tpr,0.9883720930232558,fit-age-sex,0,0.960158371040724,1.0,0.960158371040724,1.0
0.68,tpr,0.9883720930232558,fit-age-sex,0,0.960158371040724,1.0,0.960158371040724,1.0
0.69,tpr,0.9883720930232558,fit-age-sex,0,0.9702901353965184,1.0,0.9702901353965184,1.0
0.7,tpr,1.0,fit-age-sex,0,0.9868311688311688,1.0,0.9868311688311688,1.0
0.71,tpr,1.0,fit-age-sex,0,1.0,1.0,1.0,1.0
0.72,tpr,1.0,fit-age-sex,0,1.0,1.0,1.0,1.0
0.73,tpr,1.0,fit-age-sex,0,1.0,1.0,1.0,1.0
0.74,tpr,1.0,fit-age-sex,0,1.0,1.0,1.0,1.0
0.75,tpr,1.0,fit-age-sex,0,1.0,1.0,1.0,1.0
0.76,tpr,1.0,fit-age-sex,0,1.0,1.0,1.0,1.0
0.77,tpr,1.0,fit-age-sex,0,1.0,1.0,1.0,1.0
0.78,tpr,1.0,fit-age-sex,0,1.0,1.0,1.0,1.0
0.79,tpr,1.0,fit-age-sex,0,1.0,1.0,1.0,1.0
0.8,tpr,1.0,fit-age-sex,0,1.0,1.0,1.0,1.0
0.81,tpr,1.0,fit-age-sex,0,1.0,1.0,1.0,1.0
0.82,tpr,1.0,fit-age-sex,0,1.0,1.0,1.0,1.0
0.83,tpr,1.0,fit-age-sex,0,1.0,1.0,1.0,1.0
0.84,tpr,1.0,fit-age-sex,0,1.0,1.0,1.0,1.0
0.85,tpr,1.0,fit-age-sex,0,1.0,1.0,1.0,1.0
0.86,tpr,1.0,fit-age-sex,0,1.0,1.0,1.0,1.0
0.87,tpr,1.0,fit-age-sex,0,1.0,1.0,1.0,1.0
0.88,tpr,1.0,fit-age-sex,0,1.0,1.0,1.0,1.0
0.89,tpr,1.0,fit-age-sex,0,1.0,1.0,1.0,1.0
0.9,tpr,1.0,fit-age-sex,0,1.0,1.0,1.0,1.0
0.91,tpr,1.0,fit-age-sex,0,1.0,1.0,1.0,1.0
0.92,tpr,1.0,fit-age-sex,0,1.0,1.0,1.0,1.0
0.93,tpr,1.0,fit-age-sex,0,1.0,1.0,1.0,1.0
0.94,tpr,1.0,fit-age-sex,0,1.0,1.0,1.0,1.0
0.95,tpr,1.0,fit-age-sex,0,1.0,1.0,1.0,1.0
0.96,tpr,1.0,fit-age-sex,0,1.0,1.0,1.0,1.0
0.97,tpr,1.0,fit-age-sex,0,1.0,1.0,1.0,1.0
0.98,tpr,1.0,fit-age-sex,0,1.0,1.0,1.0,1.0
0.99,tpr,1.0,fit-age-sex,0,1.0,1.0,1.0,1.0
1.0,tpr,1.0,fit-age-sex,0,1.0,1.0,1.0,1.0
0.0,thr,inf,fit-age-sex,0,0.48552588830485305,,0.48552588830485305,
0.01,thr,0.14577614134829175,fit-age-sex,0,0.14435600815807526,0.20882077522522832,0.14435600815807526,0.20882077522522832
0.02,thr,0.11161342621093895,fit-age-sex,0,0.1014803660166834,0.13211108558491902,0.1014803660166834,0.13211108558491902
0.03,thr,0.08586226490227256,fit-age-sex,0,0.07963745769194881,0.10013974469743692,0.07963745769194881,0.10013974469743692
0.04,thr,0.07344858169182965,fit-age-sex,0,0.06269417199602167,0.07925503543820513,0.06269417199602167,0.07925503543820513
0.05,thr,0.05759138715230975,fit-age-sex,0,0.053633906772067294,0.06357900852433461,0.053633906772067294,0.06357900852433461
0.06,thr,0.051485946868124605,fit-age-sex,0,0.047649341923929854,0.05395451844183758,0.047649341923929854,0.05395451844183758
0.07,thr,0.0458440913134427,fit-age-sex,0,0.04105096100798155,0.04884932828456592,0.04105096100798155,0.04884932828456592
0.08,thr,0.03907400103601055,fit-age-sex,0,0.035672484638937275,0.04356291282767675,0.035672484638937275,0.04356291282767675
0.09,thr,0.0338754532131718,fit-age-sex,0,0.03202064489854322,0.03847289022756567,0.03202064489854322,0.03847289022756567
0.1,thr,0.0308258931893684,fit-age-sex,0,0.029122267388037998,0.0342487337945992,0.029122267388037998,0.0342487337945992
0.11,thr,0.0288835030105043,fit-age-sex,0,0.02636781507116183,0.031043441137840615,0.02636781507116183,0.031043441137840615
0.12,thr,0.025361091889112067,fit-age-sex,0,0.024420061326617653,0.028728920146774525,0.024420061326617653,0.028728920146774525
0.13,thr,0.02448018090117903,fit-age-sex,0,0.02239297852611909,0.026002676687129588,0.02239297852611909,0.026002676687129588
0.14,thr,0.021590348584475765,fit-age-sex,0,0.02069713676451016,0.024087108537397546,0.02069713676451016,0.024087108537397546
0.15,thr,0.020425395780207734,fit-age-sex,0,0.01921719772867557,0.021937862910045028,0.01921719772867557,0.021937862910045028
0.16,thr,0.01894785060010825,fit-age-sex,0,0.017645560428219038,0.020298432558212343,0.017645560428219038,0.020298432558212343
0.17,thr,0.0180439905666142,fit-age-sex,0,0.016811709659874004,0.019020564481138418,0.016811709659874004,0.019020564481138418
0.18,thr,0.0168158388543228,fit-age-sex,0,0.015698937514496636,0.01763383276578886,0.015698937514496636,0.01763383276578886
0.19,thr,0.0162135935505391,fit-age-sex,0,0.014932083698713574,0.01685679401406268,0.014932083698713574,0.01685679401406268
0.2,thr,0.015611348246755401,fit-age-sex,0,0.014152968933070595,0.015778577619088817,0.014152968933070595,0.015778577619088817
0.21,thr,0.014649393948218549,fit-age-sex,0,0.013469344024138073,0.015113155903311182,0.013469344024138073,0.015113155903311182
0.22,thr,0.013658577798250249,fit-age-sex,0,0.012807723130123747,0.014336451662795619,0.012807723130123747,0.014336451662795619
0.23,thr,0.012847919017005726,fit-age-sex,0,0.01220645545527656,0.013732585759743416,0.01220645545527656,0.013732585759743416
0.24,thr,0.01237016055562175,fit-age-sex,0,0.011503434356960957,0.012959321970148594,0.011503434356960957,0.012959321970148594
0.25,thr,0.011892402094237774,fit-age-sex,0,0.0108665737934714,0.012420305180044413,0.0108665737934714,0.012420305180044413
0.26,thr,0.0107737750784672,fit-age-sex,0,0.010421487272058641,0.011825600085821168,0.010421487272058641,0.011825600085821168
0.27,thr,0.0104473249159469,fit-age-sex,0,0.009981215061988619,0.011291829932938646,0.009981215061988619,0.011291829932938646
0.28,thr,0.01007106590234955,fit-age-sex,0,0.009532039044996611,0.010748227216495045,0.009532039044996611,0.010748227216495045
0.29,thr,0.00968267866850845,fit-age-sex,0,0.009105070538518896,0.010233110948447019,0.009105070538518896,0.010233110948447019
0.3,thr,0.0092498854877536,fit-age-sex,0,0.008644162920862694,0.00976427545606658,0.008644162920862694,0.00976427545606658
0.31,thr,0.00886747369675958,fit-age-sex,0,0.008324068072391416,0.009375847938406387,0.008324068072391416,0.009375847938406387
0.32,thr,0.00859177732342656,fit-age-sex,0,0.008032593224189344,0.008978646575481202,0.008032593224189344,0.008978646575481202
0.33,thr,0.00831608095009354,fit-age-sex,0,0.007757155891364581,0.008554401653336879,0.007757155891364581,0.008554401653336879
0.34,thr,0.00804038457676052,fit-age-sex,0,0.007450028792682068,0.008179454542557068,0.007450028792682068,0.008179454542557068
0.35,thr,0.00761269230938005,fit-age-sex,0,0.0071553850855824355,0.007943737237635714,0.0071553850855824355,0.007943737237635714
0.36,thr,0.007288358268325425,fit-age-sex,0,0.006879097924943788,0.007709225012045785,0.006879097924943788,0.007709225012045785
0.37,thr,0.0070794326181037506,fit-age-sex,0,0.006572079776403503,0.0073261136794975585,0.006572079776403503,0.0073261136794975585
0.38,thr,0.006870506967882075,fit-age-sex,0,0.006396652307961065,0.007040343051590968,0.006396652307961065,0.007040343051590968
0.39,thr,0.00645607443410015,fit-age-sex,0,0.006141926399424614,0.006759955946134913,0.006141926399424614,0.006759955946134913
0.4,thr,0.006120348280451417,fit-age-sex,0,0.005939152975509897,0.006518254873062256,0.005939152975509897,0.006518254873062256
0.41,thr,0.005948727400788733,fit-age-sex,0,0.005696364712411839,0.0063533107824096935,0.005696364712411839,0.0063533107824096935
0.42,thr,0.005777106521126049,fit-age-sex,0,0.005498844783289146,0.006113275669752249,0.005498844783289146,0.006113275669752249
0.43,thr,0.005605485641463366,fit-age-sex,0,0.005336123587464122,0.005866576993448476,0.005336123587464122,0.005866576993448476
0.44,thr,0.005433864761800683,fit-age-sex,0,0.005164757213448714,0.005641898747937827,0.005164757213448714,0.005641898747937827
0.45,thr,0.005129627469194971,fit-age-sex,0,0.005009436673658929,0.005464754898471217,0.005009436673658929,0.005464754898471217
0.46,thr,0.005000724861732543,fit-age-sex,0,0.004847573039115962,0.005288525473093582,0.004847573039115962,0.005288525473093582
0.47,thr,0.004871822254270114,fit-age-sex,0,0.004636484943552286,0.005090911530235561,0.004636484943552286,0.005090911530235561
0.48,thr,0.0047429196468076855,fit-age-sex,0,0.004473411558230701,0.0049426754400263935,0.004473411558230701,0.0049426754400263935
0.49,thr,0.004614017039345257,fit-age-sex,0,0.004348153576175043,0.004774313047949622,0.004348153576175043,0.004774313047949622
0.5,thr,0.004485114431882828,fit-age-sex,0,0.004207294378928889,0.004558169621264488,0.004207294378928889,0.004558169621264488
0.51,thr,0.0043562118244204005,fit-age-sex,0,0.004077283810584171,0.004410680939310664,0.004077283810584171,0.004410680939310664
0.52,thr,0.004227309216957971,fit-age-sex,0,0.003937263901067574,0.004274827651916101,0.003937263901067574,0.004274827651916101
0.53,thr,0.004098406609495543,fit-age-sex,0,0.003839652131191715,0.004127590805444118,0.003839652131191715,0.004127590805444118
0.54,thr,0.003969504002033114,fit-age-sex,0,0.003741501881876856,0.004016095946921775,0.003741501881876856,0.004016095946921775
0.55,thr,0.003840601394570686,fit-age-sex,0,0.0036358669283315624,0.003896247446195149,0.0036358669283315624,0.003896247446195149
0.56,thr,0.0037116987871082573,fit-age-sex,0,0.0035321986120610553,0.0037936284001818927,0.0035321986120610553,0.0037936284001818927
0.57,thr,0.0035827961796458287,fit-age-sex,0,0.003415801448264175,0.0036977041355058036,0.003415801448264175,0.0036977041355058036
0.58,thr,0.003380122699394875,fit-age-sex,0,0.003277222197307745,0.0035779395930599376,0.003277222197307745,0.0035779395930599376
0.59,thr,0.0033075378723638497,fit-age-sex,0,0.003153675368668704,0.003474015548085295,0.003153675368668704,0.003474015548085295
0.6,thr,0.0032349530453328248,fit-age-sex,0,0.0030639324611828624,0.003353730903156349,0.0030639324611828624,0.003353730903156349
0.61,thr,0.00308500269577163,fit-age-sex,0,0.0029726047280243637,0.003208976918316644,0.0029726047280243637,0.003208976918316644
0.62,thr,0.00300788126249466,fit-age-sex,0,0.002877034967046554,0.0030994990206915487,0.002877034967046554,0.0030994990206915487
0.63,thr,0.00293075982921769,fit-age-sex,0,0.0027971316573276272,0.0030109603131557488,0.0027971316573276272,0.0030109603131557488
0.64,thr,0.0028536383959407202,fit-age-sex,0,0.0027148076019139025,0.002910663295208251,0.0027148076019139025,0.002910663295208251
0.65,thr,0.00277651696266375,fit-age-sex,0,0.002615992275324936,0.0028425964397422363,0.002615992275324936,0.0028425964397422363
0.66,thr,0.0026993955293867803,fit-age-sex,0,0.0025382905742174226,0.0027611431393602674,0.0025382905742174226,0.0027611431393602674
0.67,thr,0.00262227409610981,fit-age-sex,0,0.0024421414271452047,0.002675194929869401,0.0024421414271452047,0.002675194929869401
0.68,thr,0.00254515266283284,fit-age-sex,0,0.0023742742850484987,0.0025978229783769837,0.0023742742850484987,0.0025978229783769837
0.69,thr,0.0024680312295558703,fit-age-sex,0,0.002312191463082675,0.0024978209668692552,0.002312191463082675,0.0024978209668692552
0.7,thr,0.0023319961391682774,fit-age-sex,0,0.002246063090519065,0.0024127538969250773,0.002246063090519065,0.0024127538969250773
0.71,thr,0.0022758918252099546,fit-age-sex,0,0.0021752230523862538,0.0023451525035595062,0.0021752230523862538,0.0023451525035595062
0.72,thr,0.002219787511251632,fit-age-sex,0,0.00211796197963321,0.002279728663881245,0.00211796197963321,0.002279728663881245
0.73,thr,0.0021636831972933093,fit-age-sex,0,0.0020720736734813677,0.0022015690734281212,0.0020720736734813677,0.0022015690734281212
0.74,thr,0.002107578883334987,fit-age-sex,0,0.002019546495454846,0.0021472047259259363,0.002019546495454846,0.0021472047259259363
0.75,thr,0.0020514745693766645,fit-age-sex,0,0.0019520951218250887,0.0021014416127913896,0.0019520951218250887,0.0021014416127913896
0.76,thr,0.0019953702554183416,fit-age-sex,0,0.001898547078683105,0.002039913441075426,0.001898547078683105,0.002039913441075426
0.77,thr,0.0019392659414600192,fit-age-sex,0,0.001851452084189654,0.0019765803801715114,0.001851452084189654,0.0019765803801715114
0.78,thr,0.0018831616275016966,fit-age-sex,0,0.0018072057811725451,0.0019167598420112787,0.0018072057811725451,0.0019167598420112787
0.79,thr,0.001827057313543374,fit-age-sex,0,0.00176330806170865,0.0018795064969547974,0.00176330806170865,0.0018795064969547974
0.8,thr,0.0017709529995850516,fit-age-sex,0,0.0017200773190475574,0.0018136115560618998,0.0017200773190475574,0.0018136115560618998
0.81,thr,0.0017148486856267287,fit-age-sex,0,0.001679954331185944,0.00176383371387925,0.001679954331185944,0.00176383371387925
0.82,thr,0.0016587443716684063,fit-age-sex,0,0.0016213246906040127,0.001717176988517175,0.0016213246906040127,0.001717176988517175
0.83,thr,0.0016026400577100837,fit-age-sex,0,0.0015690660080483088,0.0016700417467641537,0.0015690660080483088,0.0016700417467641537
0.84,thr,0.001546535743751761,fit-age-sex,0,0.0015335836411517238,0.0016127997626446586,0.0015335836411517238,0.0016127997626446586
0.85,thr,0.0014904314297934386,fit-age-sex,0,0.0014855695629411852,0.0015624985769591274,0.0014855695629411852,0.0015624985769591274
0.86,thr,0.0014343271158351158,fit-age-sex,0,0.0014498134626765064,0.0015217019618044324,0.0014498134626765064,0.0015217019618044324
0.87,thr,0.0013782228018767934,fit-age-sex,0,0.00141272633694845,0.0014732715402560649,0.00141272633694845,0.0014732715402560649
0.88,thr,0.0013221184879184708,fit-age-sex,0,0.0013809933123299538,0.0014365656307796164,0.0013809933123299538,0.0014365656307796164
0.89,thr,0.0012660141739601481,fit-age-sex,0,0.0013406331259249225,0.00139651483186865,0.0013406331259249225,0.00139651483186865
0.9,thr,0.0012099098600018257,fit-age-sex,0,0.0013075775228863,0.001355590393321575,0.0013075775228863,0.001355590393321575
0.91,thr,0.001153805546043503,fit-age-sex,0,0.00126867149771946,0.0013194993699952974,0.00126867149771946,0.0013194993699952974
0.92,thr,0.0010977012320851805,fit-age-sex,0,0.0012364610252074489,0.0012831316288459125,0.0012364610252074489,0.0012831316288459125
0.93,thr,0.0010415969181268578,fit-age-sex,0,0.001193097059670905,0.0012476847109734537,0.001193097059670905,0.0012476847109734537
0.94,thr,0.0009854926041685352,fit-age-sex,0,0.0011598498275264325,0.0012074474826305488,0.0011598498275264325,0.0012074474826305488
0.95,thr,0.0009293882902102128,fit-age-sex,0,0.0011231217710517937,0.0011725180991129212,0.0011231217710517937,0.0011725180991129212
0.96,thr,0.0008732839762518902,fit-age-sex,0,0.0010819524732156999,0.0011275112835868748,0.0010819524732156999,0.0011275112835868748
0.97,thr,0.0008171796622935676,fit-age-sex,0,0.0010427124819965287,0.00107719612863068,0.0010427124819965287,0.00107719612863068
0.98,thr,0.0007610753483352449,fit-age-sex,0,0.0009926063869809137,0.0010345708144878362,0.0009926063869809137,0.0010345708144878362
0.99,thr,0.0007049710343769225,fit-age-sex,0,0.0008997511871618263,0.000974830618269315,0.0008997511871618263,0.000974830618269315
1.0,thr,0.0006488667204186,fit-age-sex,0,0.0006488667204186,0.0007487219955089,0.0006488667204186,0.0007487219955089
0.0,tpr,0.0,fit-spline,0,0.0,0.0377569099929128,0.0,0.0377569099929128
0.01,tpr,0.22093023255813954,fit-spline,0,0.13484258492129247,0.309473587674248,0.13484258492129247,0.309473587674248
0.02,tpr,0.29069767441860467,fit-spline,0,0.20633333333333334,0.3876944971537002,0.20633333333333334,0.3876944971537002
0.03,tpr,0.37209302325581395,fit-spline,0,0.26230374396135264,0.44836278586278583,0.26230374396135264,0.44836278586278583
0.04,tpr,0.4186046511627907,fit-spline,0,0.3112990196078431,0.4897997496871089,0.3112990196078431,0.4897997496871089
0.05,tpr,0.46511627906976744,fit-spline,0,0.3648936170212766,0.5307259073842303,0.3648936170212766,0.5307259073842303
0.06,tpr,0.47674418604651164,fit-spline,0,0.36917105263157896,0.5500339548092358,0.36917105263157896,0.5500339548092358
0.07,tpr,0.5,fit-spline,0,0.4144791666666667,0.5766878342245989,0.4144791666666667,0.5766878342245989
0.08,tpr,0.5465116279069767,fit-spline,0,0.4511309523809524,0.6483323226197696,0.4511309523809524,0.6483323226197696
0.09,tpr,0.6162790697674418,fit-spline,0,0.49676637876553614,0.6967613636363635,0.49676637876553614,0.6967613636363635
0.1,tpr,0.627906976744186,fit-spline,0,0.5384224186307519,0.7223015774437958,0.5384224186307519,0.7223015774437958
0.11,tpr,0.627906976744186,fit-spline,0,0.5394886363636363,0.7223015774437958,0.5394886363636363,0.7223015774437958
0.12,tpr,0.6511627906976745,fit-spline,0,0.55497799779978,0.7405429943767573,0.55497799779978,0.7405429943767573
0.13,tpr,0.6744186046511628,fit-spline,0,0.589918946301925,0.7639204545454545,0.589918946301925,0.7639204545454545
0.14,tpr,0.7093023255813954,fit-spline,0,0.617686170212766,0.793051278618289,0.617686170212766,0.793051278618289
0.15,tpr,0.7209302325581395,fit-spline,0,0.6391752577319587,0.8102453102453102,0.6391752577319587,0.8102453102453102
0.16,tpr,0.7209302325581395,fit-spline,0,0.648301499032882,0.8181818181818182,0.648301499032882,0.8181818181818182
0.17,tpr,0.7325581395348837,fit-spline,0,0.6536326658322904,0.8181818181818182,0.6536326658322904,0.8181818181818182
0.18,tpr,0.7441860465116279,fit-spline,0,0.6629432624113475,0.825,0.6629432624113475,0.825
0.19,tpr,0.7441860465116279,fit-spline,0,0.6644791666666666,0.825,0.6644791666666666,0.825
0.2,tpr,0.7441860465116279,fit-spline,0,0.6644791666666666,0.8303977272727273,0.6644791666666666,0.8303977272727273
0.21,tpr,0.7558139534883721,fit-spline,0,0.6644791666666666,0.8303977272727273,0.6644791666666666,0.8303977272727273
0.22,tpr,0.7558139534883721,fit-spline,0,0.6644791666666666,0.8333346065699007,0.6644791666666666,0.8333346065699007
0.23,tpr,0.7674418604651163,fit-spline,0,0.6751255910165485,0.8522727272727273,0.6751255910165485,0.8522727272727273
0.24,tpr,0.813953488372093,fit-spline,0,0.722828939520458,0.8914418543740178,0.722828939520458,0.8914418543740178
0.25,tpr,0.8255813953488372,fit-spline,0,0.7628472222222222,0.895582171012735,0.7628472222222222,0.895582171012735
0.26,tpr,0.8372093023255814,fit-spline,0,0.7753722794959909,0.9058823529411765,0.7753722794959909,0.9058823529411765
0.27,tpr,0.8372093023255814,fit-spline,0,0.7753722794959909,0.9107186459489456,0.7753722794959909,0.9107186459489456
0.28,tpr,0.8604651162790697,fit-spline,0,0.7810591792228391,0.9286628259551243,0.7810591792228391,0.9286628259551243
0.29,tpr,0.8604651162790697,fit-spline,0,0.7947115384615384,0.9389920506769346,0.7947115384615384,0.9389920506769346
0.3,tpr,0.8837209302325582,fit-spline,0,0.8096266968325792,0.9423418423973363,0.8096266968325792,0.9423418423973363
0.31,tpr,0.8837209302325582,fit-spline,0,0.8159989316239316,0.9423418423973363,0.8159989316239316,0.9423418423973363
0.32,tpr,0.8837209302325582,fit-spline,0,0.8159989316239316,0.9423418423973363,0.8159989316239316,0.9423418423973363
0.33,tpr,0.8837209302325582,fit-spline,0,0.8159989316239316,0.9439465408805031,0.8159989316239316,0.9439465408805031
0.34,tpr,0.8953488372093024,fit-spline,0,0.8217532051282052,0.9453853046594982,0.8217532051282052,0.9453853046594982
0.35,tpr,0.9069767441860465,fit-spline,0,0.8270358499525166,0.9528884572697003,0.8270358499525166,0.9528884572697003
0.36,tpr,0.9069767441860465,fit-spline,0,0.8469907407407408,0.9528884572697003,0.8469907407407408,0.9528884572697003
0.37,tpr,0.9069767441860465,fit-spline,0,0.8469907407407408,0.9563082437275986,0.8469907407407408,0.9563082437275986
0.38,tpr,0.9186046511627907,fit-spline,0,0.8619152227722773,0.961038961038961,0.8619152227722773,0.961038961038961
0.39,tpr,0.9302325581395349,fit-spline,0,0.8796000788022065,0.9668713343108505,0.8796000788022065,0.9668713343108505
0.4,tpr,0.9302325581395349,fit-spline,0,0.8796000788022065,0.9768875502008032,0.8796000788022065,0.9768875502008032
0.41,tpr,0.9418604651162791,fit-spline,0,0.8888888888888888,0.9833880037488284,0.8888888888888888,0.9833880037488284
0.42,tpr,0.9534883720930233,fit-spline,0,0.901058681185723,0.9888295880149813,0.901058681185723,0.9888295880149813
0.43,tpr,0.9651162790697675,fit-spline,0,0.9233674463937622,0.9888295880149813,0.9233674463937622,0.9888295880149813
0.44,tpr,0.9651162790697675,fit-spline,0,0.9379679144385027,0.9890157004830917,0.9379679144385027,0.9890157004830917
0.45,tpr,0.9651162790697675,fit-spline,0,0.9414477441462021,0.9890157004830917,0.9414477441462021,0.9890157004830917
0.46,tpr,0.9651162790697675,fit-spline,0,0.9414477441462021,0.9890157004830917,0.9414477441462021,0.9890157004830917
0.47,tpr,0.9651162790697675,fit-spline,0,0.9414477441462021,0.9890157004830917,0.9414477441462021,0.9890157004830917
0.48,tpr,0.9651162790697675,fit-spline,0,0.9414477441462021,0.9890157004830917,0.9414477441462021,0.9890157004830917
0.49,tpr,0.9651162790697675,fit-spline,0,0.9414477441462021,0.9890157004830917,0.9414477441462021,0.9890157004830917
0.5,tpr,0.9651162790697675,fit-spline,0,0.9414477441462021,0.9890157004830917,0.9414477441462021,0.9890157004830917
0.51,tpr,0.9651162790697675,fit-spline,0,0.9414477441462021,0.9890157004830917,0.9414477441462021,0.9890157004830917
0.52,tpr,0.9651162790697675,fit-spline,0,0.9414477441462021,0.9890157004830917,0.9414477441462021,0.9890157004830917
0.53,tpr,0.9651162790697675,fit-spline,0,0.9414477441462021,0.9890157004830917,0.9414477441462021,0.9890157004830917
0.54,tpr,0.9651162790697675,fit-spline,0,0.9414477441462021,0.9890157004830917,0.9414477441462021,0.9890157004830917
0.55,tpr,0.9651162790697675,fit-spline,0,0.9414477441462021,0.9890157004830917,0.9414477441462021,0.9890157004830917
0.56,tpr,0.9651162790697675,fit-spline,0,0.9428389498432602,0.989480101984259,0.9428389498432602,0.989480101984259
0.57,tpr,0.9767441860465116,fit-spline,0,0.9526470588235294,0.9958695652173912,0.9526470588235294,0.9958695652173912
0.58,tpr,0.9767441860465116,fit-spline,0,0.9537032085561498,1.0,0.9537032085561498,1.0
0.59,tpr,0.9767441860465116,fit-spline,0,0.9537032085561498,1.0,0.9537032085561498,1.0
0.6,tpr,0.9767441860465116,fit-spline,0,0.9537032085561498,1.0,0.9537032085561498,1.0
0.61,tpr,0.9767441860465116,fit-spline,0,0.9537032085561498,1.0,0.9537032085561498,1.0
0.62,tpr,0.9883720930232558,fit-spline,0,0.9559591144149968,1.0,0.9559591144149968,1.0
0.63,tpr,0.9883720930232558,fit-spline,0,0.960158371040724,1.0,0.960158371040724,1.0
0.64,tpr,0.9883720930232558,fit-spline,0,0.960158371040724,1.0,0.960158371040724,1.0
0.65,tpr,0.9883720930232558,fit-spline,0,0.960158371040724,1.0,0.960158371040724,1.0
0.66,tpr,0.9883720930232558,fit-spline,0,0.960158371040724,1.0,0.960158371040724,1.0
0.67,tpr,0.9883720930232558,fit-spline,0,0.960158371040724,1.0,0.960158371040724,1.0
0.68,tpr,0.9883720930232558,fit-spline,0,0.960158371040724,1.0,0.960158371040724,1.0
0.69,tpr,0.9883720930232558,fit-spline,0,0.960158371040724,1.0,0.960158371040724,1.0
0.7,tpr,0.9883720930232558,fit-spline,0,0.960158371040724,1.0,0.960158371040724,1.0
0.71,tpr,0.9883720930232558,fit-spline,0,0.9685160427807487,1.0,0.9685160427807487,1.0
0.72,tpr,1.0,fit-spline,0,0.9854635416666667,1.0,0.9854635416666667,1.0
0.73,tpr,1.0,fit-spline,0,1.0,1.0,1.0,1.0
0.74,tpr,1.0,fit-spline,0,1.0,1.0,1.0,1.0
0.75,tpr,1.0,fit-spline,0,1.0,1.0,1.0,1.0
0.76,tpr,1.0,fit-spline,0,1.0,1.0,1.0,1.0
0.77,tpr,1.0,fit-spline,0,1.0,1.0,1.0,1.0
0.78,tpr,1.0,fit-spline,0,1.0,1.0,1.0,1.0
0.79,tpr,1.0,fit-spline,0,1.0,1.0,1.0,1.0
0.8,tpr,1.0,fit-spline,0,1.0,1.0,1.0,1.0
0.81,tpr,1.0,fit-spline,0,1.0,1.0,1.0,1.0
0.82,tpr,1.0,fit-spline,0,1.0,1.0,1.0,1.0
0.83,tpr,1.0,fit-spline,0,1.0,1.0,1.0,1.0
0.84,tpr,1.0,fit-spline,0,1.0,1.0,1.0,1.0
0.85,tpr,1.0,fit-spline,0,1.0,1.0,1.0,1.0
0.86,tpr,1.0,fit-spline,0,1.0,1.0,1.0,1.0
0.87,tpr,1.0,fit-spline,0,1.0,1.0,1.0,1.0
0.88,tpr,1.0,fit-spline,0,1.0,1.0,1.0,1.0
0.89,tpr,1.0,fit-spline,0,1.0,1.0,1.0,1.0
0.9,tpr,1.0,fit-spline,0,1.0,1.0,1.0,1.0
0.91,tpr,1.0,fit-spline,0,1.0,1.0,1.0,1.0
0.92,tpr,1.0,fit-spline,0,1.0,1.0,1.0,1.0
0.93,tpr,1.0,fit-spline,0,1.0,1.0,1.0,1.0
0.94,tpr,1.0,fit-spline,0,1.0,1.0,1.0,1.0
0.95,tpr,1.0,fit-spline,0,1.0,1.0,1.0,1.0
0.96,tpr,1.0,fit-spline,0,1.0,1.0,1.0,1.0
0.97,tpr,1.0,fit-spline,0,1.0,1.0,1.0,1.0
0.98,tpr,1.0,fit-spline,0,1.0,1.0,1.0,1.0
0.99,tpr,1.0,fit-spline,0,1.0,1.0,1.0,1.0
1.0,tpr,1.0,fit-spline,0,1.0,1.0,1.0,1.0
0.0,thr,inf,fit-spline,0,0.39626711632228684,,0.39626711632228684,
0.01,thr,0.17244861711544884,fit-spline,0,0.14935363388512304,0.19517887956182853,0.14935363388512304,0.19517887956182853
0.02,thr,0.12438911350773489,fit-spline,0,0.11341645026684095,0.13503728717235033,0.11341645026684095,0.13503728717235033
0.03,thr,0.09939982738342457,fit-spline,0,0.09116985090139264,0.11009583561067533,0.09116985090139264,0.11009583561067533
0.04,thr,0.08105102814607087,fit-spline,0,0.07687928912794592,0.09191885906853749,0.07687928912794592,0.09191885906853749
0.05,thr,0.07047176846282396,fit-spline,0,0.06620689642069273,0.07722311260496671,0.06620689642069273,0.07722311260496671
0.06,thr,0.0629313204289053,fit-spline,0,0.05888220068382546,0.06699986502876876,0.05888220068382546,0.06699986502876876
0.07,thr,0.058483888331876885,fit-spline,0,0.052407035465039255,0.06096983012715867,0.052407035465039255,0.06096983012715867
0.08,thr,0.05031650528076076,fit-spline,0,0.04598717873354793,0.05456475061844106,0.04598717873354793,0.05456475061844106
0.09,thr,0.04398622854613039,fit-spline,0,0.040679771739860655,0.048118128488618066,0.040679771739860655,0.048118128488618066
0.1,thr,0.04042028746623602,fit-spline,0,0.037169973904283386,0.04357914678475815,0.037169973904283386,0.04357914678475815
0.11,thr,0.03766480383439556,fit-spline,0,0.03386866990846642,0.0394624476026336,0.03386866990846642,0.0394624476026336
0.12,thr,0.03355802196861313,fit-spline,0,0.031072202842328377,0.03568612799002639,0.031072202842328377,0.03568612799002639
0.13,thr,0.030602671998269028,fit-spline,0,0.02862605694522023,0.03306572777850623,0.02862605694522023,0.03306572777850623
0.14,thr,0.027486492435596956,fit-spline,0,0.026595403551041508,0.030690101183793384,0.026595403551041508,0.030690101183793384
0.15,thr,0.02570986404666973,fit-spline,0,0.024310365945961785,0.02795341628759806,0.024310365945961785,0.02795341628759806
0.16,thr,0.024781490693605194,fit-spline,0,0.022267433380289407,0.026505476061925683,0.022267433380289407,0.026505476061925683
0.17,thr,0.022554818177229298,fit-spline,0,0.02094111386521894,0.02407008345144701,0.02094111386521894,0.02407008345144701
0.18,thr,0.02040077602276951,fit-spline,0,0.01920643595842667,0.02216980166384197,0.01920643595842667,0.02216980166384197
0.19,thr,0.019547632717825253,fit-spline,0,0.018320369903483808,0.020835742804135145,0.018320369903483808,0.020835742804135145
0.2,thr,0.018694489412880995,fit-spline,0,0.017335559955948984,0.019487197363924055,0.017335559955948984,0.019487197363924055
0.21,thr,0.01694693379598813,fit-spline,0,0.016145725658664276,0.018453430583197664,0.016145725658664276,0.018453430583197664
0.22,thr,0.016064011162512784,fit-spline,0,0.014954493725209003,0.017508842020562725,0.014954493725209003,0.017508842020562725
0.23,thr,0.014787425828960588,fit-spline,0,0.014031407143853074,0.016484195973779578,0.014031407143853074,0.016484195973779578
0.24,thr,0.014143538626979459,fit-spline,0,0.013086127300172216,0.015120396535605256,0.013086127300172216,0.015120396535605256
0.25,thr,0.013480801048075468,fit-spline,0,0.012381218241848138,0.014246859498577024,0.012381218241848138,0.014246859498577024
0.26,thr,0.012507297487957918,fit-spline,0,0.011972593551763042,0.013526516709419735,0.011972593551763042,0.013526516709419735
0.27,thr,0.012144120987993404,fit-spline,0,0.011133372173180498,0.012701413470002058,0.011133372173180498,0.012701413470002058
0.28,thr,0.011129357206587287,fit-spline,0,0.010505270810560859,0.012107325876057581,0.010505270810560859,0.012107325876057581
0.29,thr,0.010811521233755873,fit-spline,0,0.009965960097222823,0.01140617751667752,0.009965960097222823,0.01140617751667752
0.3,thr,0.009977796480275372,fit-spline,0,0.00958149136419529,0.010755883734082082,0.00958149136419529,0.010755883734082082
0.31,thr,0.009611142386380781,fit-spline,0,0.009115451744896889,0.010304487736052456,0.009115451744896889,0.010304487736052456
0.32,thr,0.009244488292486192,fit-spline,0,0.008759527668122756,0.009889864379040617,0.008759527668122756,0.009889864379040617
0.33,thr,0.008877834198591601,fit-spline,0,0.008375004107718848,0.009450350827721372,0.008375004107718848,0.009450350827721372
0.34,thr,0.00831513476617805,fit-spline,0,0.00797067292463316,0.00904196732361699,0.00797067292463316,0.00904196732361699
0.35,thr,0.00795848737699604,fit-spline,0,0.007675732869140024,0.008606997862411505,0.007675732869140024,0.008606997862411505
0.36,thr,0.007796566475561192,fit-spline,0,0.007359476904830285,0.008354752810019626,0.007359476904830285,0.008354752810019626
0.37,thr,0.0076346455741263435,fit-spline,0,0.007066966062965058,0.007956355766195205,0.007066966062965058,0.007956355766195205
0.38,thr,0.007321661602923071,fit-spline,0,0.006813304945619984,0.007642824286625797,0.006813304945619984,0.007642824286625797
0.39,thr,0.006936392765891426,fit-spline,0,0.006605748467945003,0.007294437854642999,0.006605748467945003,0.007294437854642999
0.4,thr,0.0067043605422490125,fit-spline,0,0.0062782971981014245,0.007014527937161722,0.0062782971981014245,0.007014527937161722
0.41,thr,0.006294106878484418,fit-spline,0,0.005978332208054972,0.006753054665209179,0.005978332208054972,0.006753054665209179
0.42,thr,0.006014431888652461,fit-spline,0,0.005647479595485096,0.006517869856205644,0.005647479595485096,0.006517869856205644
0.43,thr,0.005742432712268153,fit-spline,0,0.005404798439192046,0.006172804562805599,0.005404798439192046,0.006172804562805599
0.44,thr,0.0055746086585598265,fit-spline,0,0.005200137649281316,0.005844452640283796,0.005200137649281316,0.005844452640283796
0.45,thr,0.0054067846048515,fit-spline,0,0.0050197374787283025,0.0055533637572892204,0.0050197374787283025,0.0055533637572892204
0.46,thr,0.005238960551143174,fit-spline,0,0.004798220616864156,0.005322405975513149,0.004798220616864156,0.005322405975513149
0.47,thr,0.005071136497434847,fit-spline,0,0.004613274044781942,0.005086651073553063,0.004613274044781942,0.005086651073553063
0.48,thr,0.004903312443726521,fit-spline,0,0.004458800277381055,0.004947262930171022,0.004458800277381055,0.004947262930171022
0.49,thr,0.004735488390018194,fit-spline,0,0.004257388939776887,0.004741900001716943,0.004257388939776887,0.004741900001716943
0.5,thr,0.004567664336309868,fit-spline,0,0.004129860689081369,0.004576714114785955,0.004129860689081369,0.004576714114785955
0.51,thr,0.0043998402826015415,fit-spline,0,0.003982372644475649,0.004388022525046503,0.003982372644475649,0.004388022525046503
0.52,thr,0.004232016228893215,fit-spline,0,0.0038482910147801938,0.004203174980335094,0.0038482910147801938,0.004203174980335094
0.53,thr,0.004064192175184889,fit-spline,0,0.0037238358292643096,0.004080353961037469,0.0037238358292643096,0.004080353961037469
0.54,thr,0.0038963681214765618,fit-spline,0,0.003533962643568771,0.00390021652918597,0.003533962643568771,0.00390021652918597
0.55,thr,0.0037285440677682353,fit-spline,0,0.003437510291735565,0.0037657216941541865,0.003437510291735565,0.0037657216941541865
0.56,thr,0.003560720014059909,fit-spline,0,0.003290481889317319,0.0035957675007148747,0.003290481889317319,0.0035957675007148747
0.57,thr,0.0032872488403130266,fit-spline,0,0.003137003083379315,0.003456958364098106,0.003137003083379315,0.003456958364098106
0.58,thr,0.0031863530191275757,fit-spline,0,0.0030259872895409333,0.0033519481022778984,0.0030259872895409333,0.0033519481022778984
0.59,thr,0.003085457197942125,fit-spline,0,0.0029219258007587507,0.003197966836204348,0.0029219258007587507,0.003197966836204348
0.6,thr,0.002984561376756674,fit-spline,0,0.0028079990277959316,0.0030939958949171573,0.0028079990277959316,0.0030939958949171573
0.61,thr,0.0028836655555712232,fit-spline,0,0.002713859093405578,0.0029955484515232986,0.002713859093405578,0.0029955484515232986
0.62,thr,0.002705080208868393,fit-spline,0,0.00262476125992928,0.0028776032513960982,0.00262476125992928,0.0028776032513960982
0.63,thr,0.0026287041358918147,fit-spline,0,0.002546246900365703,0.0027590094845914913,0.002546246900365703,0.0027590094845914913
0.64,thr,0.0025523280629152364,fit-spline,0,0.002451585850630401,0.002649390586244893,0.002451585850630401,0.002649390586244893
0.65,thr,0.002475951989938658,fit-spline,0,0.002348225299816706,0.002574106352631358,0.002348225299816706,0.002574106352631358
0.66,thr,0.0023995759169620798,fit-spline,0,0.0022721740668606204,0.002486595347881434,0.0022721740668606204,0.002486595347881434
0.67,thr,0.0023231998439855015,fit-spline,0,0.0022003195731027294,0.0023967745517544654,0.0022003195731027294,0.0023967745517544654
0.68,thr,0.002246823771008923,fit-spline,0,0.0020977923401729296,0.002316841849796164,0.0020977923401729296,0.002316841849796164
0.69,thr,0.002170447698032345,fit-spline,0,0.002022225119414207,0.002233422918766371,0.002022225119414207,0.002233422918766371
0.7,thr,0.0020940716250557666,fit-spline,0,0.0019456618804312494,0.002145537509788115,0.0019456618804312494,0.002145537509788115
0.71,thr,0.0020176955520791883,fit-spline,0,0.0018826751392008235,0.0020695603553771676,0.0018826751392008235,0.0020695603553771676
0.72,thr,0.0018998109738870231,fit-spline,0,0.001827623314457274,0.001973522490819348,0.001827623314457274,0.001973522490819348
0.73,thr,0.001858937544889582,fit-spline,0,0.0017720631957377985,0.001891258634295968,0.0017720631957377985,0.001891258634295968
0.74,thr,0.0018180641158921406,fit-spline,0,0.0017104790050684463,0.001839065051847724,0.0017104790050684463,0.001839065051847724
0.75,thr,0.0017771906868946994,fit-spline,0,0.001655042640364005,0.0017845373065528585,0.001655042640364005,0.0017845373065528585
0.76,thr,0.0017363172578972583,fit-spline,0,0.0016144993239354088,0.0017334589648034839,0.0016144993239354088,0.0017334589648034839
0.77,thr,0.001695443828899817,fit-spline,0,0.0015494541463010776,0.0016662825204715606,0.0015494541463010776,0.0016662825204715606
0.78,thr,0.0016545703999023757,fit-spline,0,0.001507170107568724,0.0016096703904923532,0.001507170107568724,0.0016096703904923532
0.79,thr,0.0016136969709049345,fit-spline,0,0.0014679016942594982,0.0015518943960358413,0.0014679016942594982,0.0015518943960358413
0.8,thr,0.0015728235419074934,fit-spline,0,0.0014195877675418445,0.0015093866518094473,0.0014195877675418445,0.0015093866518094473
0.81,thr,0.0015319501129100522,fit-spline,0,0.0013773625360131206,0.001468053298431275,0.0013773625360131206,0.001468053298431275
0.82,thr,0.001491076683912611,fit-spline,0,0.001331023429889737,0.0014189727184814387,0.001331023429889737,0.0014189727184814387
0.83,thr,0.0014502032549151699,fit-spline,0,0.0012910545217390422,0.0013707236662995675,0.0012910545217390422,0.0013707236662995675
0.84,thr,0.0014093298259177285,fit-spline,0,0.0012560449871904934,0.0013228862808424497,0.0012560449871904934,0.0013228862808424497
0.85,thr,0.0013684563969202873,fit-spline,0,0.0012215221657480963,0.001284532870313321,0.0012215221657480963,0.001284532870313321
0.86,thr,0.001327582967922846,fit-spline,0,0.0011807464233871121,0.0012486062660110927,0.0011807464233871121,0.0012486062660110927
0.87,thr,0.0012867095389254048,fit-spline,0,0.0011482534525912968,0.001213233053223389,0.0011482534525912968,0.001213233053223389
0.88,thr,0.0012458361099279636,fit-spline,0,0.0011063853896406788,0.001166966284180495,0.0011063853896406788,0.001166966284180495
0.89,thr,0.0012049626809305224,fit-spline,0,0.0010685166736631596,0.0011317139398790864,0.0010685166736631596,0.0011317139398790864
0.9,thr,0.0011640892519330813,fit-spline,0,0.0010400815016063047,0.0010881244006228342,0.0010400815016063047,0.0010881244006228342
0.91,thr,0.00112321582293564,fit-spline,0,0.0010092093060025185,0.0010555976463561955,0.0010092093060025185,0.0010555976463561955
0.92,thr,0.001082342393938199,fit-spline,0,0.000978839976017206,0.0010212482807847294,0.000978839976017206,0.0010212482807847294
0.93,thr,0.0010414689649407575,fit-spline,0,0.000951158532035149,0.0009882070227579557,0.000951158532035149,0.0009882070227579557
0.94,thr,0.0010005955359433164,fit-spline,0,0.000927276997343666,0.0009537157982594142,0.000927276997343666,0.0009537157982594142
0.95,thr,0.0009597221069458752,fit-spline,0,0.0009004247887043064,0.0009322457008838848,0.0009004247887043064,0.0009322457008838848
0.96,thr,0.000918848677948434,fit-spline,0,0.0008742371080926313,0.0008982268189014394,0.0008742371080926313,0.0008982268189014394
0.97,thr,0.0008779752489509927,fit-spline,0,0.0008488831486022252,0.0008711472504513976,0.0008488831486022252,0.0008711472504513976
0.98,thr,0.0008371018199535515,fit-spline,0,0.0008215008366451762,0.000839201435507302,0.0008215008366451762,0.000839201435507302
0.99,thr,0.0007962283909561103,fit-spline,0,0.0007941735293624713,0.0008094924746222362,0.0007941735293624713,0.0008094924746222362
1.0,thr,0.000755354961958669,fit-spline,0,0.000755354961958669,0.0007643405370588225,0.000755354961958669,0.0007643405370588225
